,Time,1
S/N,,959041
Type,,TGP-4020
Description,,B_25
Property,,Temperature
1,2025-10-19 15:53:00,22.659 °C
2,2025-10-19 16:03:00,22.654 °C
3,2025-10-19 16:13:00,22.651 °C
4,2025-10-19 16:23:00,22.645 °C
5,2025-10-19 16:33:00,22.635 °C
6,2025-10-19 16:43:00,22.620 °C
7,2025-10-19 16:53:00,22.603 °C
8,2025-10-19 17:03:00,22.588 °C
9,2025-10-19 17:13:00,22.571 °C
10,2025-10-19 17:23:00,22.551 °C
11,2025-10-19 17:33:00,22.531 °C
12,2025-10-19 17:43:00,22.508 °C
13,2025-10-19 17:53:00,22.484 °C
14,2025-10-19 18:03:00,22.461 °C
15,2025-10-19 18:13:00,22.438 °C
16,2025-10-19 18:23:00,22.415 °C
17,2025-10-19 18:33:00,22.391 °C
18,2025-10-19 18:43:00,22.367 °C
19,2025-10-19 18:53:00,22.343 °C
20,2025-10-19 19:03:00,22.320 °C
21,2025-10-19 19:13:00,22.289 °C
22,2025-10-19 19:23:00,22.266 °C
23,2025-10-19 19:33:00,22.250 °C
24,2025-10-19 19:43:00,22.240 °C
25,2025-10-19 19:53:00,22.239 °C
26,2025-10-19 20:03:00,22.242 °C
27,2025-10-19 20:13:00,22.236 °C
28,2025-10-19 20:23:00,22.243 °C
29,2025-10-19 20:33:00,22.250 °C
30,2025-10-19 20:43:00,22.246 °C
31,2025-10-19 20:53:00,22.236 °C
32,2025-10-19 21:03:00,22.224 °C
33,2025-10-19 21:13:00,22.210 °C
34,2025-10-19 21:23:00,22.194 °C
35,2025-10-19 21:33:00,22.178 °C
36,2025-10-19 21:43:00,22.162 °C
37,2025-10-19 21:53:00,22.145 °C
38,2025-10-19 22:03:00,22.128 °C
39,2025-10-19 22:13:00,22.109 °C
40,2025-10-19 22:23:00,22.090 °C
41,2025-10-19 22:33:00,22.074 °C
42,2025-10-19 22:43:00,22.060 °C
43,2025-10-19 22:53:00,22.048 °C
44,2025-10-19 23:03:00,22.040 °C
45,2025-10-19 23:13:00,22.034 °C
46,2025-10-19 23:23:00,22.028 °C
47,2025-10-19 23:33:00,22.022 °C
48,2025-10-19 23:43:00,22.015 °C
49,2025-10-19 23:53:00,22.007 °C
50,2025-10-20 00:03:00,21.998 °C
51,2025-10-20 00:13:00,21.989 °C
52,2025-10-20 00:23:00,21.979 °C
53,2025-10-20 00:33:00,21.975 °C
54,2025-10-20 00:43:00,21.978 °C
55,2025-10-20 00:53:00,21.985 °C
56,2025-10-20 01:03:00,21.988 °C
57,2025-10-20 01:13:00,21.992 °C
58,2025-10-20 01:23:00,21.992 °C
59,2025-10-20 01:33:00,21.991 °C
60,2025-10-20 01:43:00,21.988 °C
61,2025-10-20 01:53:00,21.983 °C
62,2025-10-20 02:03:00,21.978 °C
63,2025-10-20 02:13:00,21.972 °C
64,2025-10-20 02:23:00,21.965 °C
65,2025-10-20 02:33:00,21.956 °C
66,2025-10-20 02:43:00,21.949 °C
67,2025-10-20 02:53:00,21.946 °C
68,2025-10-20 03:03:00,21.952 °C
69,2025-10-20 03:13:00,21.962 °C
70,2025-10-20 03:23:00,21.975 °C
71,2025-10-20 03:33:00,21.983 °C
72,2025-10-20 03:43:00,21.988 °C
73,2025-10-20 03:53:00,21.989 °C
74,2025-10-20 04:03:00,21.989 °C
75,2025-10-20 04:13:00,21.986 °C
76,2025-10-20 04:23:00,21.983 °C
77,2025-10-20 04:33:00,21.978 °C
78,2025-10-20 04:43:00,21.973 °C
79,2025-10-20 04:53:00,21.973 °C
80,2025-10-20 05:03:00,21.979 °C
81,2025-10-20 05:13:00,21.992 °C
82,2025-10-20 05:23:00,21.989 °C
83,2025-10-20 05:33:00,21.978 °C
84,2025-10-20 05:43:00,21.963 °C
85,2025-10-20 05:53:00,21.946 °C
86,2025-10-20 06:03:00,21.934 °C
87,2025-10-20 06:13:00,21.953 °C
88,2025-10-20 06:23:00,21.952 °C
89,2025-10-20 06:33:00,21.953 °C
90,2025-10-20 06:43:00,21.952 °C
91,2025-10-20 06:53:00,21.949 °C
92,2025-10-20 07:03:00,21.939 °C
93,2025-10-20 07:13:00,21.927 °C
94,2025-10-20 07:23:00,21.929 °C
95,2025-10-20 07:33:00,21.952 °C
96,2025-10-20 07:43:00,21.978 °C
97,2025-10-20 07:53:00,22.007 °C
98,2025-10-20 08:03:00,22.035 °C
99,2025-10-20 08:13:00,22.064 °C
100,2025-10-20 08:23:00,22.092 °C
101,2025-10-20 08:33:00,22.115 °C
102,2025-10-20 08:43:00,22.135 °C
103,2025-10-20 08:53:00,22.154 °C
104,2025-10-20 09:03:00,22.171 °C
105,2025-10-20 09:13:00,22.188 °C
106,2025-10-20 09:23:00,22.204 °C
107,2025-10-20 09:33:00,22.220 °C
108,2025-10-20 09:43:00,22.237 °C
109,2025-10-20 09:53:00,22.255 °C
110,2025-10-20 10:03:00,22.272 °C
111,2025-10-20 10:13:00,22.288 °C
112,2025-10-20 10:23:00,22.298 °C
113,2025-10-20 10:33:00,22.298 °C
114,2025-10-20 10:43:00,22.308 °C
115,2025-10-20 10:53:00,22.310 °C
116,2025-10-20 11:03:00,22.302 °C
117,2025-10-20 11:13:00,22.288 °C
118,2025-10-20 11:23:00,22.276 °C
119,2025-10-20 11:33:00,22.269 °C
120,2025-10-20 11:43:00,22.272 °C
121,2025-10-20 11:53:00,22.272 °C
122,2025-10-20 12:03:00,22.438 °C
123,2025-10-20 12:13:00,22.843 °C
124,2025-10-20 12:23:00,22.802 °C
125,2025-10-20 12:33:00,20.608 °C
126,2025-10-20 12:43:00,4.562 °C
127,2025-10-20 12:53:00,-0.510 °C
128,2025-10-20 13:03:00,-2.287 °C
129,2025-10-20 13:13:00,-3.383 °C
130,2025-10-20 13:23:00,-4.353 °C
131,2025-10-20 13:33:00,-4.589 °C
132,2025-10-20 13:43:00,-4.849 °C
133,2025-10-20 13:53:00,-4.782 °C
134,2025-10-20 14:03:00,-4.379 °C
135,2025-10-20 14:13:00,-4.381 °C
136,2025-10-20 14:23:00,-4.452 °C
137,2025-10-20 14:33:00,-4.454 °C
138,2025-10-20 14:43:00,-4.690 °C
139,2025-10-20 14:53:00,-4.906 °C
140,2025-10-20 15:03:00,-5.045 °C
141,2025-10-20 15:13:00,-4.987 °C
142,2025-10-20 15:23:00,-4.714 °C
143,2025-10-20 15:33:00,-4.996 °C
144,2025-10-20 15:43:00,-5.241 °C
145,2025-10-20 15:53:00,-5.217 °C
146,2025-10-20 16:03:00,-5.353 °C
147,2025-10-20 16:13:00,-5.527 °C
148,2025-10-20 16:23:00,-5.611 °C
149,2025-10-20 16:33:00,-5.555 °C
150,2025-10-20 16:43:00,-5.467 °C
151,2025-10-20 16:53:00,-5.645 °C
152,2025-10-20 17:03:00,-5.775 °C
153,2025-10-20 17:13:00,-5.799 °C
154,2025-10-20 17:23:00,-5.589 °C
155,2025-10-20 17:33:00,-5.688 °C
156,2025-10-20 17:43:00,-5.825 °C
157,2025-10-20 17:53:00,-5.882 °C
158,2025-10-20 18:03:00,-5.784 °C
159,2025-10-20 18:13:00,-5.671 °C
160,2025-10-20 18:23:00,-5.812 °C
161,2025-10-20 18:33:00,-5.937 °C
162,2025-10-20 18:43:00,-5.874 °C
163,2025-10-20 18:53:00,-5.669 °C
164,2025-10-20 19:03:00,-5.780 °C
165,2025-10-20 19:13:00,-5.908 °C
166,2025-10-20 19:23:00,-5.956 °C
167,2025-10-20 19:33:00,-5.835 °C
168,2025-10-20 19:43:00,-5.729 °C
169,2025-10-20 19:53:00,-5.865 °C
170,2025-10-20 20:03:00,-5.976 °C
171,2025-10-20 20:13:00,-5.971 °C
172,2025-10-20 20:23:00,-5.731 °C
173,2025-10-20 20:33:00,-5.837 °C
174,2025-10-20 20:43:00,-5.961 °C
175,2025-10-20 20:53:00,-6.007 °C
176,2025-10-20 21:03:00,-5.833 °C
177,2025-10-20 21:13:00,-5.769 °C
178,2025-10-20 21:23:00,-5.922 °C
179,2025-10-20 21:33:00,-6.022 °C
180,2025-10-20 21:43:00,-5.935 °C
181,2025-10-20 21:53:00,-5.739 °C
182,2025-10-20 22:03:00,-5.893 °C
183,2025-10-20 22:13:00,-5.990 °C
184,2025-10-20 22:23:00,-5.982 °C
185,2025-10-20 22:33:00,-5.786 °C
186,2025-10-20 22:43:00,-5.797 °C
187,2025-10-20 22:53:00,-5.954 °C
188,2025-10-20 23:03:00,-6.027 °C
189,2025-10-20 23:13:00,-5.897 °C
190,2025-10-20 23:23:00,-5.699 °C
191,2025-10-20 23:33:00,-5.899 °C
192,2025-10-20 23:43:00,-5.914 °C
193,2025-10-20 23:53:00,-5.699 °C
194,2025-10-21 00:03:00,-5.871 °C
195,2025-10-21 00:13:00,-5.990 °C
196,2025-10-21 00:23:00,-6.012 °C
197,2025-10-21 00:33:00,-5.773 °C
198,2025-10-21 00:43:00,-5.823 °C
199,2025-10-21 00:53:00,-5.957 °C
200,2025-10-21 01:03:00,-6.024 °C
201,2025-10-21 01:13:00,-5.889 °C
202,2025-10-21 01:23:00,-5.769 °C
203,2025-10-21 01:33:00,-5.933 °C
204,2025-10-21 01:43:00,-6.029 °C
205,2025-10-21 01:53:00,-5.984 °C
206,2025-10-21 02:03:00,-5.729 °C
207,2025-10-21 02:13:00,-5.884 °C
208,2025-10-21 02:23:00,-6.009 °C
209,2025-10-21 02:33:00,-6.014 °C
210,2025-10-21 02:43:00,-5.805 °C
211,2025-10-21 02:53:00,-5.827 °C
212,2025-10-21 03:03:00,-5.976 °C
213,2025-10-21 03:13:00,-6.039 °C
214,2025-10-21 03:23:00,-5.922 °C
215,2025-10-21 03:33:00,-5.773 °C
216,2025-10-21 03:43:00,-5.927 °C
217,2025-10-21 03:53:00,-6.010 °C
218,2025-10-21 04:03:00,-5.995 °C
219,2025-10-21 04:13:00,-5.754 °C
220,2025-10-21 04:23:00,-5.871 °C
221,2025-10-21 04:33:00,-6.001 °C
222,2025-10-21 04:43:00,-6.035 °C
223,2025-10-21 04:53:00,-5.822 °C
224,2025-10-21 05:03:00,-5.775 °C
225,2025-10-21 05:13:00,-5.905 °C
226,2025-10-21 05:23:00,-5.984 °C
227,2025-10-21 05:33:00,-5.959 °C
228,2025-10-21 05:43:00,-5.722 °C
229,2025-10-21 05:53:00,-5.799 °C
230,2025-10-21 06:03:00,-5.914 °C
231,2025-10-21 06:13:00,-5.978 °C
232,2025-10-21 06:23:00,-5.939 °C
233,2025-10-21 06:33:00,-5.733 °C
234,2025-10-21 06:43:00,-5.771 °C
235,2025-10-21 06:53:00,-5.880 °C
236,2025-10-21 07:03:00,-5.961 °C
237,2025-10-21 07:13:00,-5.931 °C
238,2025-10-21 07:23:00,-5.613 °C
239,2025-10-21 07:33:00,-5.775 °C
240,2025-10-21 07:43:00,-5.876 °C
241,2025-10-21 07:53:00,-5.660 °C
242,2025-10-21 08:03:00,-5.773 °C
243,2025-10-21 08:13:00,-5.886 °C
244,2025-10-21 08:23:00,-5.959 °C
245,2025-10-21 08:33:00,-5.906 °C
246,2025-10-21 08:43:00,-5.703 °C
247,2025-10-21 08:53:00,-5.803 °C
248,2025-10-21 09:03:00,-5.923 °C
249,2025-10-21 09:13:00,-5.976 °C
250,2025-10-21 09:23:00,-5.897 °C
251,2025-10-21 09:33:00,-5.692 °C
252,2025-10-21 09:43:00,-5.825 °C
253,2025-10-21 09:53:00,-5.933 °C
254,2025-10-21 10:03:00,-5.956 °C
255,2025-10-21 10:13:00,-5.854 °C
256,2025-10-21 10:23:00,-5.699 °C
257,2025-10-21 10:33:00,-5.842 °C
258,2025-10-21 10:43:00,-5.973 °C
259,2025-10-21 10:53:00,-5.963 °C
260,2025-10-21 11:03:00,-5.793 °C
261,2025-10-21 11:13:00,-5.744 °C
262,2025-10-21 11:23:00,-5.876 °C
263,2025-10-21 11:33:00,-5.967 °C
264,2025-10-21 11:43:00,-5.944 °C
265,2025-10-21 11:53:00,-5.739 °C
266,2025-10-21 12:03:00,-5.767 °C
267,2025-10-21 12:13:00,-5.893 °C
268,2025-10-21 12:23:00,-5.991 °C
269,2025-10-21 12:33:00,-5.937 °C
270,2025-10-21 12:43:00,-5.718 °C
271,2025-10-21 12:53:00,-5.776 °C
272,2025-10-21 13:03:00,-5.888 °C
273,2025-10-21 13:13:00,-5.984 °C
274,2025-10-21 13:23:00,-5.956 °C
275,2025-10-21 13:33:00,-5.716 °C
276,2025-10-21 13:43:00,-5.812 °C
277,2025-10-21 13:53:00,-5.916 °C
278,2025-10-21 14:03:00,-5.980 °C
279,2025-10-21 14:13:00,-5.937 °C
280,2025-10-21 14:23:00,-5.703 °C
281,2025-10-21 14:33:00,-5.805 °C
282,2025-10-21 14:43:00,-5.923 °C
283,2025-10-21 14:53:00,-5.980 °C
284,2025-10-21 15:03:00,-5.933 °C
285,2025-10-21 15:13:00,-5.711 °C
286,2025-10-21 15:23:00,-5.793 °C
287,2025-10-21 15:33:00,-5.814 °C
288,2025-10-21 15:43:00,-5.833 °C
289,2025-10-21 15:53:00,-5.694 °C
290,2025-10-21 16:03:00,-5.844 °C
291,2025-10-21 16:13:00,-5.952 °C
292,2025-10-21 16:23:00,-5.986 °C
293,2025-10-21 16:33:00,-5.808 °C
294,2025-10-21 16:43:00,-5.737 °C
295,2025-10-21 16:53:00,-5.871 °C
296,2025-10-21 17:03:00,-5.969 °C
297,2025-10-21 17:13:00,-5.971 °C
298,2025-10-21 17:23:00,-5.773 °C
299,2025-10-21 17:33:00,-5.769 °C
300,2025-10-21 17:43:00,-5.910 °C
301,2025-10-21 17:53:00,-6.003 °C
302,2025-10-21 18:03:00,-5.957 °C
303,2025-10-21 18:13:00,-5.709 °C
304,2025-10-21 18:23:00,-5.837 °C
305,2025-10-21 18:33:00,-5.957 °C
306,2025-10-21 18:43:00,-5.980 °C
307,2025-10-21 18:53:00,-5.869 °C
308,2025-10-21 19:03:00,-5.724 °C
309,2025-10-21 19:13:00,-5.854 °C
310,2025-10-21 19:23:00,-5.954 °C
311,2025-10-21 19:33:00,-5.980 °C
312,2025-10-21 19:43:00,-5.844 °C
313,2025-10-21 19:53:00,-5.741 °C
314,2025-10-21 20:03:00,-5.871 °C
315,2025-10-21 20:13:00,-6.014 °C
316,2025-10-21 20:23:00,-6.029 °C
317,2025-10-21 20:33:00,-5.793 °C
318,2025-10-21 20:43:00,-5.850 °C
319,2025-10-21 20:53:00,-5.991 °C
320,2025-10-21 21:03:00,-6.041 °C
321,2025-10-21 21:13:00,-5.850 °C
322,2025-10-21 21:23:00,-5.842 °C
323,2025-10-21 21:33:00,-5.988 °C
324,2025-10-21 21:43:00,-6.046 °C
325,2025-10-21 21:53:00,-5.878 °C
326,2025-10-21 22:03:00,-5.807 °C
327,2025-10-21 22:13:00,-5.965 °C
328,2025-10-21 22:23:00,-6.054 °C
329,2025-10-21 22:33:00,-5.952 °C
330,2025-10-21 22:43:00,-5.776 °C
331,2025-10-21 22:53:00,-5.944 °C
332,2025-10-21 23:03:00,-6.048 °C
333,2025-10-21 23:13:00,-6.007 °C
334,2025-10-21 23:23:00,-5.756 °C
335,2025-10-21 23:33:00,-5.801 °C
336,2025-10-21 23:43:00,-5.793 °C
337,2025-10-21 23:53:00,-5.803 °C
338,2025-10-22 00:03:00,-5.963 °C
339,2025-10-22 00:13:00,-6.031 °C
340,2025-10-22 00:23:00,-5.925 °C
341,2025-10-22 00:33:00,-5.788 °C
342,2025-10-22 00:43:00,-5.956 °C
343,2025-10-22 00:53:00,-6.041 °C
344,2025-10-22 01:03:00,-5.974 °C
345,2025-10-22 01:13:00,-5.761 °C
346,2025-10-22 01:23:00,-5.923 °C
347,2025-10-22 01:33:00,-6.046 °C
348,2025-10-22 01:43:00,-6.014 °C
349,2025-10-22 01:53:00,-5.763 °C
350,2025-10-22 02:03:00,-5.910 °C
351,2025-10-22 02:13:00,-6.031 °C
352,2025-10-22 02:23:00,-6.031 °C
353,2025-10-22 02:33:00,-5.775 °C
354,2025-10-22 02:43:00,-5.888 °C
355,2025-10-22 02:53:00,-6.012 °C
356,2025-10-22 03:03:00,-6.046 °C
357,2025-10-22 03:13:00,-5.848 °C
358,2025-10-22 03:23:00,-5.844 °C
359,2025-10-22 03:33:00,-5.995 °C
360,2025-10-22 03:43:00,-6.062 °C
361,2025-10-22 03:53:00,-5.937 °C
362,2025-10-22 04:03:00,-5.803 °C
363,2025-10-22 04:13:00,-5.969 °C
364,2025-10-22 04:23:00,-6.048 °C
365,2025-10-22 04:33:00,-5.971 °C
366,2025-10-22 04:43:00,-5.773 °C
367,2025-10-22 04:53:00,-5.922 °C
368,2025-10-22 05:03:00,-6.043 °C
369,2025-10-22 05:13:00,-5.801 °C
370,2025-10-22 05:23:00,-6.170 °C
371,2025-10-22 05:33:00,-6.215 °C
372,2025-10-22 05:43:00,-6.234 °C
373,2025-10-22 05:53:00,-6.232 °C
374,2025-10-22 06:03:00,-6.217 °C
375,2025-10-22 06:13:00,-6.198 °C
376,2025-10-22 06:23:00,-6.173 °C
377,2025-10-22 06:33:00,-6.145 °C
378,2025-10-22 06:43:00,-6.115 °C
379,2025-10-22 06:53:00,-6.080 °C
380,2025-10-22 07:03:00,-6.043 °C
381,2025-10-22 07:13:00,-6.001 °C
382,2025-10-22 07:23:00,-5.957 °C
383,2025-10-22 07:33:00,-5.914 °C
384,2025-10-22 07:43:00,-5.867 °C
385,2025-10-22 07:53:00,-5.820 °C
386,2025-10-22 08:03:00,-5.771 °C
387,2025-10-22 08:13:00,-5.720 °C
388,2025-10-22 08:23:00,-5.669 °C
389,2025-10-22 08:33:00,-5.620 °C
390,2025-10-22 08:43:00,-5.570 °C
391,2025-10-22 08:53:00,-5.519 °C
392,2025-10-22 09:03:00,-5.467 °C
393,2025-10-22 09:13:00,-5.416 °C
394,2025-10-22 09:23:00,-5.366 °C
395,2025-10-22 09:33:00,-5.316 °C
396,2025-10-22 09:43:00,-5.267 °C
397,2025-10-22 09:53:00,-5.217 °C
398,2025-10-22 10:03:00,-5.169 °C
399,2025-10-22 10:13:00,-5.121 °C
400,2025-10-22 10:23:00,-5.072 °C
401,2025-10-22 10:33:00,-5.022 °C
402,2025-10-22 10:43:00,-4.974 °C
403,2025-10-22 10:53:00,-4.926 °C
404,2025-10-22 11:03:00,-4.880 °C
405,2025-10-22 11:13:00,-4.832 °C
406,2025-10-22 11:23:00,-4.784 °C
407,2025-10-22 11:33:00,-4.738 °C
408,2025-10-22 11:43:00,-4.690 °C
409,2025-10-22 11:53:00,-4.643 °C
410,2025-10-22 12:03:00,-4.597 °C
411,2025-10-22 12:13:00,-4.551 °C
412,2025-10-22 12:23:00,-4.507 °C
413,2025-10-22 12:33:00,-4.461 °C
414,2025-10-22 12:43:00,-4.417 °C
415,2025-10-22 12:53:00,-4.374 °C
416,2025-10-22 13:03:00,-4.330 °C
417,2025-10-22 13:13:00,-4.286 °C
418,2025-10-22 13:23:00,-4.244 °C
419,2025-10-22 13:33:00,-4.200 °C
420,2025-10-22 13:43:00,-4.160 °C
421,2025-10-22 13:53:00,-4.119 °C
422,2025-10-22 14:03:00,-4.079 °C
423,2025-10-22 14:13:00,-4.037 °C
424,2025-10-22 14:23:00,-3.997 °C
425,2025-10-22 14:33:00,-3.955 °C
426,2025-10-22 14:43:00,-3.916 °C
427,2025-10-22 14:53:00,-3.876 °C
428,2025-10-22 15:03:00,-3.836 °C
429,2025-10-22 15:13:00,-3.797 °C
430,2025-10-22 15:23:00,-3.757 °C
431,2025-10-22 15:33:00,-3.719 °C
432,2025-10-22 15:43:00,-3.681 °C
433,2025-10-22 15:53:00,-3.643 °C
434,2025-10-22 16:03:00,-3.608 °C
435,2025-10-22 16:13:00,-3.570 °C
436,2025-10-22 16:23:00,-3.530 °C
437,2025-10-22 16:33:00,-3.493 °C
438,2025-10-22 16:43:00,-3.455 °C
439,2025-10-22 16:53:00,-3.419 °C
440,2025-10-22 17:03:00,-3.382 °C
441,2025-10-22 17:13:00,-3.346 °C
442,2025-10-22 17:23:00,-3.310 °C
443,2025-10-22 17:33:00,-3.274 °C
444,2025-10-22 17:43:00,-3.241 °C
445,2025-10-22 17:53:00,-3.208 °C
446,2025-10-22 18:03:00,-3.175 °C
447,2025-10-22 18:13:00,-3.143 °C
448,2025-10-22 18:23:00,-3.109 °C
449,2025-10-22 18:33:00,-3.077 °C
450,2025-10-22 18:43:00,-3.045 °C
451,2025-10-22 18:53:00,-3.013 °C
452,2025-10-22 19:03:00,-2.981 °C
453,2025-10-22 19:13:00,-2.949 °C
454,2025-10-22 19:23:00,-2.919 °C
455,2025-10-22 19:33:00,-2.889 °C
456,2025-10-22 19:43:00,-2.859 °C
457,2025-10-22 19:53:00,-2.829 °C
458,2025-10-22 20:03:00,-2.799 °C
459,2025-10-22 20:13:00,-2.768 °C
460,2025-10-22 20:23:00,-2.738 °C
461,2025-10-22 20:33:00,-2.710 °C
462,2025-10-22 20:43:00,-2.682 °C
463,2025-10-22 20:53:00,-2.652 °C
464,2025-10-22 21:03:00,-2.624 °C
465,2025-10-22 21:13:00,-2.596 °C
466,2025-10-22 21:23:00,-2.567 °C
467,2025-10-22 21:33:00,-2.541 °C
468,2025-10-22 21:43:00,-2.515 °C
469,2025-10-22 21:53:00,-2.487 °C
470,2025-10-22 22:03:00,-2.458 °C
471,2025-10-22 22:13:00,-2.432 °C
472,2025-10-22 22:23:00,-2.408 °C
473,2025-10-22 22:33:00,-2.381 °C
474,2025-10-22 22:43:00,-2.355 °C
475,2025-10-22 22:53:00,-2.329 °C
476,2025-10-22 23:03:00,-2.302 °C
477,2025-10-22 23:13:00,-2.278 °C
478,2025-10-22 23:23:00,-2.253 °C
479,2025-10-22 23:33:00,-2.229 °C
480,2025-10-22 23:43:00,-2.205 °C
481,2025-10-22 23:53:00,-2.180 °C
482,2025-10-23 00:03:00,-2.156 °C
483,2025-10-23 00:13:00,-2.131 °C
484,2025-10-23 00:23:00,-2.108 °C
485,2025-10-23 00:33:00,-2.086 °C
486,2025-10-23 00:43:00,-2.061 °C
487,2025-10-23 00:53:00,-2.039 °C
488,2025-10-23 01:03:00,-2.014 °C
489,2025-10-23 01:13:00,-1.994 °C
490,2025-10-23 01:23:00,-1.971 °C
491,2025-10-23 01:33:00,-1.948 °C
492,2025-10-23 01:43:00,-1.927 °C
493,2025-10-23 01:53:00,-1.905 °C
494,2025-10-23 02:03:00,-1.882 °C
495,2025-10-23 02:13:00,-1.861 °C
496,2025-10-23 02:23:00,-1.841 °C
497,2025-10-23 02:33:00,-1.820 °C
498,2025-10-23 02:43:00,-1.799 °C
499,2025-10-23 02:53:00,-1.778 °C
500,2025-10-23 03:03:00,-1.757 °C
501,2025-10-23 03:13:00,-1.737 °C
502,2025-10-23 03:23:00,-1.719 °C
503,2025-10-23 03:33:00,-1.700 °C
504,2025-10-23 03:43:00,-1.679 °C
505,2025-10-23 03:53:00,-1.659 °C
506,2025-10-23 04:03:00,-1.640 °C
507,2025-10-23 04:13:00,-1.622 °C
508,2025-10-23 04:23:00,-1.603 °C
509,2025-10-23 04:33:00,-1.584 °C
510,2025-10-23 04:43:00,-1.565 °C
511,2025-10-23 04:53:00,-1.546 °C
512,2025-10-23 05:03:00,-1.527 °C
513,2025-10-23 05:13:00,-1.510 °C
514,2025-10-23 05:23:00,-1.493 °C
515,2025-10-23 05:33:00,-1.474 °C
516,2025-10-23 05:43:00,-1.457 °C
517,2025-10-23 05:53:00,-1.438 °C
518,2025-10-23 06:03:00,-1.421 °C
519,2025-10-23 06:13:00,-1.402 °C
520,2025-10-23 06:23:00,-1.386 °C
521,2025-10-23 06:33:00,-1.367 °C
522,2025-10-23 06:43:00,-1.350 °C
523,2025-10-23 06:53:00,-1.333 °C
524,2025-10-23 07:03:00,-1.316 °C
525,2025-10-23 07:13:00,-1.300 °C
526,2025-10-23 07:23:00,-1.283 °C
527,2025-10-23 07:33:00,-1.266 °C
528,2025-10-23 07:43:00,-1.249 °C
529,2025-10-23 07:53:00,-1.233 °C
530,2025-10-23 08:03:00,-1.219 °C
531,2025-10-23 08:13:00,-1.204 °C
532,2025-10-23 08:23:00,-1.190 °C
533,2025-10-23 08:33:00,-1.175 °C
534,2025-10-23 08:43:00,-1.159 °C
535,2025-10-23 08:53:00,-1.146 °C
536,2025-10-23 09:03:00,-1.130 °C
537,2025-10-23 09:13:00,-1.117 °C
538,2025-10-23 09:23:00,-1.103 °C
539,2025-10-23 09:33:00,-1.089 °C
540,2025-10-23 09:43:00,-1.076 °C
541,2025-10-23 09:53:00,-1.062 °C
542,2025-10-23 10:03:00,-1.048 °C
543,2025-10-23 10:13:00,-1.036 °C
544,2025-10-23 10:23:00,-1.023 °C
545,2025-10-23 10:33:00,-1.009 °C
546,2025-10-23 10:43:00,-0.995 °C
547,2025-10-23 10:53:00,-0.982 °C
548,2025-10-23 11:03:00,-0.970 °C
549,2025-10-23 11:13:00,-0.958 °C
550,2025-10-23 11:23:00,-0.944 °C
551,2025-10-23 11:33:00,-0.930 °C
552,2025-10-23 11:43:00,-0.918 °C
553,2025-10-23 11:53:00,-0.905 °C
554,2025-10-23 12:03:00,-0.893 °C
555,2025-10-23 12:13:00,-0.881 °C
556,2025-10-23 12:23:00,-0.869 °C
557,2025-10-23 12:33:00,-0.859 °C
558,2025-10-23 12:43:00,-0.847 °C
559,2025-10-23 12:53:00,-0.835 °C
560,2025-10-23 13:03:00,-0.826 °C
561,2025-10-23 13:13:00,-0.814 °C
562,2025-10-23 13:23:00,-0.804 °C
563,2025-10-23 13:33:00,-0.796 °C
564,2025-10-23 13:43:00,-0.782 °C
565,2025-10-23 13:53:00,-0.774 °C
566,2025-10-23 14:03:00,-0.763 °C
567,2025-10-23 14:13:00,-0.753 °C
568,2025-10-23 14:23:00,-0.743 °C
569,2025-10-23 14:33:00,-0.733 °C
570,2025-10-23 14:43:00,-0.723 °C
571,2025-10-23 14:53:00,-0.711 °C
572,2025-10-23 15:03:00,-0.702 °C
573,2025-10-23 15:13:00,-0.694 °C
574,2025-10-23 15:23:00,-0.687 °C
575,2025-10-23 15:33:00,-0.677 °C
576,2025-10-23 15:43:00,-0.666 °C
577,2025-10-23 15:53:00,-0.658 °C
578,2025-10-23 16:03:00,-0.649 °C
579,2025-10-23 16:13:00,-0.641 °C
580,2025-10-23 16:23:00,-0.633 °C
581,2025-10-23 16:33:00,-0.621 °C
582,2025-10-23 16:43:00,-0.612 °C
583,2025-10-23 16:53:00,-0.604 °C
584,2025-10-23 17:03:00,-0.595 °C
585,2025-10-23 17:13:00,-0.587 °C
586,2025-10-23 17:23:00,-0.580 °C
587,2025-10-23 17:33:00,-0.571 °C
588,2025-10-23 17:43:00,-0.563 °C
589,2025-10-23 17:53:00,-0.556 °C
590,2025-10-23 18:03:00,-0.549 °C
591,2025-10-23 18:13:00,-0.543 °C
592,2025-10-23 18:23:00,-0.534 °C
593,2025-10-23 18:33:00,-0.526 °C
594,2025-10-23 18:43:00,-0.519 °C
595,2025-10-23 18:53:00,-0.512 °C
596,2025-10-23 19:03:00,-0.505 °C
597,2025-10-23 19:13:00,-0.497 °C
598,2025-10-23 19:23:00,-0.490 °C
599,2025-10-23 19:33:00,-0.483 °C
600,2025-10-23 19:43:00,-0.477 °C
601,2025-10-23 19:53:00,-0.470 °C
602,2025-10-23 20:03:00,-0.465 °C
603,2025-10-23 20:13:00,-0.458 °C
604,2025-10-23 20:23:00,-0.453 °C
605,2025-10-23 20:33:00,-0.444 °C
606,2025-10-23 20:43:00,-0.439 °C
607,2025-10-23 20:53:00,-0.434 °C
608,2025-10-23 21:03:00,-0.429 °C
609,2025-10-23 21:13:00,-0.422 °C
610,2025-10-23 21:23:00,-0.416 °C
611,2025-10-23 21:33:00,-0.411 °C
612,2025-10-23 21:43:00,-0.406 °C
613,2025-10-23 21:53:00,-0.400 °C
614,2025-10-23 22:03:00,-0.395 °C
615,2025-10-23 22:13:00,-0.390 °C
616,2025-10-23 22:23:00,-0.385 °C
617,2025-10-23 22:33:00,-0.380 °C
618,2025-10-23 22:43:00,-0.373 °C
619,2025-10-23 22:53:00,-0.370 °C
620,2025-10-23 23:03:00,-0.365 °C
621,2025-10-23 23:13:00,-0.360 °C
622,2025-10-23 23:23:00,-0.355 °C
623,2025-10-23 23:33:00,-0.350 °C
624,2025-10-23 23:43:00,-0.346 °C
625,2025-10-23 23:53:00,-0.341 °C
626,2025-10-24 00:03:00,-0.338 °C
627,2025-10-24 00:13:00,-0.333 °C
628,2025-10-24 00:23:00,-0.329 °C
629,2025-10-24 00:33:00,-0.324 °C
630,2025-10-24 00:43:00,-0.319 °C
631,2025-10-24 00:53:00,-0.316 °C
632,2025-10-24 01:03:00,-0.313 °C
633,2025-10-24 01:13:00,-0.309 °C
634,2025-10-24 01:23:00,-0.304 °C
635,2025-10-24 01:33:00,-0.301 °C
636,2025-10-24 01:43:00,-0.297 °C
637,2025-10-24 01:53:00,-0.294 °C
638,2025-10-24 02:03:00,-0.291 °C
639,2025-10-24 02:13:00,-0.287 °C
640,2025-10-24 02:23:00,-0.284 °C
641,2025-10-24 02:33:00,-0.281 °C
642,2025-10-24 02:43:00,-0.275 °C
643,2025-10-24 02:53:00,-0.274 °C
644,2025-10-24 03:03:00,-0.270 °C
645,2025-10-24 03:13:00,-0.269 °C
646,2025-10-24 03:23:00,-0.265 °C
647,2025-10-24 03:33:00,-0.259 °C
648,2025-10-24 03:43:00,-0.257 °C
649,2025-10-24 03:53:00,-0.255 °C
650,2025-10-24 04:03:00,-0.254 °C
651,2025-10-24 04:13:00,-0.250 °C
652,2025-10-24 04:23:00,-0.247 °C
653,2025-10-24 04:33:00,-0.243 °C
654,2025-10-24 04:43:00,-0.240 °C
655,2025-10-24 04:53:00,-0.238 °C
656,2025-10-24 05:03:00,-0.235 °C
657,2025-10-24 05:13:00,-0.233 °C
658,2025-10-24 05:23:00,-0.230 °C
659,2025-10-24 05:33:00,-0.227 °C
660,2025-10-24 05:43:00,-0.225 °C
661,2025-10-24 05:53:00,-0.222 °C
662,2025-10-24 06:03:00,-0.220 °C
663,2025-10-24 06:13:00,-0.218 °C
664,2025-10-24 06:23:00,-0.215 °C
665,2025-10-24 06:33:00,-0.211 °C
666,2025-10-24 06:43:00,-0.210 °C
667,2025-10-24 06:53:00,-0.206 °C
668,2025-10-24 07:03:00,-0.205 °C
669,2025-10-24 07:13:00,-0.203 °C
670,2025-10-24 07:23:00,-0.200 °C
671,2025-10-24 07:33:00,-0.196 °C
672,2025-10-24 07:43:00,-0.195 °C
673,2025-10-24 07:53:00,-0.193 °C
674,2025-10-24 08:03:00,-0.191 °C
675,2025-10-24 08:13:00,-0.190 °C
676,2025-10-24 08:23:00,-0.188 °C
677,2025-10-24 08:33:00,-0.186 °C
678,2025-10-24 08:43:00,-0.184 °C
679,2025-10-24 08:53:00,-0.183 °C
680,2025-10-24 09:03:00,-0.179 °C
681,2025-10-24 09:13:00,-0.179 °C
682,2025-10-24 09:23:00,-0.178 °C
683,2025-10-24 09:33:00,-0.176 °C
684,2025-10-24 09:43:00,-0.173 °C
685,2025-10-24 09:53:00,-0.173 °C
686,2025-10-24 10:03:00,-0.171 °C
687,2025-10-24 10:13:00,-0.169 °C
688,2025-10-24 10:23:00,-0.168 °C
689,2025-10-24 10:33:00,-0.166 °C
690,2025-10-24 10:43:00,-0.164 °C
691,2025-10-24 10:53:00,-0.163 °C
692,2025-10-24 11:03:00,-0.161 °C
693,2025-10-24 11:13:00,-0.159 °C
694,2025-10-24 11:23:00,-0.158 °C
695,2025-10-24 11:33:00,-0.156 °C
696,2025-10-24 11:43:00,-0.154 °C
697,2025-10-24 11:53:00,-0.152 °C
698,2025-10-24 12:03:00,-0.152 °C
699,2025-10-24 12:13:00,-0.151 °C
700,2025-10-24 12:23:00,-0.149 °C
701,2025-10-24 12:33:00,-0.147 °C
702,2025-10-24 12:43:00,-0.146 °C
703,2025-10-24 12:53:00,-0.146 °C
704,2025-10-24 13:03:00,-0.146 °C
705,2025-10-24 13:13:00,-0.144 °C
706,2025-10-24 13:23:00,-0.142 °C
707,2025-10-24 13:33:00,-0.141 °C
708,2025-10-24 13:43:00,-0.139 °C
709,2025-10-24 13:53:00,-0.139 °C
710,2025-10-24 14:03:00,-0.139 °C
711,2025-10-24 14:13:00,-0.137 °C
712,2025-10-24 14:23:00,-0.136 °C
713,2025-10-24 14:33:00,-0.136 °C
714,2025-10-24 14:43:00,-0.134 °C
715,2025-10-24 14:53:00,-0.132 °C
716,2025-10-24 15:03:00,-0.131 °C
717,2025-10-24 15:13:00,-0.131 °C
718,2025-10-24 15:23:00,-0.129 °C
719,2025-10-24 15:33:00,-0.129 °C
720,2025-10-24 15:43:00,-0.127 °C
721,2025-10-24 15:53:00,-0.126 °C
722,2025-10-24 16:03:00,-0.126 °C
723,2025-10-24 16:13:00,-0.124 °C
724,2025-10-24 16:23:00,-0.122 °C
725,2025-10-24 16:33:00,-0.121 °C
726,2025-10-24 16:43:00,-0.121 °C
727,2025-10-24 16:53:00,-0.119 °C
728,2025-10-24 17:03:00,-0.117 °C
729,2025-10-24 17:13:00,-0.115 °C
730,2025-10-24 17:23:00,-0.115 °C
731,2025-10-24 17:33:00,-0.115 °C
732,2025-10-24 17:43:00,-0.114 °C
733,2025-10-24 17:53:00,-0.114 °C
734,2025-10-24 18:03:00,-0.112 °C
735,2025-10-24 18:13:00,-0.112 °C
736,2025-10-24 18:23:00,-0.112 °C
737,2025-10-24 18:33:00,-0.110 °C
738,2025-10-24 18:43:00,-0.110 °C
739,2025-10-24 18:53:00,-0.109 °C
740,2025-10-24 19:03:00,-0.107 °C
741,2025-10-24 19:13:00,-0.107 °C
742,2025-10-24 19:23:00,-0.105 °C
743,2025-10-24 19:33:00,-0.105 °C
744,2025-10-24 19:43:00,-0.104 °C
745,2025-10-24 19:53:00,-0.104 °C
746,2025-10-24 20:03:00,-0.104 °C
747,2025-10-24 20:13:00,-0.104 °C
748,2025-10-24 20:23:00,-0.102 °C
749,2025-10-24 20:33:00,-0.100 °C
750,2025-10-24 20:43:00,-0.100 °C
751,2025-10-24 20:53:00,-0.099 °C
752,2025-10-24 21:03:00,-0.099 °C
753,2025-10-24 21:13:00,-0.100 °C
754,2025-10-24 21:23:00,-0.097 °C
755,2025-10-24 21:33:00,-0.097 °C
756,2025-10-24 21:43:00,-0.095 °C
757,2025-10-24 21:53:00,-0.095 °C
758,2025-10-24 22:03:00,-0.095 °C
759,2025-10-24 22:13:00,-0.095 °C
760,2025-10-24 22:23:00,-0.094 °C
761,2025-10-24 22:33:00,-0.092 °C
762,2025-10-24 22:43:00,-0.092 °C
763,2025-10-24 22:53:00,-0.090 °C
764,2025-10-24 23:03:00,-0.090 °C
765,2025-10-24 23:13:00,-0.090 °C
766,2025-10-24 23:23:00,-0.089 °C
767,2025-10-24 23:33:00,-0.089 °C
768,2025-10-24 23:43:00,-0.087 °C
769,2025-10-24 23:53:00,-0.087 °C
770,2025-10-25 00:03:00,-0.087 °C
771,2025-10-25 00:13:00,-0.087 °C
772,2025-10-25 00:23:00,-0.085 °C
773,2025-10-25 00:33:00,-0.085 °C
774,2025-10-25 00:43:00,-0.085 °C
775,2025-10-25 00:53:00,-0.084 °C
776,2025-10-25 01:03:00,-0.084 °C
777,2025-10-25 01:13:00,-0.084 °C
778,2025-10-25 01:23:00,-0.082 °C
779,2025-10-25 01:33:00,-0.082 °C
780,2025-10-25 01:43:00,-0.082 °C
781,2025-10-25 01:53:00,-0.082 °C
782,2025-10-25 02:03:00,-0.080 °C
783,2025-10-25 02:13:00,-0.080 °C
784,2025-10-25 02:23:00,-0.080 °C
785,2025-10-25 02:33:00,-0.078 °C
786,2025-10-25 02:43:00,-0.078 °C
787,2025-10-25 02:53:00,-0.078 °C
788,2025-10-25 03:03:00,-0.078 °C
789,2025-10-25 03:13:00,-0.078 °C
790,2025-10-25 03:23:00,-0.077 °C
791,2025-10-25 03:33:00,-0.075 °C
792,2025-10-25 03:43:00,-0.077 °C
793,2025-10-25 03:53:00,-0.075 °C
794,2025-10-25 04:03:00,-0.075 °C
795,2025-10-25 04:13:00,-0.075 °C
796,2025-10-25 04:23:00,-0.073 °C
797,2025-10-25 04:33:00,-0.073 °C
798,2025-10-25 04:43:00,-0.073 °C
799,2025-10-25 04:53:00,-0.073 °C
800,2025-10-25 05:03:00,-0.073 °C
801,2025-10-25 05:13:00,-0.072 °C
802,2025-10-25 05:23:00,-0.070 °C
803,2025-10-25 05:33:00,-0.070 °C
804,2025-10-25 05:43:00,-0.070 °C
805,2025-10-25 05:53:00,-0.070 °C
806,2025-10-25 06:03:00,-0.070 °C
807,2025-10-25 06:13:00,-0.068 °C
808,2025-10-25 06:23:00,-0.068 °C
809,2025-10-25 06:33:00,-0.068 °C
810,2025-10-25 06:43:00,-0.067 °C
811,2025-10-25 06:53:00,-0.067 °C
812,2025-10-25 07:03:00,-0.065 °C
813,2025-10-25 07:13:00,-0.065 °C
814,2025-10-25 07:23:00,-0.065 °C
815,2025-10-25 07:33:00,-0.063 °C
816,2025-10-25 07:43:00,-0.063 °C
817,2025-10-25 07:53:00,-0.063 °C
818,2025-10-25 08:03:00,-0.063 °C
819,2025-10-25 08:13:00,-0.063 °C
820,2025-10-25 08:23:00,-0.065 °C
821,2025-10-25 08:33:00,-0.063 °C
822,2025-10-25 08:43:00,-0.063 °C
823,2025-10-25 08:53:00,-0.062 °C
824,2025-10-25 09:03:00,-0.062 °C
825,2025-10-25 09:13:00,-0.062 °C
826,2025-10-25 09:23:00,-0.062 °C
827,2025-10-25 09:33:00,-0.062 °C
828,2025-10-25 09:43:00,-0.062 °C
829,2025-10-25 09:53:00,-0.060 °C
830,2025-10-25 10:03:00,-0.060 °C
831,2025-10-25 10:13:00,-0.060 °C
832,2025-10-25 10:23:00,-0.060 °C
833,2025-10-25 10:33:00,-0.060 °C
834,2025-10-25 10:43:00,-0.060 °C
835,2025-10-25 10:53:00,-0.060 °C
836,2025-10-25 11:03:00,-0.058 °C
837,2025-10-25 11:13:00,-0.058 °C
838,2025-10-25 11:23:00,-0.058 °C
839,2025-10-25 11:33:00,-0.057 °C
840,2025-10-25 11:43:00,-0.055 °C
841,2025-10-25 11:53:00,-0.055 °C
842,2025-10-25 12:03:00,-0.055 °C
843,2025-10-25 12:13:00,-0.055 °C
844,2025-10-25 12:23:00,-0.055 °C
845,2025-10-25 12:33:00,-0.055 °C
846,2025-10-25 12:43:00,-0.055 °C
847,2025-10-25 12:53:00,-0.055 °C
848,2025-10-25 13:03:00,-0.055 °C
849,2025-10-25 13:13:00,-0.055 °C
850,2025-10-25 13:23:00,-0.055 °C
851,2025-10-25 13:33:00,-0.055 °C
852,2025-10-25 13:43:00,-0.053 °C
853,2025-10-25 13:53:00,-0.053 °C
854,2025-10-25 14:03:00,-0.055 °C
855,2025-10-25 14:13:00,-0.053 °C
856,2025-10-25 14:23:00,-0.053 °C
857,2025-10-25 14:33:00,-0.053 °C
858,2025-10-25 14:43:00,-0.053 °C
859,2025-10-25 14:53:00,-0.053 °C
860,2025-10-25 15:03:00,-0.053 °C
861,2025-10-25 15:13:00,-0.053 °C
862,2025-10-25 15:23:00,-0.052 °C
863,2025-10-25 15:33:00,-0.052 °C
864,2025-10-25 15:43:00,-0.052 °C
865,2025-10-25 15:53:00,-0.052 °C
866,2025-10-25 16:03:00,-0.052 °C
867,2025-10-25 16:13:00,-0.052 °C
868,2025-10-25 16:23:00,-0.048 °C
869,2025-10-25 16:33:00,-0.048 °C
870,2025-10-25 16:43:00,-0.048 °C
871,2025-10-25 16:53:00,-0.048 °C
872,2025-10-25 17:03:00,-0.047 °C
873,2025-10-25 17:13:00,-0.047 °C
874,2025-10-25 17:23:00,-0.047 °C
875,2025-10-25 17:33:00,-0.047 °C
876,2025-10-25 17:43:00,-0.048 °C
877,2025-10-25 17:53:00,-0.047 °C
878,2025-10-25 18:03:00,-0.047 °C
879,2025-10-25 18:13:00,-0.047 °C
880,2025-10-25 18:23:00,-0.047 °C
881,2025-10-25 18:33:00,-0.048 °C
882,2025-10-25 18:43:00,-0.048 °C
883,2025-10-25 18:53:00,-0.048 °C
884,2025-10-25 19:03:00,-0.047 °C
885,2025-10-25 19:13:00,-0.045 °C
886,2025-10-25 19:23:00,-0.047 °C
887,2025-10-25 19:33:00,-0.047 °C
888,2025-10-25 19:43:00,-0.047 °C
889,2025-10-25 19:53:00,-0.045 °C
890,2025-10-25 20:03:00,-0.045 °C
891,2025-10-25 20:13:00,-0.045 °C
892,2025-10-25 20:23:00,-0.045 °C
893,2025-10-25 20:33:00,-0.045 °C
894,2025-10-25 20:43:00,-0.045 °C
895,2025-10-25 20:53:00,-0.045 °C
896,2025-10-25 21:03:00,-0.043 °C
897,2025-10-25 21:13:00,-0.043 °C
898,2025-10-25 21:23:00,-0.043 °C
899,2025-10-25 21:33:00,-0.045 °C
900,2025-10-25 21:43:00,-0.043 °C
901,2025-10-25 21:53:00,-0.043 °C
902,2025-10-25 22:03:00,-0.043 °C
903,2025-10-25 22:13:00,-0.043 °C
904,2025-10-25 22:23:00,-0.043 °C
905,2025-10-25 22:33:00,-0.043 °C
906,2025-10-25 22:43:00,-0.043 °C
907,2025-10-25 22:53:00,-0.043 °C
908,2025-10-25 23:03:00,-0.043 °C
909,2025-10-25 23:13:00,-0.043 °C
910,2025-10-25 23:23:00,-0.043 °C
911,2025-10-25 23:33:00,-0.042 °C
912,2025-10-25 23:43:00,-0.042 °C
913,2025-10-25 23:53:00,-0.042 °C
914,2025-10-26 00:03:00,-0.043 °C
915,2025-10-26 00:13:00,-0.042 °C
916,2025-10-26 00:23:00,-0.042 °C
917,2025-10-26 00:33:00,-0.040 °C
918,2025-10-26 00:43:00,-0.042 °C
919,2025-10-26 00:53:00,-0.042 °C
920,2025-10-26 01:03:00,-0.042 °C
921,2025-10-26 01:13:00,-0.042 °C
922,2025-10-26 01:23:00,-0.040 °C
923,2025-10-26 01:33:00,-0.038 °C
924,2025-10-26 01:43:00,-0.040 °C
925,2025-10-26 01:53:00,-0.040 °C
926,2025-10-26 02:03:00,-0.040 °C
927,2025-10-26 02:13:00,-0.040 °C
928,2025-10-26 02:23:00,-0.040 °C
929,2025-10-26 02:33:00,-0.040 °C
930,2025-10-26 02:43:00,-0.040 °C
931,2025-10-26 02:53:00,-0.040 °C
932,2025-10-26 03:03:00,-0.040 °C
933,2025-10-26 03:13:00,-0.038 °C
934,2025-10-26 03:23:00,-0.038 °C
935,2025-10-26 03:33:00,-0.038 °C
936,2025-10-26 03:43:00,-0.038 °C
937,2025-10-26 03:53:00,-0.038 °C
938,2025-10-26 04:03:00,-0.038 °C
939,2025-10-26 04:13:00,-0.038 °C
940,2025-10-26 04:23:00,-0.038 °C
941,2025-10-26 04:33:00,-0.038 °C
942,2025-10-26 04:43:00,-0.038 °C
943,2025-10-26 04:53:00,-0.038 °C
944,2025-10-26 05:03:00,-0.038 °C
945,2025-10-26 05:13:00,-0.038 °C
946,2025-10-26 05:23:00,-0.036 °C
947,2025-10-26 05:33:00,-0.036 °C
948,2025-10-26 05:43:00,-0.036 °C
949,2025-10-26 05:53:00,-0.036 °C
950,2025-10-26 06:03:00,-0.036 °C
951,2025-10-26 06:13:00,-0.036 °C
952,2025-10-26 06:23:00,-0.036 °C
953,2025-10-26 06:33:00,-0.036 °C
954,2025-10-26 06:43:00,-0.036 °C
955,2025-10-26 06:53:00,-0.036 °C
956,2025-10-26 07:03:00,-0.036 °C
957,2025-10-26 07:13:00,-0.036 °C
958,2025-10-26 07:23:00,-0.035 °C
959,2025-10-26 07:33:00,-0.035 °C
960,2025-10-26 07:43:00,-0.033 °C
961,2025-10-26 07:53:00,-0.033 °C
962,2025-10-26 08:03:00,-0.033 °C
963,2025-10-26 08:13:00,-0.033 °C
964,2025-10-26 08:23:00,-0.033 °C
965,2025-10-26 08:33:00,-0.033 °C
966,2025-10-26 08:43:00,-0.033 °C
967,2025-10-26 08:53:00,-0.033 °C
968,2025-10-26 09:03:00,-0.035 °C
969,2025-10-26 09:13:00,-0.033 °C
970,2025-10-26 09:23:00,-0.033 °C
971,2025-10-26 09:33:00,-0.035 °C
972,2025-10-26 09:43:00,-0.035 °C
973,2025-10-26 09:53:00,-0.035 °C
974,2025-10-26 10:03:00,-0.035 °C
975,2025-10-26 10:13:00,-0.035 °C
976,2025-10-26 10:23:00,-0.035 °C
977,2025-10-26 10:33:00,-0.035 °C
978,2025-10-26 10:43:00,-0.035 °C
979,2025-10-26 10:53:00,-0.035 °C
980,2025-10-26 11:03:00,-0.033 °C
981,2025-10-26 11:13:00,-0.035 °C
982,2025-10-26 11:23:00,-0.035 °C
983,2025-10-26 11:33:00,-0.033 °C
984,2025-10-26 11:43:00,-0.033 °C
985,2025-10-26 11:53:00,-0.035 °C
986,2025-10-26 12:03:00,-0.033 °C
987,2025-10-26 12:13:00,-0.033 °C
988,2025-10-26 12:23:00,-0.033 °C
989,2025-10-26 12:33:00,-0.031 °C
990,2025-10-26 12:43:00,-0.031 °C
991,2025-10-26 12:53:00,-0.031 °C
992,2025-10-26 13:03:00,-0.031 °C
993,2025-10-26 13:13:00,-0.031 °C
994,2025-10-26 13:23:00,-0.031 °C
995,2025-10-26 13:33:00,-0.031 °C
996,2025-10-26 13:43:00,-0.031 °C
997,2025-10-26 13:53:00,-0.033 °C
998,2025-10-26 14:03:00,-0.033 °C
999,2025-10-26 14:13:00,-0.033 °C
1000,2025-10-26 14:23:00,-0.033 °C
1001,2025-10-26 14:33:00,-0.033 °C
1002,2025-10-26 14:43:00,-0.033 °C
1003,2025-10-26 14:53:00,-0.033 °C
1004,2025-10-26 15:03:00,-0.033 °C
1005,2025-10-26 15:13:00,-0.033 °C
1006,2025-10-26 15:23:00,-0.031 °C
1007,2025-10-26 15:33:00,-0.031 °C
1008,2025-10-26 15:43:00,-0.033 °C
1009,2025-10-26 15:53:00,-0.031 °C
1010,2025-10-26 16:03:00,-0.031 °C
1011,2025-10-26 16:13:00,-0.031 °C
1012,2025-10-26 16:23:00,-0.031 °C
1013,2025-10-26 16:33:00,-0.031 °C
1014,2025-10-26 16:43:00,-0.031 °C
1015,2025-10-26 16:53:00,-0.031 °C
1016,2025-10-26 17:03:00,-0.031 °C
1017,2025-10-26 17:13:00,-0.031 °C
1018,2025-10-26 17:23:00,-0.030 °C
1019,2025-10-26 17:33:00,-0.030 °C
1020,2025-10-26 17:43:00,-0.030 °C
1021,2025-10-26 17:53:00,-0.030 °C
1022,2025-10-26 18:03:00,-0.030 °C
1023,2025-10-26 18:13:00,-0.030 °C
1024,2025-10-26 18:23:00,-0.028 °C
1025,2025-10-26 18:33:00,-0.030 °C
1026,2025-10-26 18:43:00,-0.030 °C
1027,2025-10-26 18:53:00,-0.030 °C
1028,2025-10-26 19:03:00,-0.030 °C
1029,2025-10-26 19:13:00,-0.030 °C
1030,2025-10-26 19:23:00,-0.030 °C
1031,2025-10-26 19:33:00,-0.030 °C
1032,2025-10-26 19:43:00,-0.030 °C
1033,2025-10-26 19:53:00,-0.030 °C
1034,2025-10-26 20:03:00,-0.030 °C
1035,2025-10-26 20:13:00,-0.030 °C
1036,2025-10-26 20:23:00,-0.031 °C
1037,2025-10-26 20:33:00,-0.030 °C
1038,2025-10-26 20:43:00,-0.030 °C
1039,2025-10-26 20:53:00,-0.030 °C
1040,2025-10-26 21:03:00,-0.030 °C
1041,2025-10-26 21:13:00,-0.030 °C
1042,2025-10-26 21:23:00,-0.030 °C
1043,2025-10-26 21:33:00,-0.030 °C
1044,2025-10-26 21:43:00,-0.030 °C
1045,2025-10-26 21:53:00,-0.030 °C
1046,2025-10-26 22:03:00,-0.030 °C
1047,2025-10-26 22:13:00,-0.030 °C
1048,2025-10-26 22:23:00,-0.030 °C
1049,2025-10-26 22:33:00,-0.030 °C
1050,2025-10-26 22:43:00,-0.030 °C
1051,2025-10-26 22:53:00,-0.030 °C
1052,2025-10-26 23:03:00,-0.030 °C
1053,2025-10-26 23:13:00,-0.030 °C
1054,2025-10-26 23:23:00,-0.030 °C
1055,2025-10-26 23:33:00,-0.030 °C
1056,2025-10-26 23:43:00,-0.030 °C
1057,2025-10-26 23:53:00,-0.030 °C
1058,2025-10-27 00:03:00,-0.030 °C
1059,2025-10-27 00:13:00,-0.030 °C
1060,2025-10-27 00:23:00,-0.030 °C
1061,2025-10-27 00:33:00,-0.030 °C
1062,2025-10-27 00:43:00,-0.030 °C
1063,2025-10-27 00:53:00,-0.030 °C
1064,2025-10-27 01:03:00,-0.028 °C
1065,2025-10-27 01:13:00,-0.028 °C
1066,2025-10-27 01:23:00,-0.028 °C
1067,2025-10-27 01:33:00,-0.028 °C
1068,2025-10-27 01:43:00,-0.028 °C
1069,2025-10-27 01:53:00,-0.028 °C
1070,2025-10-27 02:03:00,-0.028 °C
1071,2025-10-27 02:13:00,-0.028 °C
1072,2025-10-27 02:23:00,-0.028 °C
1073,2025-10-27 02:33:00,-0.028 °C
1074,2025-10-27 02:43:00,-0.030 °C
1075,2025-10-27 02:53:00,-0.028 °C
1076,2025-10-27 03:03:00,-0.028 °C
1077,2025-10-27 03:13:00,-0.028 °C
1078,2025-10-27 03:23:00,-0.028 °C
1079,2025-10-27 03:33:00,-0.028 °C
1080,2025-10-27 03:43:00,-0.028 °C
1081,2025-10-27 03:53:00,-0.026 °C
1082,2025-10-27 04:03:00,-0.028 °C
1083,2025-10-27 04:13:00,-0.028 °C
1084,2025-10-27 04:23:00,-0.028 °C
1085,2025-10-27 04:33:00,-0.028 °C
1086,2025-10-27 04:43:00,-0.028 °C
1087,2025-10-27 04:53:00,-0.028 °C
1088,2025-10-27 05:03:00,-0.028 °C
1089,2025-10-27 05:13:00,-0.028 °C
1090,2025-10-27 05:23:00,-0.028 °C
1091,2025-10-27 05:33:00,-0.028 °C
1092,2025-10-27 05:43:00,-0.028 °C
1093,2025-10-27 05:53:00,-0.028 °C
1094,2025-10-27 06:03:00,-0.028 °C
1095,2025-10-27 06:13:00,-0.028 °C
1096,2025-10-27 06:23:00,-0.028 °C
1097,2025-10-27 06:33:00,-0.028 °C
1098,2025-10-27 06:43:00,-0.026 °C
1099,2025-10-27 06:53:00,-0.026 °C
1100,2025-10-27 07:03:00,-0.026 °C
1101,2025-10-27 07:13:00,-0.026 °C
1102,2025-10-27 07:23:00,-0.026 °C
1103,2025-10-27 07:33:00,-0.025 °C
1104,2025-10-27 07:43:00,-0.025 °C
1105,2025-10-27 07:53:00,-0.025 °C
1106,2025-10-27 08:03:00,-0.025 °C
1107,2025-10-27 08:13:00,-0.025 °C
1108,2025-10-27 08:23:00,-0.026 °C
1109,2025-10-27 08:33:00,-0.025 °C
1110,2025-10-27 08:43:00,-0.025 °C
1111,2025-10-27 08:53:00,-0.025 °C
1112,2025-10-27 09:03:00,-0.025 °C
1113,2025-10-27 09:13:00,-0.026 °C
1114,2025-10-27 09:23:00,-0.025 °C
1115,2025-10-27 09:33:00,-0.025 °C
1116,2025-10-27 09:43:00,-0.025 °C
1117,2025-10-27 09:53:00,-0.026 °C
1118,2025-10-27 10:03:00,-0.025 °C
1119,2025-10-27 10:13:00,-0.025 °C
1120,2025-10-27 10:23:00,-0.026 °C
1121,2025-10-27 10:33:00,-0.025 °C
1122,2025-10-27 10:43:00,-0.026 °C
1123,2025-10-27 10:53:00,-0.026 °C
1124,2025-10-27 11:03:00,-0.025 °C
1125,2025-10-27 11:13:00,-0.025 °C
1126,2025-10-27 11:23:00,-0.025 °C
1127,2025-10-27 11:33:00,-0.026 °C
1128,2025-10-27 11:43:00,-0.025 °C
1129,2025-10-27 11:53:00,-0.025 °C
1130,2025-10-27 12:03:00,-0.025 °C
1131,2025-10-27 12:13:00,-0.025 °C
1132,2025-10-27 12:23:00,-0.023 °C
1133,2025-10-27 12:33:00,-0.021 °C
1134,2025-10-27 12:43:00,-0.023 °C
1135,2025-10-27 12:53:00,-0.023 °C
1136,2025-10-27 13:03:00,-0.023 °C
1137,2025-10-27 13:13:00,-0.023 °C
1138,2025-10-27 13:23:00,-0.023 °C
1139,2025-10-27 13:33:00,-0.025 °C
1140,2025-10-27 13:43:00,-0.025 °C
1141,2025-10-27 13:53:00,-0.023 °C
1142,2025-10-27 14:03:00,-0.023 °C
1143,2025-10-27 14:13:00,-0.023 °C
1144,2025-10-27 14:23:00,-0.025 °C
1145,2025-10-27 14:33:00,-0.025 °C
1146,2025-10-27 14:43:00,-0.025 °C
1147,2025-10-27 14:53:00,-0.025 °C
1148,2025-10-27 15:03:00,-0.023 °C
1149,2025-10-27 15:13:00,-0.025 °C
1150,2025-10-27 15:23:00,-0.025 °C
1151,2025-10-27 15:33:00,-0.025 °C
1152,2025-10-27 15:43:00,-0.023 °C
1153,2025-10-27 15:53:00,-0.023 °C
1154,2025-10-27 16:03:00,-0.025 °C
1155,2025-10-27 16:13:00,-0.025 °C
1156,2025-10-27 16:23:00,-0.025 °C
1157,2025-10-27 16:33:00,-0.023 °C
1158,2025-10-27 16:43:00,-0.023 °C
1159,2025-10-27 16:53:00,-0.023 °C
1160,2025-10-27 17:03:00,-0.023 °C
1161,2025-10-27 17:13:00,-0.023 °C
1162,2025-10-27 17:23:00,-0.023 °C
1163,2025-10-27 17:33:00,-0.023 °C
1164,2025-10-27 17:43:00,-0.021 °C
1165,2025-10-27 17:53:00,-0.020 °C
1166,2025-10-27 18:03:00,-0.021 °C
1167,2025-10-27 18:13:00,-0.021 °C
1168,2025-10-27 18:23:00,-0.021 °C
1169,2025-10-27 18:33:00,-0.021 °C
1170,2025-10-27 18:43:00,-0.021 °C
1171,2025-10-27 18:53:00,-0.021 °C
1172,2025-10-27 19:03:00,-0.021 °C
1173,2025-10-27 19:13:00,-0.021 °C
1174,2025-10-27 19:23:00,-0.021 °C
1175,2025-10-27 19:33:00,-0.020 °C
1176,2025-10-27 19:43:00,-0.021 °C
1177,2025-10-27 19:53:00,-0.021 °C
1178,2025-10-27 20:03:00,-0.021 °C
1179,2025-10-27 20:13:00,-0.021 °C
1180,2025-10-27 20:23:00,-0.021 °C
1181,2025-10-27 20:33:00,-0.021 °C
1182,2025-10-27 20:43:00,-0.021 °C
1183,2025-10-27 20:53:00,-0.021 °C
1184,2025-10-27 21:03:00,-0.021 °C
1185,2025-10-27 21:13:00,-0.021 °C
1186,2025-10-27 21:23:00,-0.021 °C
1187,2025-10-27 21:33:00,-0.021 °C
1188,2025-10-27 21:43:00,-0.021 °C
1189,2025-10-27 21:53:00,-0.021 °C
1190,2025-10-27 22:03:00,-0.026 °C
1191,2025-10-27 22:13:00,-0.021 °C
1192,2025-10-27 22:23:00,-0.021 °C
1193,2025-10-27 22:33:00,-0.020 °C
1194,2025-10-27 22:43:00,-0.021 °C
1195,2025-10-27 22:53:00,-0.021 °C
1196,2025-10-27 23:03:00,-0.021 °C
1197,2025-10-27 23:13:00,-0.021 °C
1198,2025-10-27 23:23:00,-0.020 °C
1199,2025-10-27 23:33:00,-0.021 °C
1200,2025-10-27 23:43:00,-0.021 °C
1201,2025-10-27 23:53:00,-0.021 °C
1202,2025-10-28 00:03:00,-0.020 °C
1203,2025-10-28 00:13:00,-0.021 °C
1204,2025-10-28 00:23:00,-0.020 °C
1205,2025-10-28 00:33:00,-0.020 °C
1206,2025-10-28 00:43:00,-0.021 °C
1207,2025-10-28 00:53:00,-0.021 °C
1208,2025-10-28 01:03:00,-0.020 °C
1209,2025-10-28 01:13:00,-0.020 °C
1210,2025-10-28 01:23:00,-0.020 °C
1211,2025-10-28 01:33:00,-0.020 °C
1212,2025-10-28 01:43:00,-0.020 °C
1213,2025-10-28 01:53:00,-0.020 °C
1214,2025-10-28 02:03:00,-0.020 °C
1215,2025-10-28 02:13:00,-0.020 °C
1216,2025-10-28 02:23:00,-0.020 °C
1217,2025-10-28 02:33:00,-0.020 °C
1218,2025-10-28 02:43:00,-0.020 °C
1219,2025-10-28 02:53:00,-0.020 °C
1220,2025-10-28 03:03:00,-0.020 °C
1221,2025-10-28 03:13:00,-0.020 °C
1222,2025-10-28 03:23:00,-0.020 °C
1223,2025-10-28 03:33:00,-0.020 °C
1224,2025-10-28 03:43:00,-0.020 °C
1225,2025-10-28 03:53:00,-0.020 °C
1226,2025-10-28 04:03:00,-0.020 °C
1227,2025-10-28 04:13:00,-0.020 °C
1228,2025-10-28 04:23:00,-0.021 °C
1229,2025-10-28 04:33:00,-0.020 °C
1230,2025-10-28 04:43:00,-0.020 °C
1231,2025-10-28 04:53:00,-0.020 °C
1232,2025-10-28 05:03:00,-0.020 °C
1233,2025-10-28 05:13:00,-0.020 °C
1234,2025-10-28 05:23:00,-0.020 °C
1235,2025-10-28 05:33:00,-0.020 °C
1236,2025-10-28 05:43:00,-0.020 °C
1237,2025-10-28 05:53:00,-0.020 °C
1238,2025-10-28 06:03:00,-0.020 °C
1239,2025-10-28 06:13:00,4.650 °C
1240,2025-10-28 06:23:00,6.944 °C
1241,2025-10-28 06:33:00,16.100 °C
1242,2025-10-28 06:43:00,18.530 °C
