Gosha´s id. nr. ,run,tt,treatment,layer,fum_status,run ,date,h2o_ml,gram_soil,ml til frysetørring ,placering ,bakke nr: ,soil fw (g),DW soil ,Soil water in extract (ml)  ,Sample Number,Name,N Height (nA),delta N15,C Height (nA),delta 13C,weight,PEAnA,PEA15N,PEAnA,PEA13C,gnsnSTD N weight,gnsnSTD C weight,1nA to x mgN STD,1nA to x mgC STD,mg N in sample,mg C in sample,mgN in soil extr,mgC in soil extr,N in soil (IRMS),C in soil (IRMS),%N in peach (not in extract),%C in peach (not in extract),C/N in extract or peach,δ15Nkorr,Nat abun 15N,atom% (15N),APE% 15N,Mic 15N (ug/g),15N-DTN (ug/g),15N in N,MicDiss15N (ug/g),MicDiss15N (ng/g) (not non-fum subtracted),Mic 15N (ng/g) ,Mic N,Mic C,DTN,δ13Ckorr,Nat abun 13C,atom%13C,APE% 13C,Mic 13C (ug/g),13C-DOC (ug/g),13C in C,MicDiss13C (ug/g),MicDiss13C (ng/g) (not non-fum subtracted),Mic 13C (ng/g) ,DOC,Mic C/N
,,,,,,,,,,,,,,,,Sample Number,Name,Height (nA),N15,Height (nA),13C,,,,,,,,,,,,mgN in soilext,mgC in soilext,(μg g-1),(μg g-1),,,ratio,(δ),in AP%,(% of N),(%),(μg g -1[DW]),(μg g -1[DW]),(μg g-1 [N]),(μg g -1[DW]),(nanogram g -1[DW]),(nanogram g -1[DW]),(μg g -1[DW]),(μg g -1[DW]),(μg g -1[DW]),,,,,(μg g -1[DW]),(μg g -1[DW]),(μg g-1 [C]),(μg g -1[DW]),(nanogram g -1[DW]),(nanogram g -1[DW]),(μg g -1[DW]),Mic C/N
1,1,A,SCW,top,ufum,1,20.10.25,100,10.07,30,A1,1,10.07,6.360869565,3.709130435,108,EliseLabexpExtrUfum_bk1_1.raw,7.01,-1.89,6.08,-26.60,x,5.57,3.02,4.00,-25.51,2.25,2.25,0.0114,0.2585,0.080,1.57,0.006,0.113,5.8,113.4,#VALUE!,#VALUE!,19.7,-2.93,0.3685,0.365,-0.003,0.003,0.000,-33,0.003,2.92,3.40,42.7,478.9,5.76,-27.12,1.0809,1.081,0.0005,-0.012,0.001,5,-0.013,-12.57,-12.48,113.4,11.2
2,1,B,BUW,top,ufum,1,20.10.25,100,13.13,30,A2,1,13.13,6.607137356,6.522862644,109,EliseLabexpExtrUfum_bk1_2.raw,2.11,5.61,1.02,-27.37,x,5.57,3.02,4.00,-25.51,2.25,2.25,0.0114,0.2585,0.024,0.26,0.002,0.026,2.4,26.2,#VALUE!,#VALUE!,11.0,4.56,0.3685,0.368,-0.001,0.006,0.000,-6,0.006,6.39,6.43,52.9,353.1,2.38,-27.89,1.0809,1.081,-0.0003,-0.003,0.000,-3,-0.003,-3.49,-2.91,26.2,6.7
3,1,C,BCW,top,ufum,1,20.10.25,100,11.63,30,A3,1,11.63,6.123428202,5.506571798,110,EliseLabexpExtrUfum_bk1_3.raw,0.84,9.45,0.57,-29.63,x,5.57,3.02,4.00,-25.51,2.25,2.25,0.0114,0.2585,0.010,0.15,0.001,0.014,0.9,13.9,#VALUE!,#VALUE!,15.5,8.41,0.3685,0.369,0.001,-0.001,0.000,8,-0.001,-0.68,-0.70,45.8,298.5,0.89,-30.15,1.0809,1.078,-0.0028,-0.004,0.000,-28,-0.005,-4.97,-3.55,13.9,6.5
4,1,D,BCD,top,ufum,1,20.10.25,100,5.33,30,A4,1,5.33,3.528484848,1.801515152,111,EliseLabexpExtrUfum_bk1_4.raw,6.62,1.77,2.37,-27.82,x,5.57,3.02,4.00,-25.51,2.25,2.25,0.0114,0.2585,0.075,0.61,0.005,0.041,5.1,41.3,#VALUE!,#VALUE!,8.1,0.73,0.3685,0.367,-0.002,0.014,0.000,-20,0.014,13.65,13.91,26.8,188.2,5.07,-28.34,1.0809,1.080,-0.0008,-0.008,0.000,-8,-0.010,-9.89,-8.03,41.3,7.0
5,1,E,SUW,top,ufum,1,20.10.25,100,8.89,30,A5,1,8.89,5.416610348,3.473389652,112,EliseLabexpExtrUfum_bk1_5.raw,4.00,1.82,3.07,-28.00,x,5.57,3.02,4.00,-25.51,2.25,2.25,0.0114,0.2585,0.046,0.79,0.003,0.060,3.5,60.3,#VALUE!,#VALUE!,17.4,0.78,0.3685,0.367,-0.002,0.007,0.000,-20,0.007,6.63,6.80,44.3,450.8,3.47,-28.52,1.0809,1.080,-0.0010,-0.013,-0.001,-10,-0.016,-16.20,-13.02,60.3,10.2
6,1,F,SCD,top,ufum,1,20.10.25,100,10.89,30,A6,1,10.89,7.243721973,3.646278027,113,EliseLabexpExtrUfum_bk1_6.raw,8.12,2.20,6.81,-27.50,x,5.57,3.02,4.00,-25.51,2.25,2.25,0.0114,0.2585,0.092,1.76,0.006,0.118,6.2,117.8,#VALUE!,#VALUE!,19.1,1.15,0.3685,0.367,-0.002,0.000,0.000,-18,0.000,,,,1784.2,6.18,-28.02,1.0809,1.080,-0.0005,-0.011,-0.001,-5,-0.014,-13.90,-11.13,117.8,
7,1,G,SUD,top,ufum,1,20.10.25,100,7.66,30,A7,1,7.66,4.677489362,2.982510638,114,EliseLabexpExtrUfum_bk1_7.raw,4.53,8.59,3.62,-28.10,x,5.57,3.02,4.00,-25.51,2.25,2.25,0.0114,0.2585,0.052,0.93,0.004,0.071,3.9,70.9,#VALUE!,#VALUE!,18.1,7.54,0.3685,0.369,0.001,-0.003,0.000,5,-0.003,-3.10,-3.15,79.6,1098.1,3.91,-28.62,1.0809,1.080,-0.0011,-0.021,-0.001,-11,-0.026,-26.00,-21.33,70.9,13.8
8,1,H,BUD,top,ufum,1,20.10.25,100,13.98,30,A8,1,13.98,9.027836991,4.952163009,115,EliseLabexpExtrUfum_bk1_8.raw,0.44,17.51,0.27,-40.40,x,5.57,3.02,4.00,-25.51,2.25,2.25,0.0114,0.2585,0.005,0.07,0.000,0.005,0.4,4.9,#VALUE!,#VALUE!,13.8,16.47,0.3685,0.372,0.004,-0.002,0.000,38,-0.002,-1.57,-1.61,54.0,340.8,0.35,-40.92,1.0809,1.066,-0.0147,0.001,-0.001,-147,-0.001,-1.04,0.66,4.9,6.3
9,2,A,BUD,top,ufum,2,29.10.25,100,9.4,30,A9,1,9.4,5.223089701,4.176910299,116,EliseLabexpExtrUfum_bk1_9.raw,8.55,1500.80,4.32,4.45,x,5.57,3.02,4.00,-25.51,2.25,2.25,0.0114,0.2585,0.097,1.12,0.008,0.097,8.4,96.8,#VALUE!,#VALUE!,11.5,1499.76,0.3685,0.911,0.542,0.317,0.046,5420,0.431,431.04,316.79,34.5,232.9,8.43,3.93,1.0809,1.116,0.0346,0.269,0.034,346,0.386,386.24,268.79,96.8,6.8
10,2,B,BCD,top,ufum,2,29.10.25,100,3.2,30,A10,1,3.2,2.410666667,0.789333333,117,EliseLabexpExtrUfum_bk1_10.raw,2.78,1336.10,1.76,10.69,x,5.57,3.02,4.00,-25.51,2.25,2.25,0.0114,0.2585,0.032,0.45,0.002,0.025,1.7,25.1,#VALUE!,#VALUE!,14.4,1335.05,0.3685,0.851,0.483,0.056,0.008,4826,0.077,76.83,55.78,17.1,123.6,1.74,10.17,1.0809,1.122,0.0415,0.046,0.010,415,0.077,77.49,45.74,25.1,7.2
11,2,C,BCW,top,ufum,2,29.10.25,100,7.69,30,A11,1,7.69,5.093131643,2.596868357,118,EliseLabexpExtrUfum_bk1_11.raw,9.68,904.00,4.47,-16.87,x,5.57,3.02,4.00,-25.51,2.25,2.25,0.0114,0.2585,0.110,1.15,0.007,0.078,7.4,77.7,#VALUE!,#VALUE!,10.5,902.96,0.3685,0.695,0.326,0.370,0.024,3262,0.431,430.97,370.49,45.7,242.7,7.42,-17.39,1.0809,1.092,0.0112,0.228,0.009,112,0.279,278.53,228.22,77.7,5.3
12,2,D,SCD,top,ufum,2,29.10.25,100,9.26,30,B1 ,1,9.26,6.436601746,2.823398254,120,EliseLabexpExtrUfum_bk1_13.raw,19.61,1313.52,13.40,30.36,x,5.57,3.02,4.00,-25.51,2.25,2.25,0.0114,0.2585,0.223,3.46,0.014,0.217,14.0,216.7,#VALUE!,#VALUE!,15.5,1312.48,0.3685,0.843,0.474,0.004,0.066,4744,0.170,169.89,4.31,-10.7,-94.4,13.96,29.84,1.0809,1.144,0.0631,-0.218,0.137,631,0.097,96.84,-217.79,216.7,8.8
13,2,E,SCW,top,ufum,2,29.10.25,100,5.7,30,B2,1,5.7,4.196113074,1.503886926,121,EliseLabexpExtrUfum_bk1_14.raw,8.71,2130.58,7.00,15.03,x,5.57,3.02,4.00,-25.51,2.25,2.25,0.0114,0.2585,0.099,1.81,0.006,0.104,5.7,103.6,#VALUE!,#VALUE!,18.3,2129.54,0.3685,1.137,0.769,0.137,0.044,7688,0.247,246.51,137.48,30.7,283.9,5.67,14.51,1.0809,1.127,0.0463,-0.003,0.048,463,0.117,116.87,-2.59,103.6,9.3
14,2,F,SUD,top,ufum,2,29.10.25,100,10.81,30,B3,1,10.81,5.944469167,4.865530833,122,EliseLabexpExtrUfum_bk1_15.raw,3.46,1503.46,2.84,7.34,x,5.57,3.02,4.00,-25.51,2.25,2.25,0.0114,0.2585,0.039,0.73,0.003,0.064,3.5,64.5,#VALUE!,#VALUE!,18.6,1502.41,0.3685,0.912,0.543,0.636,0.019,5430,0.683,683.26,636.24,80.6,751.9,3.46,6.82,1.0809,1.119,0.0378,0.727,0.024,378,0.878,878.46,726.66,64.5,9.3
15,2,G,BUW,top,ufum,2,29.10.25,100,10,30,B4,1,10,6.357085669,3.642914331,123,EliseLabexpExtrUfum_bk1_16.raw,2.95,1954.72,1.09,-28.49,x,5.57,3.02,4.00,-25.51,2.25,2.25,0.0114,0.2585,0.034,0.28,0.002,0.020,2.4,20.2,#VALUE!,#VALUE!,8.4,1953.67,0.3685,1.074,0.706,0.266,0.017,7056,0.308,308.30,265.97,52.7,281.4,2.40,-29.01,1.0809,1.079,-0.0016,0.164,0.000,-16,0.184,183.99,164.25,20.2,5.3
16,2,H,SUW,top,ufum,2,29.10.25,100,10.56,30,B5,1,10.56,6.107373202,4.452626798,124,EliseLabexpExtrUfum_bk1_17.raw,8.11,1316.35,5.74,2.00,x,5.57,3.02,4.00,-25.51,2.25,2.25,0.0114,0.2585,0.092,1.48,0.008,0.122,7.6,121.5,#VALUE!,#VALUE!,16.1,1315.31,0.3685,0.844,0.475,0.359,0.036,4754,0.449,448.64,358.81,78.7,488.1,7.56,1.48,1.0809,1.113,0.0320,0.393,0.039,320,0.540,539.61,393.34,121.5,6.2
17,3,A,BCD,top,ufum,3,9.10.25,100,16.45,30,B6,1,16.45,9.166169154,7.283830846,125,EliseLabexpExtrUfum_bk1_18.raw,1.61,3059.14,0.89,-27.35,x,5.57,3.02,4.00,-25.51,2.25,2.25,0.0114,0.2585,0.018,0.23,0.002,0.020,1.6,19.7,#VALUE!,#VALUE!,12.5,3058.10,0.3685,1.470,1.101,0.537,0.017,11013,0.580,580.35,536.76,66.0,541.6,1.58,-27.87,1.0809,1.081,-0.0003,0.397,0.000,-3,0.446,446.23,396.79,19.7,8.2
18,3,B,BCW,top,ufum,3,9.10.25,100,8.51,30,B7,1,8.51,4.517249615,3.992750385,126,EliseLabexpExtrUfum_bk1_19.raw,4.12,944.82,2.28,-5.24,x,5.57,3.02,4.00,-25.51,2.25,2.25,0.0114,0.2585,0.047,0.59,0.004,0.054,4.3,54.4,#VALUE!,#VALUE!,12.6,943.77,0.3685,0.709,0.341,0.364,0.015,3410,0.401,401.08,364.23,53.0,281.8,4.32,-5.76,1.0809,1.105,0.0240,0.315,0.013,240,0.387,386.63,314.67,54.4,5.3
19,3,C,BUD,top,ufum,3,9.10.25,100,16.52,30,B8,1,16.52,9.493042603,7.026957397,127,EliseLabexpExtrUfum_bk1_20.raw,2.32,585.50,1.32,-25.52,x,5.57,3.02,4.00,-25.51,2.25,2.25,0.0114,0.2585,0.026,0.34,0.002,0.028,2.2,28.1,#VALUE!,#VALUE!,12.9,584.45,0.3685,0.579,0.211,0.410,0.005,2106,0.422,421.74,410.24,76.2,591.5,2.18,-26.04,1.0809,1.083,0.0017,0.270,0.000,17,0.305,304.82,269.89,28.1,7.8
20,3,D,SUW,top,ufum,3,9.10.25,100,7.29,30,B9,1,7.29,3.10699262,4.18300738,128,EliseLabexpExtrUfum_bk1_21.raw,6.43,1312.64,3.93,7.87,x,5.57,3.02,4.00,-25.51,2.25,2.25,0.0114,0.2585,0.073,1.01,0.009,0.125,9.0,124.9,#VALUE!,#VALUE!,13.9,1311.59,0.3685,0.843,0.474,0.320,0.043,4741,0.427,426.76,320.09,88.1,647.5,9.00,7.35,1.0809,1.119,0.0384,1.442,0.048,384,1.742,1742.42,1442.24,124.9,7.4
21,3,E,SCD,top,ufum,3,9.10.25,100,7.82,30,B10,1,7.82,5.558795181,2.261204819,129,EliseLabexpExtrUfum_bk1_22.raw,12.83,1584.11,8.58,11.38,x,5.57,3.02,4.00,-25.51,2.25,2.25,0.0114,0.2585,0.146,2.22,0.009,0.134,8.8,134.0,#VALUE!,#VALUE!,15.2,1583.07,0.3685,0.941,0.572,0.226,0.050,5721,0.352,351.76,225.53,7.8,39.1,8.83,10.86,1.0809,1.123,0.0423,0.243,0.057,423,0.415,414.96,242.99,134.0,5.0
22,3,F,SUD,top,ufum,3,9.10.25,100,7.15,30,B11,1,7.15,3.866997792,3.283002208,130,EliseLabexpExtrUfum_bk1_23.raw,5.67,1312.25,4.13,-3.05,x,5.57,3.02,4.00,-25.51,2.25,2.25,0.0114,0.2585,0.064,1.07,0.006,0.096,5.8,95.9,#VALUE!,#VALUE!,16.5,1311.20,0.3685,0.842,0.474,0.099,0.027,4739,0.167,167.45,98.76,4.8,97.5,5.80,-3.57,1.0809,1.107,0.0264,0.039,0.025,264,0.108,107.54,39.34,95.9,20.4
23,3,G,BUW,top,ufum,3,9.10.25,100,10.01,30,C1,1,10.01,5.366425957,4.643574043,132,EliseLabexpExtrUfum_bk1_25.raw,2.12,683.97,1.16,-22.63,x,5.57,3.02,4.00,-25.51,2.25,2.25,0.0114,0.2585,0.024,0.30,0.002,0.027,2.2,27.2,#VALUE!,#VALUE!,12.3,682.92,0.3685,0.615,0.246,0.315,0.005,2463,0.329,328.62,315.06,78.0,445.8,2.20,-23.15,1.0809,1.086,0.0049,0.188,0.001,49,0.215,214.86,188.04,27.2,5.7
24,3,H,SCW,top,ufum,3,9.10.25,100,8.89,30,C2,1,8.89,4.460487805,4.429512195,133,EliseLabexpExtrUfum_bk1_26.raw,7.97,1101.73,5.08,-1.67,x,5.57,3.02,4.00,-25.51,2.25,2.25,0.0114,0.2585,0.091,1.31,0.009,0.131,9.0,130.8,#VALUE!,#VALUE!,14.5,1100.69,0.3685,0.766,0.398,0.101,0.036,3978,0.191,190.74,101.00,14.8,103.1,9.02,-2.19,1.0809,1.109,0.0279,0.024,0.037,279,0.118,118.00,23.76,130.8,6.9
25,4,A,BCW,top,ufum,4,18.11.25,100,4.59,30,C3,1,4.59,2.640647841,1.949352159,134,EliseLabexpExtrUfum_bk1_27.raw,2.45,682.95,1.61,-21.61,x,5.57,3.02,4.00,-25.51,2.25,2.25,0.0114,0.2585,0.028,0.42,0.002,0.034,2.3,34.3,#VALUE!,#VALUE!,14.9,681.91,0.3685,0.614,0.246,0.101,0.006,2460,0.115,114.81,100.64,18.7,146.7,2.30,-22.14,1.0809,1.087,0.0060,0.088,0.002,60,0.104,104.30,88.14,34.3,7.9
26,4,B,SCW,top,ufum,4,18.11.25,100,5.44,30,C4,1,5.44,3.674701987,1.765298013,135,EliseLabexpExtrUfum_bk1_28.raw,10.02,92.63,7.56,-25.04,x,5.57,3.02,4.00,-25.51,2.25,2.25,0.0114,0.2585,0.114,1.95,0.007,0.128,7.5,127.7,#VALUE!,#VALUE!,17.1,91.58,0.3685,0.400,0.031,0.008,0.002,312,0.014,13.58,7.77,34.4,379.4,7.46,-25.56,1.0809,1.083,0.0022,-0.009,0.003,22,-0.003,-2.79,-8.82,127.7,11.0
27,4,C,BCD,top,ufum,4,18.11.25,100,7.91,30,C5,1,7.91,5.313756098,2.596243902,136,EliseLabexpExtrUfum_bk1_29.raw,1.62,626.38,1.07,-25.23,x,5.57,3.02,4.00,-25.51,2.25,2.25,0.0114,0.2585,0.018,0.28,0.001,0.018,1.2,18.1,#VALUE!,#VALUE!,14.9,625.33,0.3685,0.594,0.225,0.121,0.003,2254,0.128,127.50,120.64,8.4,73.4,1.22,-25.75,1.0809,1.083,0.0020,0.100,0.000,20,0.113,113.30,99.89,18.1,8.8
28,4,D,SUD,top,ufum,4,18.11.25,100,4.96,30,C6,1,4.96,3.052307692,1.907692308,137,EliseLabexpExtrUfum_bk1_30.raw,10.00,1475.83,4.91,7.49,x,5.57,3.02,4.00,-25.51,2.25,2.25,0.0114,0.2585,0.114,1.27,0.009,0.095,8.5,95.3,#VALUE!,#VALUE!,11.2,1474.78,0.3685,0.902,0.533,0.112,0.046,5330,0.226,225.82,112.07,13.8,98.3,8.54,6.97,1.0809,1.119,0.0380,0.027,0.036,380,0.120,120.47,26.67,95.3,7.1
29,4,E,BUW,top,ufum,4,18.11.25,100,17.48,30,C7,1,17.48,9.536022305,7.943977695,138,EliseLabexpExtrUfum_bk1_31.raw,1.70,839.59,1.12,-14.65,x,5.57,3.02,4.00,-25.51,2.25,2.25,0.0114,0.2585,0.019,0.29,0.002,0.026,1.7,25.7,#VALUE!,#VALUE!,15.0,838.54,0.3685,0.671,0.303,0.213,0.005,3028,0.226,226.14,213.13,36.7,339.5,1.72,-15.17,1.0809,1.095,0.0137,0.136,0.004,137,0.161,161.42,135.67,25.7,9.2
30,4,F,SUW,top,ufum,4,18.11.25,100,11.67,30,C8,1,11.67,5.598257757,6.071742243,139,EliseLabexpExtrUfum_bk1_32.raw,7.48,879.67,4.02,-4.25,x,5.57,3.02,4.00,-25.51,2.25,2.25,0.0114,0.2585,0.085,1.04,0.009,0.110,9.0,109.9,#VALUE!,#VALUE!,12.2,878.62,0.3685,0.686,0.317,0.309,0.029,3173,0.380,380.18,308.81,34.5,245.7,9.00,-4.77,1.0809,1.106,0.0251,0.110,0.028,251,0.193,192.79,110.12,109.9,7.1
31,4,G,BUD,top,ufum,4,18.11.25,100,15.56,30,C9,1,15.56,10.99663761,4.563362391,140,EliseLabexpExtrUfum_bk1_33.raw,2.75,299.89,1.95,-25.81,x,5.57,3.02,4.00,-25.51,2.25,2.25,0.0114,0.2585,0.031,0.50,0.002,0.031,1.9,30.8,#VALUE!,#VALUE!,16.1,298.84,0.3685,0.475,0.107,0.252,0.002,1067,0.257,257.33,252.24,24.9,205.3,1.91,-26.33,1.0809,1.082,0.0014,0.175,0.000,14,0.198,198.23,175.26,30.8,8.3
32,4,H,SCD,top,ufum,4,18.11.25,100,7.53,30,C10,1,7.53,4.843296,2.686704,141,EliseLabexpExtrUfum_bk1_34.raw,8.04,284.11,5.11,-20.52,x,5.57,3.02,4.00,-25.51,2.25,2.25,0.0114,0.2585,0.092,1.32,0.006,0.093,6.4,93.0,#VALUE!,#VALUE!,14.4,283.06,0.3685,0.469,0.101,0.065,0.006,1009,0.081,81.07,64.84,10.9,153.5,6.43,-21.04,1.0809,1.088,0.0072,0.028,0.007,72,0.048,47.91,27.70,93.0,14.1
33,5,A,SUW,top,ufum,5,27.11.25,100,11.8,30,C11,1,11.8,6.779247911,5.020752089,142,EliseLabexpExtrUfum_bk1_35.raw,8.85,1276.30,7.07,-2.86,x,5.57,3.02,4.00,-25.51,2.25,2.25,0.0114,0.2585,0.101,1.83,0.008,0.151,8.3,151.0,#VALUE!,#VALUE!,18.1,1275.26,0.3685,0.829,0.461,-0.096,0.038,4609,0.000,,,,,8.33,-3.38,1.0809,1.108,0.0266,,0.040,266,,,,151.0,
34,5,B,SUD,top,ufum,5,27.11.25,100,7.67,30,D1,1,7.67,4.504004914,3.165995086,144,EliseLabexpExtrUfum_bk1_37.raw,3.34,844.01,3.71,-10.08,x,5.57,3.02,4.00,-25.51,2.25,2.25,0.0114,0.2585,0.038,0.96,0.003,0.077,3.1,76.9,#VALUE!,#VALUE!,25.2,842.97,0.3685,0.673,0.304,0.113,0.009,3044,0.136,135.77,112.55,10.2,168.0,3.05,-10.60,1.0809,1.100,0.0187,0.051,0.014,187,0.093,92.86,50.60,76.9,16.4
35,5,C,SCW,top,ufum,5,27.11.25,100,7.93,30,D2,1,7.93,4.531428571,3.398571429,145,EliseLabexpExtrUfum_bk1_38.raw,2.34,488.01,2.16,-17.81,x,5.57,3.02,4.00,-25.51,2.25,2.25,0.0114,0.2585,0.027,0.56,0.002,0.047,2.2,46.6,#VALUE!,#VALUE!,21.0,486.96,0.3685,0.544,0.175,0.268,0.004,1751,0.278,277.78,268.07,18.7,377.7,2.22,-18.33,1.0809,1.091,0.0102,0.125,0.005,102,0.152,152.37,124.89,46.6,20.2
36,5,D,BUD,top,ufum,5,27.11.25,100,7.41,30,D3,1,7.41,5.108757764,2.301242236,146,EliseLabexpExtrUfum_bk1_39.raw,3.88,899.21,2.77,-8.82,x,5.57,3.02,4.00,-25.51,2.25,2.25,0.0114,0.2585,0.044,0.72,0.003,0.045,2.8,45.3,#VALUE!,#VALUE!,16.2,898.16,0.3685,0.693,0.324,0.282,0.009,3244,0.305,305.09,282.39,8.0,83.7,2.80,-9.34,1.0809,1.101,0.0201,0.201,0.009,201,0.249,248.72,200.88,45.3,10.4
37,5,E,BCD,top,ufum,5,27.11.25,100,2.45,30,D4,1,2.45,1.762407681,0.687592319,147,EliseLabexpExtrUfum_bk1_40.raw,2.20,87.19,2.95,-26.28,x,5.57,3.02,4.00,-25.51,2.25,2.25,0.0114,0.2585,0.025,0.76,0.001,0.045,1.5,45.2,#VALUE!,#VALUE!,30.4,86.15,0.3685,0.398,0.029,0.017,0.000,292,0.018,18.14,17.05,3.9,61.1,1.49,-26.80,1.0809,1.082,0.0009,0.013,0.000,9,0.015,15.40,12.81,45.2,15.6
38,5,F,BCW,top,ufum,5,27.11.25,100,4.43,30,D5,1,4.43,2.521329787,1.908670213,148,EliseLabexpExtrUfum_bk1_41.raw,1.75,643.49,1.53,-16.04,x,5.57,3.02,4.00,-25.51,2.25,2.25,0.0114,0.2585,0.020,0.39,0.002,0.033,1.7,33.1,#VALUE!,#VALUE!,19.8,642.44,0.3685,0.600,0.232,0.131,0.004,2316,0.140,140.19,130.54,16.9,180.4,1.67,-16.56,1.0809,1.093,0.0121,0.074,0.004,121,0.093,92.95,73.71,33.1,10.7
39,5,G,SCD,top,ufum,5,27.11.25,100,6.06,30,D6,1,6.06,4.126294682,1.933705318,149,EliseLabexpExtrUfum_bk1_42.raw,6.47,1240.71,7.06,-5.34,x,5.57,3.02,4.00,-25.51,2.25,2.25,0.0114,0.2585,0.074,1.82,0.005,0.118,4.8,117.8,#VALUE!,#VALUE!,24.8,1239.67,0.3685,0.817,0.448,0.287,0.021,4481,0.341,340.70,287.41,19.4,256.9,4.76,-5.86,1.0809,1.105,0.0239,0.106,0.028,239,0.190,190.15,106.49,117.8,13.2
40,5,H,BUW,top,ufum,5,27.11.25,100,9.03,30,D7,1,9.03,4.8304811,4.1995189,150,EliseLabexpExtrUfum_bk1_43.raw,0.57,145.94,0.41,-30.39,x,5.57,3.02,4.00,-25.51,2.25,2.25,0.0114,0.2585,0.007,0.11,0.001,0.010,0.6,9.7,#VALUE!,#VALUE!,16.2,144.90,0.3685,0.419,0.051,0.109,0.000,506,0.110,110.03,109.28,21.6,232.5,0.60,-30.91,1.0809,1.077,-0.0036,0.096,0.000,-36,0.107,106.89,95.80,9.7,10.7
41,6,A,SCD,top,ufum,6,6.12.25,100,6.04,30,D8,1,6.04,4.561589958,1.478410042,151,EliseLabexpExtrUfum_bk1_44.raw,9.36,1010.86,8.85,-10.24,x,5.57,3.02,4.00,-25.51,2.25,2.25,0.0114,0.2585,0.106,2.29,0.006,0.126,5.9,125.7,#VALUE!,#VALUE!,21.5,1009.82,0.3685,0.733,0.365,0.140,0.021,3649,0.194,193.65,140.28,13.4,183.6,5.85,-10.76,1.0809,1.099,0.0185,0.031,0.023,185,0.093,93.44,31.38,125.7,13.7
42,6,B,BUD,top,ufum,6,6.12.25,100,5.61,30,D9,1,5.61,3.28862069,2.32137931,152,EliseLabexpExtrUfum_bk1_45.raw,1.83,98.05,1.24,-25.64,x,5.57,3.02,4.00,-25.51,2.25,2.25,0.0114,0.2585,0.021,0.32,0.002,0.026,1.7,25.7,#VALUE!,#VALUE!,15.4,97.01,0.3685,0.402,0.033,0.132,0.001,331,0.134,133.60,132.22,25.6,202.6,1.67,-26.16,1.0809,1.082,0.0016,0.076,0.000,16,0.086,85.96,75.51,25.7,7.9
43,6,C,SUD,top,ufum,6,6.12.25,100,5.67,30,D10,1,5.67,3.073531034,2.596468966,153,EliseLabexpExtrUfum_bk1_46.raw,10.55,142.98,6.72,-25.03,x,5.57,3.02,4.00,-25.51,2.25,2.25,0.0114,0.2585,0.120,1.74,0.011,0.156,10.8,155.8,#VALUE!,#VALUE!,14.5,141.94,0.3685,0.418,0.050,0.095,0.005,495,0.109,108.58,95.26,5.1,13.2,10.76,-25.55,1.0809,1.083,0.0022,0.036,0.004,22,0.050,49.63,36.33,155.8,2.6
44,6,D,SCW,top,ufum,6,6.12.25,100,6.1,30,D11,1,6.1,3.837096774,2.262903226,154,EliseLabexpExtrUfum_bk1_47.raw,2.78,1122.56,2.65,-3.98,x,5.57,3.02,4.00,-25.51,2.25,2.25,0.0114,0.2585,0.032,0.69,0.002,0.050,2.3,49.8,#VALUE!,#VALUE!,21.7,1121.52,0.3685,0.774,0.405,0.312,0.009,4053,0.335,335.15,311.88,26.4,241.0,2.30,-4.50,1.0809,1.106,0.0254,0.144,0.013,254,0.194,194.13,144.48,49.8,9.1
45,6,E,BCW,top,ufum,6,6.12.25,100,8.45,30,E1,1,8.45,5.483046472,2.966953528,156,EliseLabexpExtrUfum_bk1_49.raw,2.04,553.11,1.37,-15.71,x,5.57,3.02,4.00,-25.51,2.25,2.25,0.0114,0.2585,0.023,0.35,0.002,0.025,1.6,24.6,#VALUE!,#VALUE!,15.2,552.06,0.3685,0.567,0.199,0.129,0.003,1988,0.137,137.07,129.06,8.9,98.3,1.61,-16.23,1.0809,1.093,0.0125,0.107,0.003,125,0.128,127.56,106.57,24.6,11.1
46,6,F,BUW,top,ufum,6,6.12.25,100,3.85,30,E2,1,3.85,2.604411765,1.245588235,157,EliseLabexpExtrUfum_bk1_50.raw,0.84,273.73,0.66,-18.84,x,5.57,3.02,4.00,-25.51,2.25,2.25,0.0114,0.2585,0.010,0.17,0.001,0.011,0.6,11.2,#VALUE!,#VALUE!,17.8,272.68,0.3685,0.466,0.097,0.090,0.001,972,0.092,91.78,90.26,15.8,149.6,0.63,-19.36,1.0809,1.090,0.0090,0.073,0.001,90,0.085,84.90,73.23,11.2,9.5
47,6,G,SUW,top,ufum,6,6.12.25,100,8.72,30,E3,1,8.72,4.484968153,4.235031847,158,EliseLabexpExtrUfum_bk1_51.raw,5.61,1707.24,4.73,8.99,x,5.57,3.02,4.00,-25.51,2.25,2.25,0.0114,0.2585,0.064,1.22,0.006,0.118,6.1,117.6,#VALUE!,#VALUE!,19.1,1706.19,0.3685,0.985,0.617,0.101,0.038,6165,0.196,195.91,101.23,14.5,186.3,6.14,8.47,1.0809,1.121,0.0396,-0.006,0.047,396,0.110,109.71,-6.09,117.6,12.9
48,6,H,BCD,top,ufum,6,6.12.25,100,2.46,30,E4,1,2.46,2.017553957,0.442446043,159,EliseLabexpExtrUfum_bk1_52.raw,2.83,63.57,2.06,-27.40,x,5.57,3.02,4.00,-25.51,2.25,2.25,0.0114,0.2585,0.032,0.53,0.002,0.025,1.5,25.5,#VALUE!,#VALUE!,16.5,62.53,0.3685,0.389,0.021,0.001,0.000,206,0.001,1.33,0.54,8.5,100.3,1.54,-27.92,1.0809,1.081,-0.0004,-0.005,0.000,-4,-0.005,-5.47,-4.65,25.5,11.7
97,1,A,SCW,mid,ufum,,20.10.25,100,20,30,E5,1,20,8.110582445,4.729417555,160,EliseLabexpExtrUfum_bk1_53.raw,3.87,5.16,1.94,-25.13,x,5.57,3.02,4.00,-25.51,2.25,2.25,0.0114,0.2585,0.044,0.50,0.004,0.051,4.5,50.9,#VALUE!,#VALUE!,11.4,4.12,0.3685,0.368,-0.001,0.000,0.000,-7,0.000,-0.40,-0.32,37.4,299.5,4.47,-25.65,1.0809,1.083,0.0021,0.003,0.001,21,0.006,6.06,2.97,50.9,8.0
98,1,B,BUW,mid,ufum,,20.10.25,100,20,30,E6,1,20,6.642362003,6.557637997,161,EliseLabexpExtrUfum_bk1_54.raw,2.11,5.62,1.16,-25.05,x,5.57,3.02,4.00,-25.51,2.25,2.25,0.0114,0.2585,0.024,0.30,0.003,0.040,3.2,39.8,#VALUE!,#VALUE!,12.4,4.58,0.3685,0.368,-0.001,0.000,0.000,-6,0.000,0.31,0.36,12.2,102.6,3.20,-25.58,1.0809,1.083,0.0022,0.002,0.001,22,0.004,4.44,1.98,39.8,8.4
99,1,C,BCW,mid,ufum,,20.10.25,100,20,30,E7,1,20,6.060245796,5.449754204,162,EliseLabexpExtrUfum_bk1_55.raw,0.78,12.61,0.44,-24.71,x,5.57,3.02,4.00,-25.51,2.25,2.25,0.0114,0.2585,0.009,0.11,0.001,0.016,1.2,16.0,#VALUE!,#VALUE!,12.9,11.56,0.3685,0.370,0.002,0.000,0.000,20,0.001,0.50,0.44,6.9,69.7,1.24,-25.23,1.0809,1.083,0.0026,0.001,0.000,26,0.002,2.21,1.04,16.0,10.1
100,1,D,BCD,mid,ufum,,20.10.25,100,20,30,E8,1,20,4.72009324,2.40990676,163,EliseLabexpExtrUfum_bk1_56.raw,2.36,11.61,1.24,-25.41,x,5.57,3.02,4.00,-25.51,2.25,2.25,0.0114,0.2585,0.027,0.32,0.004,0.051,4.2,50.9,#VALUE!,#VALUE!,12.0,10.57,0.3685,0.370,0.002,0.000,0.000,16,0.000,0.25,0.08,7.4,46.8,4.25,-25.93,1.0809,1.083,0.0018,0.001,0.001,18,0.003,3.40,0.95,50.9,6.4
101,1,E,SUW,mid,ufum,,20.10.25,100,20,30,E9,1,20,5.983252376,3.836747624,164,EliseLabexpExtrUfum_bk1_57.raw,0.95,17.91,0.50,-23.54,x,5.57,3.02,4.00,-25.51,2.25,2.25,0.0114,0.2585,0.011,0.13,0.001,0.017,1.4,17.3,#VALUE!,#VALUE!,12.1,16.87,0.3685,0.372,0.004,0.000,0.000,39,0.000,0.43,0.29,18.5,189.5,1.43,-24.06,1.0809,1.085,0.0039,0.002,0.001,39,0.004,3.69,1.79,17.3,10.3
102,1,F,SCD,mid,ufum,,20.10.25,100,20,30,E10,1,20,8.580717489,4.319282511,165,EliseLabexpExtrUfum_bk1_58.raw,1.29,3.73,0.81,-25.22,x,5.57,3.02,4.00,-25.51,2.25,2.25,0.0114,0.2585,0.015,0.21,0.001,0.020,1.4,19.8,#VALUE!,#VALUE!,14.3,2.69,0.3685,0.367,-0.001,0.000,0.000,-13,0.000,0.22,0.26,24.2,242.4,1.38,-25.74,1.0809,1.083,0.0020,0.003,0.000,20,0.004,4.07,2.72,19.8,10.0
103,1,G,SUD,mid,ufum,,20.10.25,100,20,30,E11,1,20,5.727787234,3.652212766,166,EliseLabexpExtrUfum_bk1_59.raw,0.75,7.08,0.44,-24.00,x,5.57,3.02,4.00,-25.51,2.25,2.25,0.0114,0.2585,0.009,0.11,0.001,0.016,1.2,15.6,#VALUE!,#VALUE!,13.4,6.03,0.3685,0.368,0.000,-0.001,0.000,0,-0.001,-0.93,-0.93,55.2,496.5,1.17,-24.52,1.0809,1.084,0.0034,0.003,0.001,34,0.005,4.63,2.94,15.6,9.0
104,1,H,BUD,mid,ufum,,20.10.25,100,20,30,F1,1,20,7.077617555,3.882382445,168,EliseLabexpExtrUfum_bk1_61.raw,1.43,6.31,0.90,-24.65,x,5.57,3.02,4.00,-25.51,2.25,2.25,0.0114,0.2585,0.016,0.23,0.002,0.026,1.8,26.1,#VALUE!,#VALUE!,14.3,5.26,0.3685,0.368,0.000,0.000,0.000,-3,0.000,-0.16,-0.14,27.3,295.0,1.83,-25.17,1.0809,1.084,0.0027,0.003,0.001,27,0.005,5.30,3.17,26.1,10.8
105,2,A,BUD,mid,ufum,,29.10.25,100,20,30,F2,1,20,7.934651163,6.345348837,169,EliseLabexpExtrUfum_bk1_62.raw,2.36,3510.21,1.25,20.28,x,5.57,3.02,4.00,-25.51,2.25,2.25,0.0114,0.2585,0.027,0.32,0.003,0.036,3.0,35.7,#VALUE!,#VALUE!,12.0,3509.16,0.3685,1.631,1.262,0.016,0.037,12620,0.110,110.09,16.48,-3.1,-30.7,2.97,19.76,1.0809,1.133,0.0520,0.161,0.019,520,0.227,227.08,160.53,35.7,9.8
106,2,B,BCD,mid,ufum,,29.10.25,100,20,30,F3,1,20,1.8306,0.5994,170,EliseLabexpExtrUfum_bk1_63.raw,1.04,1437.85,0.54,-17.31,x,5.57,3.02,4.00,-25.51,2.25,2.25,0.0114,0.2585,0.012,0.14,0.004,0.053,4.4,52.8,#VALUE!,#VALUE!,11.9,1436.80,0.3685,0.888,0.519,-0.050,0.023,5193,0.007,7.49,-50.25,-7.9,-89.1,4.45,-17.83,1.0809,1.092,0.0107,-0.001,0.006,107,0.013,12.53,-1.46,52.8,11.3
107,2,C,BCW,mid,ufum,,29.10.25,100,20,30,F4,1,20,7.576778414,3.863221586,171,EliseLabexpExtrUfum_bk1_64.raw,1.12,2014.75,0.62,-19.81,x,5.57,3.02,4.00,-25.51,2.25,2.25,0.0114,0.2585,0.013,0.16,0.001,0.017,1.3,16.9,#VALUE!,#VALUE!,12.6,2013.71,0.3685,1.096,0.727,0.038,0.010,7272,0.062,62.17,37.78,3.2,27.0,1.34,-20.33,1.0809,1.089,0.0080,0.084,0.001,80,0.098,98.09,84.19,16.9,8.6
108,2,D,SCD,mid,ufum,,29.10.25,100,20,30,F5,1,20,5.095063801,2.234936199,172,EliseLabexpExtrUfum_bk1_65.raw,3.87,740.24,1.84,-12.79,x,5.57,3.02,4.00,-25.51,2.25,2.25,0.0114,0.2585,0.044,0.48,0.006,0.069,6.4,69.2,#VALUE!,#VALUE!,10.8,739.19,0.3685,0.635,0.267,0.011,0.017,2668,0.053,53.47,10.76,-5.8,-51.1,6.40,-13.31,1.0809,1.097,0.0157,0.041,0.011,157,0.073,73.38,41.10,69.2,8.8
109,2,E,SCW,mid,ufum,,29.10.25,100,20,30,F6,1,20,5.086866902,1.823133098,173,EliseLabexpExtrUfum_bk1_66.raw,1.51,567.99,0.85,-17.99,x,5.57,3.02,4.00,-25.51,2.25,2.25,0.0114,0.2585,0.017,0.22,0.002,0.032,2.5,31.6,#VALUE!,#VALUE!,12.9,566.95,0.3685,0.573,0.204,0.095,0.005,2042,0.107,107.09,94.57,6.5,42.6,2.45,-18.52,1.0809,1.091,0.0100,0.117,0.003,100,0.140,139.59,117.07,31.6,6.6
110,2,F,SUD,mid,ufum,,29.10.25,100,20,30,F7,1,20,9.089923713,7.440076287,174,EliseLabexpExtrUfum_bk1_67.raw,0.98,163.13,0.60,-19.90,x,5.57,3.02,4.00,-25.51,2.25,2.25,0.0114,0.2585,0.011,0.16,0.001,0.016,1.1,15.7,#VALUE!,#VALUE!,14.0,162.08,0.3685,0.425,0.057,0.023,0.001,569,0.024,24.15,22.56,5.8,40.5,1.12,-20.42,1.0809,1.089,0.0079,0.035,0.001,79,0.042,42.16,34.73,15.7,6.9
111,2,G,BUW,mid,ufum,,29.10.25,100,20,30,F8,1,20,7.495004003,4.294995997,175,EliseLabexpExtrUfum_bk1_68.raw,0.80,659.82,0.41,-13.80,x,5.57,3.02,4.00,-25.51,2.25,2.25,0.0114,0.2585,0.009,0.11,0.001,0.011,1.0,11.5,#VALUE!,#VALUE!,11.7,658.78,0.3685,0.606,0.238,0.042,0.002,2376,0.048,47.98,42.16,1.5,18.7,0.98,-14.32,1.0809,1.095,0.0146,0.087,0.002,146,0.103,102.57,87.46,11.5,12.7
112,2,H,SUW,mid,ufum,,29.10.25,100,20,30,F9,1,20,5.864466313,4.275533687,176,EliseLabexpExtrUfum_bk1_69.raw,1.90,209.35,1.17,-19.42,x ,5.57,3.02,4.00,-25.51,2.25,2.25,0.0114,0.2585,0.022,0.30,0.003,0.042,3.0,41.8,#VALUE!,#VALUE!,14.0,208.30,0.3685,0.442,0.074,0.075,0.002,737,0.081,80.65,75.14,3.7,37.4,2.99,-19.94,1.0809,1.089,0.0084,0.112,0.004,84,0.135,135.01,112.19,41.8,10.1
113,3,A,BCD,mid,ufum,,9.10.25,100,20,30,F10,1,20,9.450348259,7.509651741,177,EliseLabexpExtrUfum_bk1_70.raw,1.06,428.62,0.54,-23.49,x ,5.57,3.02,4.00,-25.51,2.25,2.25,0.0114,0.2585,0.012,0.14,0.001,0.013,1.2,13.5,#VALUE!,#VALUE!,11.5,427.58,0.3685,0.522,0.154,0.029,0.002,1535,0.033,33.35,28.86,18.8,177.7,1.17,-24.01,1.0809,1.085,0.0039,0.041,0.001,39,0.048,47.51,41.05,13.5,9.5
114,3,B,BCW,mid,ufum,,9.10.25,100,20,30,F11,1,20,5.817750385,5.142249615,178,EliseLabexpExtrUfum_bk1_71.raw,0.62,632.50,0.33,-19.95,x ,5.57,3.02,4.00,-25.51,2.25,2.25,0.0114,0.2585,0.007,0.09,0.001,0.012,1.0,12.4,#VALUE!,#VALUE!,12.3,631.46,0.3685,0.596,0.228,0.116,0.002,2277,0.122,121.55,115.81,6.9,74.5,1.01,-20.47,1.0809,1.089,0.0078,0.194,0.001,78,0.221,220.59,193.91,12.4,10.8
115,3,C,BUD,mid,ufum,,9.10.25,100,20,30,G1,1,20,7.315159343,5.414840657,180,EliseLabexpExtrUfum_bk1_73.raw,1.08,190.99,0.57,-21.32,x ,5.57,3.02,4.00,-25.51,2.25,2.25,0.0114,0.2585,0.012,0.15,0.001,0.017,1.4,17.0,#VALUE!,#VALUE!,11.9,189.94,0.3685,0.436,0.067,0.029,0.001,670,0.032,31.59,29.21,8.6,124.1,1.42,-21.84,1.0809,1.087,0.0063,0.043,0.001,63,0.051,51.34,43.25,17.0,14.4
116,3,D,SUW,mid,ufum,,9.10.25,100,20,30,G2,1,20,3.401070111,4.578929889,181,EliseLabexpExtrUfum_bk1_74.raw,3.88,108.16,1.92,-23.77,x ,5.57,3.02,4.00,-25.51,2.25,2.25,0.0114,0.2585,0.044,0.50,0.011,0.120,10.6,119.7,#VALUE!,#VALUE!,11.3,107.12,0.3685,0.405,0.037,0.108,0.004,368,0.117,117.35,107.56,19.5,149.4,10.63,-24.29,1.0809,1.085,0.0036,0.115,0.004,36,0.140,140.38,115.13,119.7,7.6
117,3,E,SCD,mid,ufum,,9.10.25,100,20,30,G3,1,20,3.36939759,1.37060241,182,EliseLabexpExtrUfum_bk1_75.raw,1.26,133.44,0.79,-20.96,x ,5.57,3.02,4.00,-25.51,2.25,2.25,0.0114,0.2585,0.014,0.21,0.003,0.043,3.0,43.4,#VALUE!,#VALUE!,14.3,132.39,0.3685,0.415,0.046,0.135,0.001,460,0.139,138.60,135.10,11.7,114.4,3.04,-21.48,1.0809,1.088,0.0067,0.136,0.003,67,0.160,160.22,135.95,43.4,9.8
118,3,F,SUD,mid,ufum,,9.10.25,100,20,30,G4,1,20,3.077373068,2.612626932,183,EliseLabexpExtrUfum_bk1_76.raw,0.96,352.96,0.57,-16.06,x ,5.57,3.02,4.00,-25.51,2.25,2.25,0.0114,0.2585,0.011,0.15,0.003,0.036,2.7,36.2,#VALUE!,#VALUE!,13.5,351.92,0.3685,0.495,0.126,0.085,0.003,1260,0.093,93.04,84.64,3.7,48.4,2.67,-16.58,1.0809,1.093,0.0121,0.123,0.004,121,0.149,149.12,122.83,36.2,12.9
119,3,G,BUW,mid,ufum,,9.10.25,100,20,30,G5,1,20,6.336778702,5.483221298,184,EliseLabexpExtrUfum_bk1_77.raw,1.57,1914.29,0.82,1.50,x ,5.57,3.02,4.00,-25.51,2.25,2.25,0.0114,0.2585,0.018,0.21,0.002,0.028,2.4,28.3,#VALUE!,#VALUE!,11.8,1913.25,0.3685,1.060,0.691,0.011,0.017,6911,0.052,51.99,10.64,6.7,98.5,2.39,0.98,1.0809,1.112,0.0314,0.052,0.009,314,0.081,80.89,52.15,28.3,14.6
120,3,H,SCW,mid,ufum,,9.10.25,100,20,30,G6,1,20,4.204599303,4.175400697,185,EliseLabexpExtrUfum_bk1_78.raw,1.68,344.67,0.94,-14.58,x ,5.57,3.02,4.00,-25.51,2.25,2.25,0.0114,0.2585,0.019,0.24,0.004,0.046,3.7,46.3,#VALUE!,#VALUE!,12.7,343.63,0.3685,0.491,0.123,0.071,0.004,1230,0.082,82.24,71.00,5.0,79.0,3.65,-15.10,1.0809,1.095,0.0137,0.103,0.006,137,0.132,132.26,103.43,46.3,15.8
121,4,A,BCW,mid,ufum,,18.11.25,100,20,30,G7,1,20,4.729003322,3.490996678,186,EliseLabexpExtrUfum_bk1_79.raw,2.22,2515.13,1.21,-19.75,x,5.57,3.02,4.00,-25.51,2.25,2.25,0.0114,0.2585,0.025,0.31,0.004,0.052,4.2,51.7,#VALUE!,#VALUE!,12.3,2514.08,0.3685,1.275,0.907,0.220,0.038,9068,0.314,314.43,219.56,17.1,141.6,4.19,-20.27,1.0809,1.089,0.0081,0.411,0.004,81,0.473,473.09,411.28,51.7,8.3
122,4,B,SCW,mid,ufum,,18.11.25,100,20,30,G8,1,20,3.431523179,1.648476821,187,EliseLabexpExtrUfum_bk1_80.raw,5.22,1086.47,2.81,-1.84,x ,5.57,3.02,4.00,-25.51,2.25,2.25,0.0114,0.2585,0.059,0.73,0.012,0.153,12.5,152.8,#VALUE!,#VALUE!,12.2,1085.42,0.3685,0.761,0.392,0.099,0.049,3923,0.222,221.62,99.05,7.5,29.4,12.50,-2.36,1.0809,1.109,0.0277,0.089,0.042,277,0.206,206.03,88.97,152.8,3.9
123,4,C,BCD,mid,ufum,,18.11.25,100,20,30,G9,1,20,5.951944251,2.908055749,188,EliseLabexpExtrUfum_bk1_81.raw,1.76,718.24,1.09,-21.91,x ,5.57,3.02,4.00,-25.51,2.25,2.25,0.0114,0.2585,0.020,0.28,0.003,0.036,2.6,36.3,#VALUE!,#VALUE!,14.1,717.20,0.3685,0.627,0.259,0.210,0.007,2588,0.227,226.86,210.21,16.6,167.2,2.57,-22.43,1.0809,1.087,0.0057,0.287,0.002,57,0.328,328.16,287.12,36.3,10.1
124,4,D,SUD,mid,ufum,,18.11.25,100,20,30,G10,1,20,2.603076923,1.626923077,189,EliseLabexpExtrUfum_bk1_82.raw,0.88,1186.86,0.54,0.55,x ,5.57,3.02,4.00,-25.51,2.25,2.25,0.0114,0.2585,0.010,0.14,0.003,0.039,2.8,38.8,#VALUE!,#VALUE!,13.9,1185.81,0.3685,0.797,0.429,0.098,0.012,4286,0.127,127.34,97.53,4.4,51.9,2.78,0.03,1.0809,1.111,0.0304,0.177,0.012,304,0.228,228.41,176.85,38.8,11.9
125,4,E,BUW,mid,ufum,,18.11.25,100,20,30,G11,1,20,7.83394052,6.52605948,190,EliseLabexpExtrUfum_bk1_83.raw,0.67,411.31,0.34,-18.25,x ,5.57,3.02,4.00,-25.51,2.25,2.25,0.0114,0.2585,0.008,0.09,0.001,0.010,0.9,9.8,#VALUE!,#VALUE!,11.5,410.26,0.3685,0.516,0.147,0.113,0.001,1472,0.116,116.29,113.14,12.6,136.3,0.86,-18.77,1.0809,1.091,0.0097,0.171,0.001,97,0.195,195.12,171.32,9.8,10.8
126,4,F,SUW,mid,ufum,,18.11.25,100,20,30,H1,1,20,5.0849642,5.5150358,192,EliseLabexpExtrUfum_bk1_85.raw,1.82,173.50,0.94,-19.67,x ,5.57,3.02,4.00,-25.51,2.25,2.25,0.0114,0.2585,0.021,0.24,0.003,0.041,3.5,40.5,#VALUE!,#VALUE!,11.7,172.45,0.3685,0.429,0.061,0.097,0.002,606,0.103,102.59,97.33,12.1,108.3,3.47,-20.19,1.0809,1.089,0.0081,0.099,0.003,81,0.120,120.18,99.50,40.5,8.9
127,4,G,BUD,mid,ufum,,18.11.25,100,20,30,H2,1,20,10.67861146,4.431388543,193,EliseLabexpExtrUfum_bk1_86.raw,1.19,894.35,0.64,-11.30,x ,5.57,3.02,4.00,-25.51,2.25,2.25,0.0114,0.2585,0.014,0.17,0.001,0.013,1.0,12.7,#VALUE!,#VALUE!,12.3,893.30,0.3685,0.691,0.323,0.259,0.003,3227,0.267,267.45,259.13,28.1,309.9,1.03,-11.82,1.0809,1.098,0.0173,0.281,0.002,173,0.322,321.56,280.94,12.7,11.0
128,4,H,SCD,mid,ufum,,18.11.25,100,20,30,H3,1,20,4.200096,2.329904,194,EliseLabexpExtrUfum_bk1_87.raw,2.61,403.45,1.51,-16.53,x ,5.57,3.02,4.00,-25.51,2.25,2.25,0.0114,0.2585,0.030,0.39,0.005,0.069,5.3,69.1,#VALUE!,#VALUE!,13.1,402.40,0.3685,0.513,0.144,0.049,0.008,1444,0.068,68.31,49.28,-2.9,-30.2,5.27,-17.06,1.0809,1.092,0.0116,0.086,0.008,116,0.117,117.02,86.22,69.1,10.5
129,5,A,SUW,mid,ufum,,27.11.25,100,20,30,H4,1,20,5.951949861,4.408050139,195,EliseLabexpExtrUfum_bk1_88.raw,2.13,416.11,1.33,-14.52,x ,5.57,3.02,4.00,-25.51,2.25,2.25,0.0114,0.2585,0.024,0.34,0.003,0.047,3.3,47.1,#VALUE!,#VALUE!,14.2,415.06,0.3685,0.517,0.149,0.447,0.005,1490,0.459,459.45,447.08,29.3,343.1,3.32,-15.05,1.0809,1.095,0.0138,0.548,0.006,138,0.632,632.36,547.66,47.1,11.7
130,5,B,SUD,mid,ufum,,27.11.25,100,20,30,H5,1,20,3.441130221,2.418869779,196,EliseLabexpExtrUfum_bk1_89.raw,1.80,127.63,1.14,-21.10,x ,5.57,3.02,4.00,-25.51,2.25,2.25,0.0114,0.2585,0.020,0.29,0.004,0.064,4.5,63.7,#VALUE!,#VALUE!,14.3,126.58,0.3685,0.412,0.044,0.138,0.002,439,0.143,142.96,138.07,9.6,84.4,4.45,-21.62,1.0809,1.087,0.0066,0.170,0.004,66,0.201,201.41,169.74,63.7,8.8
131,5,C,SCW,mid,ufum,,27.11.25,100,20,30,H6,1,20,5.097142857,3.822857143,197,EliseLabexpExtrUfum_bk1_90.raw,1.52,316.58,0.97,-15.27,x ,5.57,3.02,4.00,-25.51,2.25,2.25,0.0114,0.2585,0.017,0.25,0.003,0.039,2.7,39.0,#VALUE!,#VALUE!,14.5,315.53,0.3685,0.481,0.113,0.182,0.003,1128,0.189,189.36,181.76,13.0,144.5,2.69,-15.79,1.0809,1.094,0.0130,0.216,0.005,130,0.255,255.34,215.72,39.0,11.1
132,5,D,BUD,mid,ufum,,27.11.25,100,20,30,H7,1,20,3.605776398,1.624223602,198,EliseLabexpExtrUfum_bk1_91.raw,0.58,918.99,0.35,-10.12,x,5.57,3.02,4.00,-25.51,2.25,2.25,0.0114,0.2585,0.007,0.09,0.001,0.018,1.3,18.1,#VALUE!,#VALUE!,13.7,917.95,0.3685,0.700,0.332,0.113,0.004,3316,0.124,124.33,113.42,7.8,88.5,1.32,-10.64,1.0809,1.100,0.0186,0.194,0.003,186,0.227,226.60,193.95,18.1,11.4
133,5,E,BCD,mid,ufum,,27.11.25,100,20,30,H8,1,20,2.078921713,0.811078287,199,EliseLabexpExtrUfum_bk1_92.raw,0.91,51.08,0.52,-23.03,x,5.57,3.02,4.00,-25.51,2.25,2.25,0.0114,0.2585,0.010,0.13,0.003,0.045,3.5,44.5,#VALUE!,#VALUE!,12.9,50.03,0.3685,0.385,0.016,0.006,0.001,160,0.008,7.78,6.40,6.8,54.7,3.45,-23.55,1.0809,1.085,0.0044,0.006,0.002,44,0.011,11.45,5.78,44.5,8.1
134,5,F,BCW,mid,ufum,,27.11.25,100,20,30,H9,1,20,2.669308511,2.020691489,200,EliseLabexpExtrUfum_bk1_93.raw,0.75,204.73,0.48,-19.81,x,5.57,3.02,4.00,-25.51,2.25,2.25,0.0114,0.2585,0.008,0.12,0.002,0.034,2.3,34.0,#VALUE!,#VALUE!,14.6,203.68,0.3685,0.441,0.072,0.050,0.002,720,0.055,54.53,50.33,6.5,63.8,2.33,-20.33,1.0809,1.089,0.0080,0.074,0.003,80,0.090,90.39,74.32,34.0,9.9
135,5,G,SCD,mid,ufum,,27.11.25,100,20,30,H10,1,20,3.867550131,1.812449869,201,EliseLabexpExtrUfum_bk1_94.raw,3.66,294.78,2.06,-16.57,x,5.57,3.02,4.00,-25.51,2.25,2.25,0.0114,0.2585,0.042,0.53,0.008,0.100,7.8,100.3,#VALUE!,#VALUE!,12.8,293.73,0.3685,0.473,0.105,0.734,0.008,1048,0.754,754.08,733.55,15.8,159.3,7.83,-17.09,1.0809,1.092,0.0115,0.925,0.012,115,1.069,1069.37,924.83,100.3,10.1
136,5,H,BUW,mid,ufum,,27.11.25,100,20,30,H11,1,20,5.884306987,5.115693013,202,EliseLabexpExtrUfum_bk1_95.raw,1.89,782.76,0.95,-19.02,x,5.57,3.02,4.00,-25.51,2.25,2.25,0.0114,0.2585,0.022,0.25,0.003,0.035,3.1,35.0,#VALUE!,#VALUE!,11.4,781.71,0.3685,0.651,0.282,0.138,0.009,2822,0.160,159.99,138.36,12.7,129.4,3.07,-19.54,1.0809,1.090,0.0089,0.210,0.003,89,0.244,243.91,209.93,35.0,10.2
137,6,A,SCD,mid,ufum,,6.12.25,100,20,30,A1,2,20,5.316820084,1.723179916,204,EliseLabexpExtrUfum_bk2_1.raw,0.71,251.08,0.47,-18.86,x,5.57,3.02,4.00,-25.51,2.25,2.25,0.0114,0.2585,0.008,0.12,0.001,0.016,1.1,16.4,#VALUE!,#VALUE!,14.9,250.04,0.3685,0.457,0.089,0.297,0.001,889,0.300,299.95,297.50,16.8,188.4,1.10,-19.39,1.0809,1.090,0.0090,0.404,0.001,90,0.458,458.03,403.85,16.4,11.2
138,6,B,BUD,mid,ufum,,6.12.25,100,20,30,A2,2,20,3.528965517,2.491034483,205,EliseLabexpExtrUfum_bk2_2.raw,1.44,285.10,0.85,-18.32,x,5.57,3.02,4.00,-25.51,2.25,2.25,0.0114,0.2585,0.016,0.22,0.003,0.046,3.5,46.5,#VALUE!,#VALUE!,13.3,284.05,0.3685,0.470,0.101,0.187,0.004,1013,0.196,196.16,187.34,16.2,199.4,3.48,-18.85,1.0809,1.091,0.0096,0.224,0.004,96,0.263,262.99,223.83,46.5,12.3
139,6,C,SUD,mid,ufum,,6.12.25,100,20,30,A3,2,20,2.488096552,2.101903448,206,EliseLabexpExtrUfum_bk2_3.raw,2.46,174.70,1.56,-21.50,x,5.57,3.02,4.00,-25.51,2.25,2.25,0.0114,0.2585,0.028,0.40,0.008,0.119,8.3,119.3,#VALUE!,#VALUE!,14.4,173.66,0.3685,0.430,0.061,0.172,0.005,611,0.185,185.03,172.37,12.8,109.3,8.29,-22.02,1.0809,1.087,0.0061,0.134,0.007,61,0.169,168.82,133.82,119.3,8.6
140,6,D,SCW,mid,ufum,,6.12.25,100,20,30,A4,2,20,3.862258065,2.277741935,207,EliseLabexpExtrUfum_bk2_4.raw,1.43,567.48,0.77,-10.58,x,5.57,3.02,4.00,-25.51,2.25,2.25,0.0114,0.2585,0.016,0.20,0.003,0.038,3.1,38.2,#VALUE!,#VALUE!,12.2,566.43,0.3685,0.573,0.204,0.336,0.006,2040,0.352,351.64,335.68,29.0,282.3,3.13,-11.10,1.0809,1.099,0.0181,0.345,0.007,181,0.406,405.64,345.20,38.2,9.7
141,6,E,BCW,mid,ufum,,6.12.25,100,20,30,A5,2,20,2.926454389,1.583545611,208,EliseLabexpExtrUfum_bk2_5.raw,0.63,1113.04,0.40,-10.60,x,5.57,3.02,4.00,-25.51,2.25,2.25,0.0114,0.2585,0.007,0.10,0.002,0.025,1.8,25.3,#VALUE!,#VALUE!,14.3,1111.99,0.3685,0.770,0.402,0.230,0.007,4019,0.248,247.71,229.95,13.1,142.0,1.77,-11.12,1.0809,1.099,0.0181,0.355,0.005,181,0.411,410.71,354.88,25.3,10.8
142,6,F,BUW,mid,ufum,,6.12.25,100,20,30,A6,2,20,2.286470588,1.093529412,209,EliseLabexpExtrUfum_bk2_6.raw,0.61,921.21,0.33,-5.63,x,5.57,3.02,4.00,-25.51,2.25,2.25,0.0114,0.2585,0.007,0.08,0.002,0.026,2.1,26.0,#VALUE!,#VALUE!,12.2,920.17,0.3685,0.701,0.332,0.156,0.007,3324,0.173,173.18,155.52,8.1,89.6,2.13,-6.15,1.0809,1.104,0.0236,0.252,0.006,236,0.299,299.15,252.29,26.0,11.1
143,6,G,SUW,mid,ufum,,6.12.25,100,20,30,A7,2,20,5.112452229,4.827547771,210,EliseLabexpExtrUfum_bk2_7.raw,1.37,789.80,0.75,-5.59,x,5.57,3.02,4.00,-25.51,2.25,2.25,0.0114,0.2585,0.016,0.19,0.003,0.031,2.5,31.4,#VALUE!,#VALUE!,12.5,788.76,0.3685,0.653,0.285,0.237,0.007,2848,0.255,254.84,236.91,21.7,228.3,2.52,-6.11,1.0809,1.104,0.0236,0.268,0.007,236,0.320,320.49,268.41,31.4,10.5
144,6,H,BCD,mid,ufum,,6.12.25,100,20,30,A8,2,20,1.861726619,0.408273381,211,EliseLabexpExtrUfum_bk2_8.raw,0.91,429.52,0.50,-13.68,x,5.57,3.02,4.00,-25.51,2.25,2.25,0.0114,0.2585,0.010,0.13,0.004,0.047,3.8,46.9,#VALUE!,#VALUE!,12.3,428.48,0.3685,0.522,0.154,0.116,0.006,1539,0.131,130.52,115.90,15.1,135.8,3.80,-14.20,1.0809,1.096,0.0147,0.169,0.007,147,0.208,207.68,169.27,46.9,9.0
49,1,A,SCW,top,fum,,21.10.25,50,12.84,15,A1,3,12.84,12.93687708,7.063122924,24,EliseLabExtrFum_1.raw,19.57,19.50,12.41,-27.01,x,5.57,3.02,4.00,-25.51,2.25,2.25,0.0114,0.2585,0.223,3.21,0.023,0.329,22.8,328.9,#VALUE!,#VALUE!,14.4,18.46,0.3679,0.373,0.005,,,51,,,,,,,-27.53,1.0825,1.081,-0.0015,,,,,,,,
50,1,B,BUW,top,fum,,21.10.25,50,13.20,15,A2,3,13.20,12.82717283,7.172827173,25,EliseLabExtrFum_2.raw,19.55,35.24,6.76,-26.31,x,5.57,3.02,4.00,-25.51,2.25,2.25,0.0114,0.2585,0.222,1.75,0.024,0.185,23.6,185.1,#VALUE!,#VALUE!,7.9,34.19,0.3679,0.379,0.011,,,109,,,,,,,-26.83,1.0825,1.082,-0.0008,,,,,,,,
51,1,C,BCW,top,fum,,21.10.25,50,11.51,15,A3,3,11.51,13.39767055,6.602329451,26,EliseLabExtrFum_3.raw,18.75,1.60,6.36,-26.84,x,5.57,3.02,4.00,-25.51,2.25,2.25,0.0114,0.2585,0.213,1.64,0.019,0.148,19.2,148.2,#VALUE!,#VALUE!,7.7,0.56,0.3679,0.366,-0.001,,,-14,,,,,,,-27.36,1.0825,1.081,-0.0013,,,,,,,,
52,1,D,BCD,top,fum,,21.10.25,50,7.13,15,A4,3,7.13,13.14019314,6.85980686,27,EliseLabExtrFum_4.raw,19.54,100.33,6.87,-28.48,x,5.57,3.02,4.00,-25.51,2.25,2.25,0.0114,0.2585,0.222,1.77,0.016,0.126,15.8,126.0,#VALUE!,#VALUE!,8.0,99.29,0.3679,0.402,0.035,,,346,,,,,,,-29.00,1.0825,1.079,-0.0031,,,,,,,,
53,1,E,SUW,top,fum,,21.10.25,50,9.82,15,A5,3,9.82,12.28931652,7.710683477,28,EliseLabExtrFum_5.raw,19.56,39.83,10.71,-27.86,x,5.57,3.02,4.00,-25.51,2.25,2.25,0.0114,0.2585,0.223,2.77,0.021,0.263,21.2,263.2,#VALUE!,#VALUE!,12.4,38.78,0.3679,0.380,0.013,,,125,,,,,,,-28.38,1.0825,1.080,-0.0025,,,,,,,,
54,1,F,SCD,top,fum,,21.10.25,50,12.90,15,A6,3,12.90,12.59357403,7.406425969,29,EliseLabExtrFum_6.raw,,,16.14,-27.38,x,2.91,7.13,2.06,-26.72,2.38,2.38,0.0230,0.5307,0.000,8.56,,0.921,,920.7,#VALUE!,#VALUE!,,-5.15,0.3679,,,,,,,,,,,,-26.69,1.0825,1.082,-0.0006,,,,,,,,
55,1,G,SUD,top,fum,,21.10.25,50,9.38,15,A7,3,9.38,12.69640479,7.303595206,30,EliseLabExtrFum_7.raw,17.73,0.06,12.15,-28.50,x,2.91,7.13,2.06,-26.72,2.38,2.38,0.0230,0.5307,0.408,6.45,0.036,0.565,35.7,565.0,#VALUE!,#VALUE!,15.8,-5.09,0.3679,0.364,-0.003,,,-35,,,,,,,-27.82,1.0825,1.081,-0.0018,,,,,,,,
56,1,H,BUD,top,fum,,21.10.25,50,10.96,15,A8,3,10.96,13.35764004,6.64235996,31,EliseLabExtrFum_8.raw,10.87,1.73,3.39,-27.07,x,2.91,7.13,2.06,-26.72,2.38,2.38,0.0230,0.5307,0.250,1.80,0.022,0.158,22.0,158.2,#VALUE!,#VALUE!,7.2,-3.42,0.3679,0.365,-0.003,,,-29,,,,,,,-26.38,1.0825,1.082,-0.0003,,,,,,,,
57,2,A,BUD,top,fum,,30.10.25,100,14.28,15,A9,3,14.28,14.45366988,5.546330123,32,EliseLabExtrFum_9.raw,10.56,2152.44,4.15,42.92,x,2.91,7.13,2.06,-26.72,2.38,2.38,0.0230,0.5307,0.243,2.20,0.022,0.202,22.2,201.6,#VALUE!,#VALUE!,9.1,2147.29,0.3679,1.144,0.776,,,7758,,,,,,,43.60,1.0825,1.159,0.0766,,,,,,,,
58,2,B,BCD,top,fum,,30.10.25,100,2.43,15,A10,3,2.43,13.42192691,6.57807309,33,EliseLabExtrFum_10.raw,8.34,993.75,3.40,8.10,x,2.91,7.13,2.06,-26.72,2.38,2.38,0.0230,0.5307,0.192,1.80,0.009,0.081,8.6,80.7,#VALUE!,#VALUE!,9.4,988.61,0.3679,0.726,0.358,,,3578,,,,,,,8.79,1.0825,1.121,0.0384,,,,,,,,
59,2,C,BCW,top,fum,,30.10.25,100,11.44,15,A11,3,11.44,12.57540603,7.424593968,34,EliseLabExtrFum_11.raw,11.18,1859.10,3.52,27.41,x,2.91,7.13,2.06,-26.72,2.38,2.38,0.0230,0.5307,0.257,1.87,0.026,0.187,25.7,187.0,#VALUE!,#VALUE!,7.3,1853.95,0.3679,1.038,0.670,,,6703,,,,,,,28.09,1.0825,1.142,0.0596,,,,,,,,
60,2,D,SCD,top,fum,,30.10.25,100,7.33,15,B1,3,7.33,13.83848455,6.161515454,36,EliseLabExtrFum_13.raw,6.48,1944.83,5.05,-6.60,x,2.91,7.13,2.06,-26.72,2.38,2.38,0.0230,0.5307,0.149,2.68,0.010,0.174,9.7,174.2,#VALUE!,#VALUE!,18.0,1939.68,0.3679,1.069,0.701,,,7012,,,,,,,-5.92,1.0825,1.105,0.0222,,,,,,,,
61,2,E,SCW,top,fum,,30.10.25,100,6.91,15,B2,3,6.91,13.21594684,6.784053156,37,EliseLabExtrFum_14.raw,11.28,1524.56,6.31,-8.44,x,2.91,7.13,2.06,-26.72,2.38,2.38,0.0230,0.5307,0.260,3.35,0.018,0.231,17.9,231.3,#VALUE!,#VALUE!,12.9,1519.41,0.3679,0.918,0.550,,,5498,,,,,,,-7.76,1.0825,1.103,0.0202,,,,,,,,
62,2,F,SUD,top,fum,,30.10.25,100,16.53,15,B3,3,16.53,13.74792152,6.252078484,38,EliseLabExtrFum_15.raw,14.05,2122.95,6.87,52.58,x,2.91,7.13,2.06,-26.72,2.38,2.38,0.0230,0.5307,0.323,3.65,0.036,0.403,35.7,402.8,#VALUE!,#VALUE!,11.3,2117.80,0.3679,1.133,0.765,,,7652,,,,,,,53.27,1.0825,1.170,0.0872,,,,,,,,
63,2,G,BUW,top,fum,,30.10.25,100,11.79,15,B4,3,11.79,13.89571571,6.104284291,39,EliseLabExtrFum_16.raw,11.88,1457.31,3.22,18.78,x,2.91,7.13,2.06,-26.72,2.38,2.38,0.0230,0.5307,0.273,1.71,0.023,0.147,23.5,146.8,#VALUE!,#VALUE!,6.3,1452.16,0.3679,0.893,0.525,,,5255,,,,,,,19.46,1.0825,1.133,0.0501,,,,,,,,
64,2,H,SUW,top,fum,,30.10.25,100,10.14,15,B5,3,10.14,13.16312997,6.836870027,40,EliseLabExtrFum_17.raw,19.74,1274.79,7.48,30.74,x,2.91,7.13,2.06,-26.72,2.38,2.38,0.0230,0.5307,0.454,3.97,0.039,0.341,39.1,341.2,#VALUE!,#VALUE!,8.7,1269.64,0.3679,0.827,0.460,,,4595,,,,,,,31.43,1.0825,1.146,0.0633,,,,,,,,
65,3,A,BCD,top,fum,,10.10.25,100,16.96,15,B6,3,16.96,12.56,7.44,41,EliseLabExtrFum_18.raw,9.39,2303.03,3.83,34.83,x,2.91,7.13,2.06,-26.72,2.38,2.38,0.0230,0.5307,0.216,2.03,0.028,0.263,28.0,263.5,#VALUE!,#VALUE!,9.4,2297.88,0.3679,1.198,0.830,,,8299,,,,,,,35.51,1.0825,1.150,0.0677,,,,,,,,
66,3,B,BCW,top,fum,,10.10.25,100,10.96,15,B7,3,10.96,13.41067285,6.589327146,42,EliseLabExtrFum_19.raw,12.71,1743.56,3.91,50.87,x,2.91,7.13,2.06,-26.72,2.38,2.38,0.0230,0.5307,0.292,2.08,0.026,0.181,25.5,181.2,#VALUE!,#VALUE!,7.1,1738.41,0.3679,0.997,0.629,,,6287,,,,,,,51.56,1.0825,1.168,0.0854,,,,,,,,
67,3,C,BUD,top,fum,,10.10.25,100,12.73,15,B8,3,12.73,13.77792598,6.222074025,43,EliseLabExtrFum_20.raw,15.47,1432.86,6.05,10.87,x,2.91,7.13,2.06,-26.72,2.38,2.38,0.0230,0.5307,0.356,3.21,0.033,0.294,32.7,294.3,#VALUE!,#VALUE!,9.0,1427.71,0.3679,0.885,0.517,,,5167,,,,,,,11.55,1.0825,1.124,0.0414,,,,,,,,
68,3,D,SUW,top,fum,,10.10.25,100,7.98,15,B9,3,7.98,11.35423616,8.645763843,44,EliseLabExtrFum_21.raw,19.69,1071.41,8.03,125.71,x,2.91,7.13,2.06,-26.72,2.38,2.38,0.0230,0.5307,0.453,4.26,0.044,0.416,44.2,416.3,#VALUE!,#VALUE!,9.4,1066.26,0.3679,0.754,0.386,,,3860,,,,,,,126.40,1.0825,1.250,0.1674,,,,,,,,
69,3,E,SCD,top,fum,,10.10.25,100,4.74,15,B10,3,4.74,13.61064892,6.389351082,45,EliseLabExtrFum_22.raw,9.52,3278.09,5.24,72.85,x,2.91,7.13,2.06,-26.72,2.38,2.38,0.0230,0.5307,0.219,2.78,0.012,0.152,11.9,151.6,#VALUE!,#VALUE!,12.7,3272.94,0.3679,1.546,1.179,,,11786,,,,,,,73.54,1.0825,1.192,0.1095,,,,,,,,
70,3,F,SUD,top,fum,,10.10.25,100,5.69,15,B11,3,5.69,13.24,6.76,46,EliseLabExtrFum_23.raw,5.35,2410.53,4.20,1.17,x,2.91,7.13,2.06,-26.72,2.38,2.38,0.0230,0.5307,0.123,2.23,0.008,0.140,7.7,139.8,#VALUE!,#VALUE!,18.1,2405.38,0.3679,1.236,0.868,,,8685,,,,,,,1.86,1.0825,1.113,0.0308,,,,,,,,
71,3,G,BUW,top,fum,,10.10.25,100,11.82,15,C1,3,11.82,13.01534356,6.984656438,48,EliseLabExtrFum_25.raw,15.08,1091.98,4.46,7.50,x,2.91,7.13,2.06,-26.72,2.38,2.38,0.0230,0.5307,0.347,2.37,0.033,0.228,33.4,227.8,#VALUE!,#VALUE!,6.8,1086.83,0.3679,0.761,0.393,,,3934,,,,,,,8.18,1.0825,1.120,0.0377,,,,,,,,
72,3,H,SCW,top,fum,,10.10.25,100,8.38,15,C2,3,8.38,13.61942781,6.380572189,49,EliseLabExtrFum_26.raw,9.00,1414.58,4.62,-2.59,x,2.91,7.13,2.06,-26.72,2.38,2.38,0.0230,0.5307,0.207,2.45,0.015,0.177,15.0,177.2,#VALUE!,#VALUE!,11.8,1409.43,0.3679,0.878,0.510,,,5101,,,,,,,-1.90,1.0825,1.109,0.0266,,,,,,,,
73,4,A,BCW,top,fum,,19.11.25,100,8.22,15,C3,3,8.22,11.9241012,8.075898802,50,EliseLabExtrFum_27.raw,4.66,1303.35,2.07,11.02,x,2.91,7.13,2.06,-26.72,2.38,2.38,0.0230,0.5307,0.107,1.10,0.010,0.100,9.8,100.3,#VALUE!,#VALUE!,10.3,1298.20,0.3679,0.838,0.470,,,4699,,,,,,,11.71,1.0825,1.124,0.0416,,,,,,,,
74,4,B,SCW,top,fum,,19.11.25,100,5.08,15,C4,3,5.08,12.18718885,7.812811152,51,EliseLabExtrFum_28.raw,13.07,79.75,7.97,-27.17,x,2.91,7.13,2.06,-26.72,2.38,2.38,0.0230,0.5307,0.301,4.23,0.021,0.298,21.2,298.4,#VALUE!,#VALUE!,14.1,74.60,0.3679,0.393,0.026,,,256,,,,,,,-26.48,1.0825,1.082,-0.0004,,,,,,,,
75,4,C,BCD,top,fum,,19.11.25,100,8.86,15,C5,3,8.86,12.27742581,7.722574191,52,EliseLabExtrFum_29.raw,2.21,3103.13,1.07,53.75,x,2.91,7.13,2.06,-26.72,2.38,2.38,0.0230,0.5307,0.051,0.57,0.005,0.051,4.6,51.2,#VALUE!,#VALUE!,11.2,3097.99,0.3679,1.484,1.116,,,11162,,,,,,,54.44,1.0825,1.171,0.0885,,,,,,,,
76,4,D,SUD,top,fum,,19.11.25,100,4.23,15,C6,3,4.23,13.79379379,6.206206206,53,EliseLabExtrFum_30.raw,12.11,1782.84,5.21,4.60,x,2.91,7.13,2.06,-26.72,2.38,2.38,0.0230,0.5307,0.279,2.77,0.014,0.139,14.1,139.5,#VALUE!,#VALUE!,9.9,1777.69,0.3679,1.011,0.643,,,6429,,,,,,,5.29,1.0825,1.117,0.0345,,,,,,,,
77,4,E,BUW,top,fum,,19.11.25,100,14.36,15,C7,3,14.36,12.06793207,7.932067932,54,EliseLabExtrFum_31.raw,5.79,1528.14,2.73,6.08,x,2.91,7.13,2.06,-26.72,2.38,2.38,0.0230,0.5307,0.133,1.45,0.016,0.179,16.4,178.5,#VALUE!,#VALUE!,10.9,1522.99,0.3679,0.919,0.551,,,5511,,,,,,,6.76,1.0825,1.119,0.0362,,,,,,,,
78,4,F,SUW,top,fum,,19.11.25,100,10.60,15,C8,3,10.60,13.39541071,6.604589292,55,EliseLabExtrFum_32.raw,11.56,1851.48,4.85,5.00,x,2.91,7.13,2.06,-26.72,2.38,2.38,0.0230,0.5307,0.266,2.57,0.023,0.220,22.8,220.4,#VALUE!,#VALUE!,9.7,1846.33,0.3679,1.035,0.668,,,6676,,,,,,,5.69,1.0825,1.117,0.0350,,,,,,,,
79,4,G,BUD,top,fum,,19.11.25,100,15.11,15,C9,3,15.11,13.11692613,6.883073866,56,EliseLabExtrFum_33.raw,4.61,2410.23,2.08,31.75,x,2.91,7.13,2.06,-26.72,2.38,2.38,0.0230,0.5307,0.106,1.10,0.012,0.123,11.9,123.2,#VALUE!,#VALUE!,10.4,2405.08,0.3679,1.236,0.868,,,8684,,,,,,,32.43,1.0825,1.147,0.0644,,,,,,,,
80,4,H,SCD,top,fum,,19.11.25,100,6.53,15,C10,3,6.53,11.93623381,8.063766191,57,EliseLabExtrFum_34.raw,5.75,836.59,3.75,-16.07,x,2.91,7.13,2.06,-26.72,2.38,2.38,0.0230,0.5307,0.132,1.99,0.011,0.162,10.8,162.0,#VALUE!,#VALUE!,15.0,831.44,0.3679,0.669,0.301,,,3009,,,,,,,-15.38,1.0825,1.094,0.0118,,,,,,,,
81,5,A,SUW,top,fum,,28.11.25,100,10.36,15,C11,3,10.36,11.5950716,8.404928405,,LOST,,,,,,,,,,,,,,,,,,,,,,,,0.3679,,,,,,,,,,,,,1.0825,,,,,,,,,,
82,5,B,SUD,top,fum,,28.11.25,100,5.86,15,D1,3,5.86,12.60985353,7.390146471,59,EliseLabExtrFum_37.raw,4.43,2110.99,4.10,-4.68,x,2.91,7.13,2.06,-26.72,2.38,2.38,0.0230,0.5307,0.102,2.18,0.007,0.153,7.1,152.5,#VALUE!,#VALUE!,21.4,2105.84,0.3679,1.129,0.761,,,7610,,,,,,,-3.99,1.0825,1.107,0.0244,,,,,,,,
83,5,C,SCW,top,fum,,28.11.25,100,8.92,15,D2,3,8.92,12.60695187,7.393048128,60,EliseLabExtrFum_38.raw,4.88,3189.59,4.73,-1.22,x,2.91,7.13,2.06,-26.72,2.38,2.38,0.0230,0.5307,0.112,2.51,0.010,0.217,9.7,216.5,#VALUE!,#VALUE!,22.4,3184.44,0.3679,1.515,1.147,,,11470,,,,,,,-0.54,1.0825,1.111,0.0281,,,,,,,,
84,5,D,BUD,top,fum,,28.11.25,100,5.23,15,D3,3,5.23,13.35785953,6.642140468,61,EliseLabExtrFum_39.raw,4.41,5686.74,2.64,82.35,x,2.91,7.13,2.06,-26.72,2.38,2.38,0.0230,0.5307,0.101,1.40,0.006,0.083,6.0,83.0,#VALUE!,#VALUE!,13.8,5681.59,0.3679,2.397,2.029,,,20294,,,,,,,83.03,1.0825,1.202,0.1199,,,,,,,,
85,5,E,BCD,top,fum,,28.11.25,100,2.89,15,D4,3,2.89,13.05685619,6.943143813,62,EliseLabExtrFum_40.raw,2.64,662.50,2.73,-19.12,x,2.91,7.13,2.06,-26.72,2.38,2.38,0.0230,0.5307,0.061,1.45,0.003,0.073,3.1,72.7,#VALUE!,#VALUE!,23.8,657.35,0.3679,0.606,0.238,,,2377,,,,,,,-18.44,1.0825,1.091,0.0085,,,,,,,,
86,5,F,BCW,top,fum,,28.11.25,100,4.69,15,D5,3,4.69,12.52330226,7.476697736,63,EliseLabExtrFum_41.raw,5.64,1848.84,3.32,2.79,x,2.91,7.13,2.06,-26.72,2.38,2.38,0.0230,0.5307,0.130,1.76,0.008,0.114,8.4,114.2,#VALUE!,#VALUE!,13.6,1843.69,0.3679,1.035,0.667,,,6667,,,,,,,3.47,1.0825,1.115,0.0325,,,,,,,,
87,5,G,SCD,top,fum,,28.11.25,100,5.68,15,D6,3,5.68,10.85733201,9.142667991,64,EliseLabExtrFum_42.raw,5.98,3022.19,4.83,2.82,x,2.91,7.13,2.06,-26.72,2.38,2.38,0.0230,0.5307,0.138,2.56,0.013,0.233,12.5,233.4,#VALUE!,#VALUE!,18.6,3017.05,0.3679,1.455,1.087,,,10873,,,,,,,3.50,1.0825,1.115,0.0326,,,,,,,,
88,5,H,BUW,top,fum,,28.11.25,100,11.00,15,D7,3,11.00,11.35893155,8.641068447,65,EliseLabExtrFum_43.raw,3.49,1319.27,1.87,7.21,x,2.91,7.13,2.06,-26.72,2.38,2.38,0.0230,0.5307,0.080,0.99,0.009,0.114,9.3,114.3,#VALUE!,#VALUE!,12.4,1314.12,0.3679,0.843,0.476,,,4756,,,,,,,7.89,1.0825,1.120,0.0374,,,,,,,,
89,6,A,SCD,top,fum,,7.12.25,100,7.04,15,D8,3,7.04,13.76874375,6.231256248,66,EliseLabExtrFum_44.raw,7.59,1913.45,6.11,-10.50,x,2.91,7.13,2.06,-26.72,2.38,2.38,0.0230,0.5307,0.175,3.24,0.011,0.208,11.2,208.3,#VALUE!,#VALUE!,18.5,1908.30,0.3679,1.058,0.690,,,6899,,,,,,,-9.82,1.0825,1.100,0.0179,,,,,,,,
90,6,B,BUD,top,fum,,7.12.25,100,6.02,15,D9,3,6.02,12.57333333,7.426666667,67,EliseLabExtrFum_45.raw,7.27,1243.26,3.09,-0.06,x,2.91,7.13,2.06,-26.72,2.38,2.38,0.0230,0.5307,0.167,1.64,0.012,0.117,11.9,116.9,#VALUE!,#VALUE!,9.8,1238.11,0.3679,0.816,0.448,,,4481,,,,,,,0.62,1.0825,1.112,0.0294,,,,,,,,
91,6,C,SUD,top,fum,,7.12.25,100,4.59,15,D10,3,4.59,13.50865513,6.491344874,68,EliseLabExtrFum_46.raw,10.18,941.86,5.57,-15.66,x,2.91,7.13,2.06,-26.72,2.38,2.38,0.0230,0.5307,0.234,2.96,0.013,0.162,12.8,161.7,#VALUE!,#VALUE!,12.6,936.71,0.3679,0.707,0.339,,,3390,,,,,,,-14.98,1.0825,1.095,0.0123,,,,,,,,
92,6,D,SCW,top,fum,,7.12.25,100,6.14,15,D11,3,6.14,12.86569149,7.134308511,69,EliseLabExtrFum_47.raw,8.13,2896.48,4.33,17.83,x,2.91,7.13,2.06,-26.72,2.38,2.38,0.0230,0.5307,0.187,2.30,0.013,0.158,12.9,158.2,#VALUE!,#VALUE!,12.3,2891.33,0.3679,1.410,1.042,,,10424,,,,,,,18.52,1.0825,1.132,0.0491,,,,,,,,
93,6,E,BCW,top,fum,,7.12.25,100,4.51,15,E1,3,4.51,12.77556441,7.224435591,71,EliseLabExtrFum_49.raw,3.67,2949.04,2.12,40.68,x,2.91,7.13,2.06,-26.72,2.38,2.38,0.0230,0.5307,0.084,1.12,0.005,0.069,5.2,68.8,#VALUE!,#VALUE!,13.3,2943.89,0.3679,1.429,1.061,,,10612,,,,,,,41.37,1.0825,1.157,0.0742,,,,,,,,
94,6,F,BUW,top,fum,,7.12.25,100,3.38,15,E2,3,3.38,13.10756972,6.892430279,72,EliseLabExtrFum_50.raw,5.77,1468.26,2.83,12.55,x,2.91,7.13,2.06,-26.72,2.38,2.38,0.0230,0.5307,0.133,1.50,0.007,0.078,6.9,78.5,#VALUE!,#VALUE!,11.3,1463.12,0.3679,0.897,0.529,,,5294,,,,,,,13.24,1.0825,1.126,0.0433,,,,,,,,
95,6,G,SUW,top,fum,,7.12.25,100,9.94,15,E3,3,9.94,13.23784144,6.762158561,73,EliseLabExtrFum_51.raw,6.16,1822.12,4.51,-7.01,x,2.91,7.13,2.06,-26.72,2.38,2.38,0.0230,0.5307,0.142,2.40,0.012,0.201,11.9,201.5,#VALUE!,#VALUE!,16.9,1816.97,0.3679,1.025,0.657,,,6570,,,,,,,-6.32,1.0825,1.104,0.0218,,,,,,,,
96,6,H,BCD,top,fum,,7.12.25,100,2.27,15,E4,3,2.27,12.00664452,7.993355482,74,EliseLabExtrFum_52.raw,3.78,39.01,2.34,-29.64,x,2.91,7.13,2.06,-26.72,2.38,2.38,0.0230,0.5307,0.087,1.24,0.005,0.071,5.0,70.6,#VALUE!,#VALUE!,14.2,33.86,0.3679,0.379,0.011,,,107,,,,,,,-28.96,1.0825,1.079,-0.0031,,,,,,,,
145,1,A,SCW,mid,fum,,21.10.25,50,10,15,E5,3,10,6.468438538,3.531561462,75,EliseLabExtrFum_53.raw,6.06,7.33,2.51,-25.64,x,2.91,7.13,2.06,-26.72,2.38,2.38,0.0230,0.5307,0.139,1.33,0.019,0.186,19.4,185.7,#VALUE!,#VALUE!,9.6,2.18,0.3679,0.367,-0.001,,,-8,,,,,,,-24.95,1.0825,1.084,0.0013,,,,,,,,
146,1,B,BUW,mid,fum,,21.10.25,50,10,15,E6,3,10,6.413586414,3.586413586,76,EliseLabExtrFum_54.raw,2.49,13.82,1.15,-24.95,x,2.91,7.13,2.06,-26.72,2.38,2.38,0.0230,0.5307,0.057,0.61,0.008,0.086,8.1,86.0,#VALUE!,#VALUE!,10.6,8.67,0.3679,0.369,0.002,,,15,,,,,,,-24.26,1.0825,1.085,0.0021,,,,,,,,
147,1,C,BCW,mid,fum,,21.10.25,50,10,15,E7,3,10,6.698835275,3.301164725,77,EliseLabExtrFum_55.raw,1.32,23.28,0.67,-25.14,x,2.91,7.13,2.06,-26.72,2.38,2.38,0.0230,0.5307,0.030,0.36,0.004,0.047,4.0,47.4,#VALUE!,#VALUE!,11.8,18.13,0.3679,0.373,0.005,,,50,,,,,,,-24.45,1.0825,1.084,0.0019,,,,,,,,
148,1,D,BCD,mid,fum,,21.10.25,50,10,15,E8,3,10,6.57009657,3.42990343,78,EliseLabExtrFum_56.raw,2.29,13.39,1.00,-25.11,x,2.91,7.13,2.06,-26.72,2.38,2.38,0.0230,0.5307,0.053,0.53,0.007,0.072,7.2,72.0,#VALUE!,#VALUE!,10.0,8.24,0.3679,0.369,0.001,,,14,,,,,,,-24.42,1.0825,1.084,0.0019,,,,,,,,
149,1,E,SUW,mid,fum,,21.10.25,50,10,15,E9,3,10,6.144658261,3.855341739,79,EliseLabExtrFum_57.raw,2.55,14.86,1.29,-25.52,x,2.91,7.13,2.06,-26.72,2.38,2.38,0.0230,0.5307,0.059,0.68,0.009,0.103,8.8,102.6,#VALUE!,#VALUE!,11.6,9.71,0.3679,0.370,0.002,,,19,,,,,,,-24.83,1.0825,1.084,0.0014,,,,,,,,
150,1,F,SCD,mid,fum,,21.10.25,50,10,15,E10,3,10,6.296787016,3.703212984,80,EliseLabExtrFum_58.raw,3.32,11.76,1.67,-25.68,x,2.91,7.13,2.06,-26.72,2.38,2.38,0.0230,0.5307,0.076,0.89,0.011,0.129,11.1,128.9,#VALUE!,#VALUE!,11.6,6.61,0.3679,0.369,0.001,,,8,,,,,,,-24.99,1.0825,1.084,0.0013,,,,,,,,
151,1,G,SUD,mid,fum,,21.10.25,50,10,15,E11,3,10,6.348202397,3.651797603,81,EliseLabExtrFum_59.raw,7.05,5.19,3.14,-26.12,x,2.91,7.13,2.06,-26.72,2.38,2.38,0.0230,0.5307,0.162,1.67,0.023,0.239,23.3,239.1,#VALUE!,#VALUE!,10.3,0.04,0.3679,0.366,-0.002,,,-16,,,,,,,-25.44,1.0825,1.083,0.0008,,,,,,,,
152,1,H,BUD,mid,fum,,21.10.25,50,10,15,F1,3,10,6.67882002,3.32117998,83,EliseLabExtrFum_61.raw,4.17,8.23,2.25,-25.61,x,2.91,7.13,2.06,-26.72,2.38,2.38,0.0230,0.5307,0.096,1.19,0.013,0.159,12.8,158.9,#VALUE!,#VALUE!,12.4,3.08,0.3679,0.367,0.000,,,-5,,,,,,,-24.93,1.0825,1.084,0.0013,,,,,,,,
153,2,A,BUD,mid,fum,,30.10.25,100,10,15,F2,3,10,7.226834939,2.773165061,84,EliseLabExtrFum_62.raw,0.63,7257.41,0.35,351.93,x,2.91,7.13,2.06,-26.72,2.38,2.38,0.0230,0.5307,0.015,0.19,0.002,0.022,1.7,21.9,#VALUE!,#VALUE!,12.8,7252.26,0.3679,2.944,2.576,,,25763,,,,,,,352.61,1.0825,1.497,0.4147,,,,,,,,
154,2,B,BCD,mid,fum,,30.10.25,100,10,15,F3,3,10,6.710963455,3.289036545,85,EliseLabExtrFum_63.raw,0.43,646.55,0.18,8.98,x,2.91,7.13,2.06,-26.72,2.38,2.38,0.0230,0.5307,0.010,0.10,0.001,0.013,1.3,12.7,#VALUE!,#VALUE!,9.9,641.40,0.3679,0.600,0.232,,,2319,,,,,,,9.67,1.0825,1.122,0.0394,,,,,,,,
155,2,C,BCW,mid,fum,,30.10.25,100,10,15,F4,3,10,6.287703016,3.712296984,86,EliseLabExtrFum_64.raw,0.78,2654.09,0.38,96.20,x,2.91,7.13,2.06,-26.72,2.38,2.38,0.0230,0.5307,0.018,0.20,0.003,0.029,2.6,29.0,#VALUE!,#VALUE!,11.2,2648.95,0.3679,1.324,0.956,,,9557,,,,,,,96.89,1.0825,1.218,0.1351,,,,,,,,
156,2,D,SCD,mid,fum,,30.10.25,100,10,15,F5,3,10,6.919242273,3.080757727,87,EliseLabExtrFum_65.raw,1.41,1452.36,0.69,30.99,x,2.91,7.13,2.06,-26.72,2.38,2.38,0.0230,0.5307,0.032,0.37,0.004,0.046,4.1,46.2,#VALUE!,#VALUE!,11.3,1447.21,0.3679,0.892,0.524,,,5237,,,,,,,31.68,1.0825,1.146,0.0635,,,,,,,,
157,2,E,SCW,mid,fum,,30.10.25,100,10,15,F6,3,10,6.607973422,3.392026578,88,EliseLabExtrFum_66.raw,1.63,2351.46,0.71,73.30,x,2.91,7.13,2.06,-26.72,2.38,2.38,0.0230,0.5307,0.037,0.38,0.005,0.051,5.1,50.8,#VALUE!,#VALUE!,10.0,2346.31,0.3679,1.215,0.847,,,8473,,,,,,,73.99,1.0825,1.192,0.1100,,,,,,,,
158,2,F,SUD,mid,fum,,30.10.25,100,10,15,F7,3,10,6.873960758,3.126039242,89,EliseLabExtrFum_67.raw,1.18,776.62,0.50,18.46,x,2.91,7.13,2.06,-26.72,2.38,2.38,0.0230,0.5307,0.027,0.27,0.003,0.034,3.5,33.9,#VALUE!,#VALUE!,9.8,771.47,0.3679,0.647,0.279,,,2791,,,,,,,19.14,1.0825,1.132,0.0498,,,,,,,,
159,2,G,BUW,mid,fum,,30.10.25,100,10,15,F8,3,10,6.947857855,3.052142145,90,EliseLabExtrFum_68.raw,0.54,3400.82,0.30,161.43,x,2.91,7.13,2.06,-26.72,2.38,2.38,0.0230,0.5307,0.013,0.16,0.002,0.020,1.6,19.9,#VALUE!,#VALUE!,12.6,3395.67,0.3679,1.590,1.222,,,12223,,,,,,,162.12,1.0825,1.289,0.2066,,,,,,,,
160,2,H,SUW,mid,fum,,30.10.25,100,10,15,F9,3,10,6.581564987,3.418435013,91,EliseLabExtrFum_69.raw,1.43,2004.65,0.81,56.95,x,2.91,7.13,2.06,-26.72,2.38,2.38,0.0230,0.5307,0.033,0.43,0.004,0.059,4.5,58.7,#VALUE!,#VALUE!,13.1,1999.50,0.3679,1.091,0.723,,,7227,,,,,,,57.64,1.0825,1.175,0.0920,,,,,,,,
161,3,A,BCD,mid,fum,,10.10.25,50,10,15,F10,3,10,6.28,3.72,92,EliseLabExtrFum_70.raw,2.59,430.78,1.21,-8.33,x,2.91,7.13,2.06,-26.72,2.38,2.38,0.0230,0.5307,0.060,0.64,0.009,0.093,8.7,93.5,#VALUE!,#VALUE!,10.7,425.63,0.3679,0.521,0.153,,,1535,,,,,,,-7.64,1.0825,1.103,0.0203,,,,,,,,
162,3,B,BCW,mid,fum,,10.10.25,50,10,15,F11,3,10,6.705336427,3.294663573,93,EliseLabExtrFum_71.raw,1.24,3599.11,0.66,148.11,x,2.91,7.13,2.06,-26.72,2.38,2.38,0.0230,0.5307,0.028,0.35,0.004,0.046,3.8,46.0,#VALUE!,#VALUE!,12.2,3593.96,0.3679,1.661,1.293,,,12928,,,,,,,148.80,1.0825,1.274,0.1920,,,,,,,,
163,3,C,BUD,mid,fum,,10.10.25,50,10,15,G1,3,10,6.888962988,3.111037012,95,EliseLabExtrFum_73.raw,1.67,721.44,1.08,-1.18,x,2.91,7.13,2.06,-26.72,2.38,2.38,0.0230,0.5307,0.038,0.57,0.005,0.073,4.9,72.8,#VALUE!,#VALUE!,14.9,716.29,0.3679,0.627,0.259,,,2591,,,,,,,-0.49,1.0825,1.111,0.0282,,,,,,,,
164,3,D,SUW,mid,fum,,10.10.25,50,10,15,G2,3,10,5.677118079,4.322881921,96,EliseLabExtrFum_74.raw,4.77,708.61,2.09,0.50,x,2.91,7.13,2.06,-26.72,2.38,2.38,0.0230,0.5307,0.110,1.11,0.018,0.187,18.4,187.0,#VALUE!,#VALUE!,10.1,703.46,0.3679,0.622,0.254,,,2544,,,,,,,1.18,1.0825,1.113,0.0300,,,,,,,,
165,3,E,SCD,mid,fum,,10.10.25,50,10,15,G3,3,10,6.805324459,3.194675541,97,EliseLabExtrFum_75.raw,2.60,1988.16,1.38,34.67,x,2.91,7.13,2.06,-26.72,2.38,2.38,0.0230,0.5307,0.060,0.73,0.008,0.095,7.7,94.9,#VALUE!,#VALUE!,12.3,1983.01,0.3679,1.085,0.717,,,7168,,,,,,,35.35,1.0825,1.150,0.0676,,,,,,,,
166,3,F,SUD,mid,fum,,10.10.25,50,10,15,G4,3,10,6.62,3.38,98,EliseLabExtrFum_76.raw,1.34,2481.00,0.81,66.94,x,2.91,7.13,2.06,-26.72,2.38,2.38,0.0230,0.5307,0.031,0.43,0.004,0.058,4.2,57.9,#VALUE!,#VALUE!,13.9,2475.85,0.3679,1.262,0.894,,,8937,,,,,,,67.62,1.0825,1.185,0.1030,,,,,,,,
167,3,G,BUW,mid,fum,,10.10.25,50,10,15,G5,3,10,6.507671781,3.492328219,99,EliseLabExtrFum_77.raw,1.60,1135.53,0.99,13.71,x,2.91,7.13,2.06,-26.72,2.38,2.38,0.0230,0.5307,0.037,0.53,0.005,0.073,5.1,72.6,#VALUE!,#VALUE!,14.3,1130.38,0.3679,0.777,0.409,,,4092,,,,,,,14.40,1.0825,1.127,0.0446,,,,,,,,
168,3,H,SCW,mid,fum,,10.10.25,50,10,15,G6,3,10,6.809713906,3.190286094,100,EliseLabExtrFum_78.raw,1.90,1612.99,1.19,31.96,x,2.91,7.13,2.06,-26.72,2.38,2.38,0.0230,0.5307,0.044,0.63,0.006,0.082,5.7,81.9,#VALUE!,#VALUE!,14.5,1607.84,0.3679,0.950,0.582,,,5817,,,,,,,32.65,1.0825,1.147,0.0646,,,,,,,,
169,4,A,BCW,mid,fum,,19.11.25,50,10,15,G7,3,10,5.962050599,4.037949401,101,EliseLabExtrFum_79.raw,3.05,3174.67,1.38,122.60,x,2.91,7.13,2.06,-26.72,2.38,2.38,0.0230,0.5307,0.070,0.73,0.011,0.115,11.0,115.4,#VALUE!,#VALUE!,10.5,3169.52,0.3679,1.510,1.142,,,11417,,,,,,,123.28,1.0825,1.247,0.1640,,,,,,,,
170,4,B,SCW,mid,fum,,19.11.25,50,10,15,G8,3,10,6.093594424,3.906405576,102,EliseLabExtrFum_80.raw,4.43,1585.40,2.06,18.33,x,2.91,7.13,2.06,-26.72,2.38,2.38,0.0230,0.5307,0.102,1.09,0.016,0.166,15.5,166.1,#VALUE!,#VALUE!,10.7,1580.25,0.3679,0.940,0.572,,,5717,,,,,,,19.02,1.0825,1.132,0.0496,,,,,,,,
171,4,C,BCD,mid,fum,,19.11.25,50,10,15,G9,3,10,6.138712904,3.861287096,103,EliseLabExtrFum_81.raw,2.66,2731.89,1.40,80.35,x,2.91,7.13,2.06,-26.72,2.38,2.38,0.0230,0.5307,0.061,0.74,0.009,0.112,9.2,111.5,#VALUE!,#VALUE!,12.1,2726.74,0.3679,1.351,0.984,,,9836,,,,,,,81.04,1.0825,1.200,0.1177,,,,,,,,
172,4,D,SUD,mid,fum,,19.11.25,50,10,15,G10,3,10,6.896896897,3.103103103,104,EliseLabExtrFum_82.raw,1.55,3126.92,0.92,107.05,x,2.91,7.13,2.06,-26.72,2.38,2.38,0.0230,0.5307,0.036,0.49,0.005,0.062,4.5,62.2,#VALUE!,#VALUE!,13.7,3121.77,0.3679,1.493,1.125,,,11247,,,,,,,107.74,1.0825,1.229,0.1470,,,,,,,,
173,4,E,BUW,mid,fum,,19.11.25,50,10,15,G11,3,10,6.033966034,3.966033966,105,EliseLabExtrFum_83.raw,1.66,2190.52,0.87,73.00,x,2.91,7.13,2.06,-26.72,2.38,2.38,0.0230,0.5307,0.038,0.46,0.006,0.071,5.9,71.2,#VALUE!,#VALUE!,12.1,2185.37,0.3679,1.157,0.790,,,7895,,,,,,,73.68,1.0825,1.192,0.1096,,,,,,,,
174,4,F,SUW,mid,fum,,19.11.25,50,10,15,H1,3,10,6.697705354,3.302294646,107,EliseLabExtrFum_85.raw,2.73,1368.76,1.27,22.18,x,2.91,7.13,2.06,-26.72,2.38,2.38,0.0230,0.5307,0.063,0.67,0.008,0.089,8.3,89.3,#VALUE!,#VALUE!,10.7,1363.61,0.3679,0.861,0.494,,,4935,,,,,,,22.87,1.0825,1.136,0.0539,,,,,,,,
175,4,G,BUD,mid,fum,,19.11.25,50,10,15,H2,3,10,6.558463067,3.441536933,108,EliseLabExtrFum_86.raw,3.91,2416.99,2.10,50.12,x,2.91,7.13,2.06,-26.72,2.38,2.38,0.0230,0.5307,0.090,1.11,0.012,0.152,12.3,152.1,#VALUE!,#VALUE!,12.4,2411.84,0.3679,1.239,0.871,,,8708,,,,,,,50.81,1.0825,1.167,0.0845,,,,,,,,
176,4,H,SCD,mid,fum,,19.11.25,50,10,15,H3,3,10,5.968116905,4.031883095,109,EliseLabExtrFum_87.raw,1.14,1841.14,0.67,49.90,x,2.91,7.13,2.06,-26.72,2.38,2.38,0.0230,0.5307,0.026,0.35,0.004,0.056,4.1,55.5,#VALUE!,#VALUE!,13.5,1835.99,0.3679,1.032,0.664,,,6639,,,,,,,50.59,1.0825,1.167,0.0843,,,,,,,,
177,5,A,SUW,mid,fum,,28.11.25,50,10,15,H4,3,10,5.797535798,4.202464202,110,EliseLabExtrFum_88.raw,4.01,3396.21,2.32,87.48,x,2.91,7.13,2.06,-26.72,2.38,2.38,0.0230,0.5307,0.092,1.23,0.015,0.202,15.1,201.5,#VALUE!,#VALUE!,13.4,3391.07,0.3679,1.589,1.221,,,12206,,,,,,,88.16,1.0825,1.208,0.1255,,,,,,,,
178,5,B,SUD,mid,fum,,28.11.25,50,10,15,H5,3,10,6.304926764,3.695073236,111,EliseLabExtrFum_89.raw,2.49,1914.86,1.32,45.25,x,2.91,7.13,2.06,-26.72,2.38,2.38,0.0230,0.5307,0.057,0.70,0.008,0.102,8.3,101.7,#VALUE!,#VALUE!,12.3,1909.71,0.3679,1.058,0.690,,,6904,,,,,,,45.94,1.0825,1.162,0.0792,,,,,,,,
179,5,C,SCW,mid,fum,,28.11.25,50,10,15,H6,3,10,6.303475936,3.696524064,112,EliseLabExtrFum_90.raw,2.37,2662.94,1.35,62.56,x,2.91,7.13,2.06,-26.72,2.38,2.38,0.0230,0.5307,0.055,0.72,0.008,0.104,7.9,104.0,#VALUE!,#VALUE!,13.2,2657.80,0.3679,1.327,0.959,,,9589,,,,,,,63.25,1.0825,1.181,0.0982,,,,,,,,
180,5,D,BUD,mid,fum,,28.11.25,50,10,15,H7,3,10,6.678929766,3.321070234,113,EliseLabExtrFum_91.raw,1.44,3127.58,0.82,115.84,x,2.91,7.13,2.06,-26.72,2.38,2.38,0.0230,0.5307,0.033,0.44,0.004,0.058,4.4,57.9,#VALUE!,#VALUE!,13.1,3122.43,0.3679,1.493,1.125,,,11249,,,,,,,116.52,1.0825,1.239,0.1566,,,,,,,,
181,5,E,BCD,mid,fum,,28.11.25,50,10,15,H8,3,10,6.528428094,3.471571906,114,EliseLabExtrFum_92.raw,1.94,148.27,0.95,-20.80,x,2.91,7.13,2.06,-26.72,2.38,2.38,0.0230,0.5307,0.045,0.50,0.006,0.069,6.2,69.2,#VALUE!,#VALUE!,11.2,143.12,0.3679,0.418,0.051,,,506,,,,,,,-20.12,1.0825,1.089,0.0066,,,,,,,,
182,5,F,BCW,mid,fum,,28.11.25,50,10,15,H9,3,10,6.261651132,3.738348868,115,EliseLabExtrFum_93.raw,1.46,1229.87,0.81,25.64,x,2.91,7.13,2.06,-26.72,2.38,2.38,0.0230,0.5307,0.034,0.43,0.005,0.063,4.9,62.7,#VALUE!,#VALUE!,12.7,1224.72,0.3679,0.811,0.443,,,4433,,,,,,,26.33,1.0825,1.140,0.0577,,,,,,,,
183,5,G,SCD,mid,fum,,28.11.25,50,10,15,H10,3,10,5.428666005,4.571333995,116,EliseLabExtrFum_94.raw,3.44,5980.49,1.81,199.97,x,2.91,7.13,2.06,-26.72,2.38,2.38,0.0230,0.5307,0.079,0.96,0.014,0.172,14.1,172.0,#VALUE!,#VALUE!,12.2,5975.34,0.3679,2.500,2.132,,,21322,,,,,,,200.66,1.0825,1.331,0.2487,,,,,,,,
184,5,H,BUW,mid,fum,,28.11.25,50,10,15,H11,3,10,5.679465776,4.320534224,117,EliseLabExtrFum_95.raw,2.11,2177.55,1.04,68.47,x,2.91,7.13,2.06,-26.72,2.38,2.38,0.0230,0.5307,0.049,0.55,0.008,0.093,8.2,93.2,#VALUE!,#VALUE!,11.4,2172.40,0.3679,1.153,0.785,,,7849,,,,,,,69.16,1.0825,1.187,0.1047,,,,,,,,
185,6,A,SCD,mid,fum,,7.12.25,50,10,15,A1,4,10,6.884371876,3.115628124,119,EliseLabExtrFum_2_1.raw,2.68,4278.33,1.50,138.17,x,2.91,7.13,2.06,-26.72,2.38,2.38,0.0230,0.5307,0.062,0.80,0.008,0.101,7.8,101.2,#VALUE!,#VALUE!,12.9,4273.18,0.3679,1.902,1.534,,,15337,,,,,,,138.86,1.0825,1.264,0.1811,,,,,,,,
186,6,B,BUD,mid,fum,,7.12.25,50,10,15,A2,4,10,6.286666667,3.713333333,120,EliseLabExtrFum_2_2.raw,2.98,2182.72,1.76,43.47,x,2.91,7.13,2.06,-26.72,2.38,2.38,0.0230,0.5307,0.069,0.94,0.010,0.136,10.0,136.2,#VALUE!,#VALUE!,13.7,2177.57,0.3679,1.155,0.787,,,7867,,,,,,,44.16,1.0825,1.160,0.0772,,,,,,,,
187,6,C,SUD,mid,fum,,7.12.25,50,10,15,A3,4,10,6.754327563,3.245672437,121,EliseLabExtrFum_2_3.raw,4.45,1531.68,2.43,9.64,x,2.91,7.13,2.06,-26.72,2.38,2.38,0.0230,0.5307,0.102,1.29,0.013,0.168,13.4,168.5,#VALUE!,#VALUE!,12.6,1526.53,0.3679,0.920,0.552,,,5523,,,,,,,10.32,1.0825,1.123,0.0401,,,,,,,,
188,6,D,SCW,mid,fum,,7.12.25,50,10,15,A4,4,10,6.432845745,3.567154255,122,EliseLabExtrFum_2_4.raw,4.55,2653.99,2.21,62.59,x,2.91,7.13,2.06,-26.72,2.38,2.38,0.0230,0.5307,0.105,1.17,0.015,0.165,14.7,165.2,#VALUE!,#VALUE!,11.2,2648.84,0.3679,1.324,0.956,,,9557,,,,,,,63.27,1.0825,1.181,0.0982,,,,,,,,
189,6,E,BCW,mid,fum,,7.12.25,50,10,15,A5,4,10,6.387782205,3.612217795,123,EliseLabExtrFum_2_5.raw,2.14,3940.93,1.18,140.96,x,2.91,7.13,2.06,-26.72,2.38,2.38,0.0230,0.5307,0.049,0.63,0.007,0.089,7.0,89.2,#VALUE!,#VALUE!,12.7,3935.78,0.3679,1.782,1.414,,,14142,,,,,,,141.64,1.0825,1.267,0.1841,,,,,,,,
190,6,F,BUW,mid,fum,,7.12.25,50,10,15,A6,4,10,6.553784861,3.446215139,124,EliseLabExtrFum_2_6.raw,1.70,3606.25,0.91,137.54,x,2.91,7.13,2.06,-26.72,2.38,2.38,0.0230,0.5307,0.039,0.48,0.005,0.066,5.3,66.3,#VALUE!,#VALUE!,12.4,3601.10,0.3679,1.663,1.295,,,12954,,,,,,,138.23,1.0825,1.263,0.1804,,,,,,,,
191,6,G,SUW,mid,fum,,7.12.25,50,10,15,A7,4,10,6.61892072,3.38107928,125,EliseLabExtrFum_2_7.raw,3.61,2529.91,1.88,60.18,x,2.91,7.13,2.06,-26.72,2.38,2.38,0.0230,0.5307,0.083,1.00,0.011,0.134,11.2,134.1,#VALUE!,#VALUE!,12.0,2524.76,0.3679,1.279,0.911,,,9113,,,,,,,60.87,1.0825,1.178,0.0956,,,,,,,,
192,6,H,BCD,mid,fum,,7.12.25,50,10,15,A8,4,10,6.003322259,3.996677741,126,EliseLabExtrFum_2_8.raw,2.76,1468.71,1.31,43.20,x,2.91,7.13,2.06,-26.72,2.38,2.38,0.0230,0.5307,0.063,0.69,0.010,0.108,9.9,108.0,#VALUE!,#VALUE!,11.0,1463.56,0.3679,0.897,0.530,,,5296,,,,,,,43.89,1.0825,1.159,0.0769,,,,,,,,
,,,,,,,,,,,,,,,,,,,,,,,,,,,,,,,,,,,,,,,,,,,,,,,,,,,,,,,,,,,,,,,,
,,,,,,,,,,,,,,,,,,,,,,,,,,,,,,,,,,,,,,,,,,,,,,,,,,,,,,,,,,,,,,,,
,,,,,,,,,,,,,,,,,,,,,,,,,,,,,,,,,,,,,,,,,,,,,,,,,,,,,,,,,,,,,,,,
,,,,,,,,,,,,,,,,,,,,,,,,,,,,,,,,,,,,,,,,,,,,,,,,,,,,,,,,,,,,,,,,
,,,,,,,,,,,,,,,,,,,,,,,,,,,,,,,,,,,,,,,,,,,,,,,,,,,,,,,,,,,,,,,,
,,,,,,,,,,,,,,,,,,,,,,,,,,,,,,,,,,,,,,,,,,,,,,,,,,,,,,,,,,,,,,,,
,,,,,,,,,,,,,,,,,,,,,,,,,,,,,,,,,,,,,,,,,,,,,,,,,,,,,,,,,,,,,,,,
,,,,,,,,,,,,,,,,,,,,,,,,,,,,,,,,,,,,,,,,,,,,,,,,,,,,,,,,,,,,,,,,
,,,,,,,,,,,,,,,,,,,,,,,,,,,,,,,,,,,,,,,,,,,,,,,,,,,,,,,,,,,,,,,,
,,,,,,,,,,,,,,,,,,,,,,,,,,,,,,,,,,,,,,,,,,,,,,,,,,,,,,,,,,,,,,,,
,,,,,,,,,,,,,,,,,,,,,,,,,,,,,,,,,,,,,,,,,,,,,,,,,,,,,,,,,,,,,,,,
,,,,,,,,,,,,,,,,,,,,,,,,,,,,,,,,,,,,,,,,,,,,,,,,,,,,,,,,,,,,,,,,
,,,,,,,,,,,,,,,,,,,,,,,,,,,,,,,,,,,,,,,,,,,,,,,,,,,,,,,,,,,,,,,,
,,,,,,,,,,,,,,,,,,,,,,,,,,,,,,,,,,,,,,,,,,,,,,,,,,,,,,,,,,,,,,,,
,,,,,,,,,,,,,,,,,,,,,,,,,,,,,,,,,,,,,,,,,,,,,,,,,,,,,,,,,,,,,,,,
,,,,,,,,,,,,,,,,,,,,,,,,,,,,,,,,,,,,,,,,,,,,,,,,,,,,,,,,,,,,,,,,
,,,,,,,,,,,,,,,,,,,,,,,,,,,,,,,,,,,,,,,,,,,,,,,,,,,,,,,,,,,,,,,,
,,,,,,,,,,,,,,,,,,,,,,,,,,,,,,,,,,,,,,,,,,,,,,,,,,,,,,,,,,,,,,,,
,,,,,,,,,,,,,,,,,,,,,,,,,,,,,,,,,,,,,,,,,,,,,,,,,,,,,,,,,,,,,,,,
,,,,,,,,,,,,,,,,,,,,,,,,,,,,,,,,,,,,,,,,,,,,,,,,,,,,,,,,,,,,,,,,
,,,,,,,,,,,,,,,,,,,,,,,,,,,,,,,,,,,,,,,,,,,,,,,,,,,,,,,,,,,,,,,,
,,,,,,,,,,,,,,,,,,,,,,,,,,,,,,,,,,,,,,,,,,,,,,,,,,,,,,,,,,,,,,,,
,,,,,,,,,,,,,,,,,,,,,,,,,,,,,,,,,,,,,,,,,,,,,,,,,,,,,,,,,,,,,,,,
,,,,,,,,,,,,,,,,,,,,,,,,,,,,,,,,,,,,,,,,,,,,,,,,,,,,,,,,,,,,,,,,
,,,,,,,,,,,,,,,,,,,,,,,,,,,,,,,,,,,,,,,,,,,,,,,,,,,,,,,,,,,,,,,,
,,,,,,,,,,,,,,,,,,,,,,,,,,,,,,,,,,,,,,,,,,,,,,,,,,,,,,,,,,,,,,,,
,,,,,,,,,,,,,,,,,,,,,,,,,,,,,,,,,,,,,,,,,,,,,,,,,,,,,,,,,,,,,,,,
,,,,,,,,,,,,,,,,,,,,,,,,,,,,,,,,,,,,,,,,,,,,,,,,,,,,,,,,,,,,,,,,
,,,,,,,,,,,,,,,,,,,,,,,,,,,,,,,,,,,,,,,,,,,,,,,,,,,,,,,,,,,,,,,,
,,,,,,,,,,,,,,,,,,,,,,,,,,,,,,,,,,,,,,,,,,,,,,,,,,,,,,,,,,,,,,,,
,,,,,,,,,,,,,,,,,,,,,,,,,,,,,,,,,,,,,,,,,,,,,,,,,,,,,,,,,,,,,,,,
,,,,,,,,,,,,,,,,,,,,,,,,,,,,,,,,,,,,,,,,,,,,,,,,,,,,,,,,,,,,,,,,
,,,,,,,,,,,,,,,,,,,,,,,,,,,,,,,,,,,,,,,,,,,,,,,,,,,,,,,,,,,,,,,,
,,,,,,,,,,,,,,,,,,,,,,,,,,,,,,,,,,,,,,,,,,,,,,,,,,,,,,,,,,,,,,,,
,,,,,,,,,,,,,,,,,,,,,,,,,,,,,,,,,,,,,,,,,,,,,,,,,,,,,,,,,,,,,,,,
,,,,,,,,,,,,,,,,,,,,,,,,,,,,,,,,,,,,,,,,,,,,,,,,,,,,,,,,,,,,,,,,
,,,,,,,,,,,,,,,,,,,,,,,,,,,,,,,,,,,,,,,,,,,,,,,,,,,,,,,,,,,,,,,,
,,,,,,,,,,,,,,,,,,,,,,,,,,,,,,,,,,,,,,,,,,,,,,,,,,,,,,,,,,,,,,,,
,,,,,,,,,,,,,,,,,,,,,,,,,,,,,,,,,,,,,,,,,,,,,,,,,,,,,,,,,,,,,,,,
,,,,,,,,,,,,,,,,,,,,,,,,,,,,,,,,,,,,,,,,,,,,,,,,,,,,,,,,,,,,,,,,
,,,,,,,,,,,,,,,,,,,,,,,,,,,,,,,,,,,,,,,,,,,,,,,,,,,,,,,,,,,,,,,,
,,,,,,,,,,,,,,,,,,,,,,,,,,,,,,,,,,,,,,,,,,,,,,,,,,,,,,,,,,,,,,,,
,,,,,,,,,,,,,,,,,,,,,,,,,,,,,,,,,,,,,,,,,,,,,,,,,,,,,,,,,,,,,,,,
,,,,,,,,,,,,,,,,,,,,,,,,,,,,,,,,,,,,,,,,,,,,,,,,,,,,,,,,,,,,,,,,
,,,,,,,,,,,,,,,,,,,,,,,,,,,,,,,,,,,,,,,,,,,,,,,,,,,,,,,,,,,,,,,,
,,,,,,,,,,,,,,,,,,,,,,,,,,,,,,,,,,,,,,,,,,,,,,,,,,,,,,,,,,,,,,,,
,,,,,,,,,,,,,,,,,,,,,,,,,,,,,,,,,,,,,,,,,,,,,,,,,,,,,,,,,,,,,,,,
,,,,,,,,,,,,,,,,,,,,,,,,,,,,,,,,,,,,,,,,,,,,,,,,,,,,,,,,,,,,,,,,
,,,,,,,,,,,,,,,,,,,,,,,,,,,,,,,,,,,,,,,,,,,,,,,,,,,,,,,,,,,,,,,,
,,,,,,,,,,,,,,,,,,,,,,,,,,,,,,,,,,,,,,,,,,,,,,,,,,,,,,,,,,,,,,,,
,,,,,,,,,,,,,,,,,,,,,,,,,,,,,,,,,,,,,,,,,,,,,,,,,,,,,,,,,,,,,,,,
,,,,,,,,,,,,,,,,,,,,,,,,,,,,,,,,,,,,,,,,,,,,,,,,,,,,,,,,,,,,,,,,
,,,,,,,,,,,,,,,,,,,,,,,,,,,,,,,,,,,,,,,,,,,,,,,,,,,,,,,,,,,,,,,,
,,,,,,,,,,,,,,,,,,,,,,,,,,,,,,,,,,,,,,,,,,,,,,,,,,,,,,,,,,,,,,,,
,,,,,,,,,,,,,,,,,,,,,,,,,,,,,,,,,,,,,,,,,,,,,,,,,,,,,,,,,,,,,,,,
,,,,,,,,,,,,,,,,,,,,,,,,,,,,,,,,,,,,,,,,,,,,,,,,,,,,,,,,,,,,,,,,
,,,,,,,,,,,,,,,,,,,,,,,,,,,,,,,,,,,,,,,,,,,,,,,,,,,,,,,,,,,,,,,,
,,,,,,,,,,,,,,,,,,,,,,,,,,,,,,,,,,,,,,,,,,,,,,,,,,,,,,,,,,,,,,,,
,,,,,,,,,,,,,,,,,,,,,,,,,,,,,,,,,,,,,,,,,,,,,,,,,,,,,,,,,,,,,,,,
,,,,,,,,,,,,,,,,,,,,,,,,,,,,,,,,,,,,,,,,,,,,,,,,,,,,,,,,,,,,,,,,
,,,,,,,,,,,,,,,,,,,,,,,,,,,,,,,,,,,,,,,,,,,,,,,,,,,,,,,,,,,,,,,,
,,,,,,,,,,,,,,,,,,,,,,,,,,,,,,,,,,,,,,,,,,,,,,,,,,,,,,,,,,,,,,,,
,,,,,,,,,,,,,,,,,,,,,,,,,,,,,,,,,,,,,,,,,,,,,,,,,,,,,,,,,,,,,,,,
,,,,,,,,,,,,,,,,,,,,,,,,,,,,,,,,,,,,,,,,,,,,,,,,,,,,,,,,,,,,,,,,
,,,,,,,,,,,,,,,,,,,,,,,,,,,,,,,,,,,,,,,,,,,,,,,,,,,,,,,,,,,,,,,,
,,,,,,,,,,,,,,,,,,,,,,,,,,,,,,,,,,,,,,,,,,,,,,,,,,,,,,,,,,,,,,,,
,,,,,,,,,,,,,,,,,,,,,,,,,,,,,,,,,,,,,,,,,,,,,,,,,,,,,,,,,,,,,,,,
,,,,,,,,,,,,,,,,,,,,,,,,,,,,,,,,,,,,,,,,,,,,,,,,,,,,,,,,,,,,,,,,
,,,,,,,,,,,,,,,,,,,,,,,,,,,,,,,,,,,,,,,,,,,,,,,,,,,,,,,,,,,,,,,,
,,,,,,,,,,,,,,,,,,,,,,,,,,,,,,,,,,,,,,,,,,,,,,,,,,,,,,,,,,,,,,,,
,,,,,,,,,,,,,,,,,,,,,,,,,,,,,,,,,,,,,,,,,,,,,,,,,,,,,,,,,,,,,,,,
,,,,,,,,,,,,,,,,,,,,,,,,,,,,,,,,,,,,,,,,,,,,,,,,,,,,,,,,,,,,,,,,
,,,,,,,,,,,,,,,,,,,,,,,,,,,,,,,,,,,,,,,,,,,,,,,,,,,,,,,,,,,,,,,,
,,,,,,,,,,,,,,,,,,,,,,,,,,,,,,,,,,,,,,,,,,,,,,,,,,,,,,,,,,,,,,,,
,,,,,,,,,,,,,,,,,,,,,,,,,,,,,,,,,,,,,,,,,,,,,,,,,,,,,,,,,,,,,,,,
,,,,,,,,,,,,,,,,,,,,,,,,,,,,,,,,,,,,,,,,,,,,,,,,,,,,,,,,,,,,,,,,
,,,,,,,,,,,,,,,,,,,,,,,,,,,,,,,,,,,,,,,,,,,,,,,,,,,,,,,,,,,,,,,,
,,,,,,,,,,,,,,,,,,,,,,,,,,,,,,,,,,,,,,,,,,,,,,,,,,,,,,,,,,,,,,,,
,,,,,,,,,,,,,,,,,,,,,,,,,,,,,,,,,,,,,,,,,,,,,,,,,,,,,,,,,,,,,,,,
,,,,,,,,,,,,,,,,,,,,,,,,,,,,,,,,,,,,,,,,,,,,,,,,,,,,,,,,,,,,,,,,
,,,,,,,,,,,,,,,,,,,,,,,,,,,,,,,,,,,,,,,,,,,,,,,,,,,,,,,,,,,,,,,,
,,,,,,,,,,,,,,,,,,,,,,,,,,,,,,,,,,,,,,,,,,,,,,,,,,,,,,,,,,,,,,,,
,,,,,,,,,,,,,,,,,,,,,,,,,,,,,,,,,,,,,,,,,,,,,,,,,,,,,,,,,,,,,,,,
,,,,,,,,,,,,,,,,,,,,,,,,,,,,,,,,,,,,,,,,,,,,,,,,,,,,,,,,,,,,,,,,
,,,,,,,,,,,,,,,,,,,,,,,,,,,,,,,,,,,,,,,,,,,,,,,,,,,,,,,,,,,,,,,,
,,,,,,,,,,,,,,,,,,,,,,,,,,,,,,,,,,,,,,,,,,,,,,,,,,,,,,,,,,,,,,,,
,,,,,,,,,,,,,,,,,,,,,,,,,,,,,,,,,,,,,,,,,,,,,,,,,,,,,,,,,,,,,,,,
,,,,,,,,,,,,,,,,,,,,,,,,,,,,,,,,,,,,,,,,,,,,,,,,,,,,,,,,,,,,,,,,
,,,,,,,,,,,,,,,,,,,,,,,,,,,,,,,,,,,,,,,,,,,,,,,,,,,,,,,,,,,,,,,,
,,,,,,,,,,,,,,,,,,,,,,,,,,,,,,,,,,,,,,,,,,,,,,,,,,,,,,,,,,,,,,,,
,,,,,,,,,,,,,,,,,,,,,,,,,,,,,,,,,,,,,,,,,,,,,,,,,,,,,,,,,,,,,,,,
,,,,,,,,,,,,,,,,,,,,,,,,,,,,,,,,,,,,,,,,,,,,,,,,,,,,,,,,,,,,,,,,
,,,,,,,,,,,,,,,,,,,,,,,,,,,,,,,,,,,,,,,,,,,,,,,,,,,,,,,,,,,,,,,,
,,,,,,,,,,,,,,,,,,,,,,,,,,,,,,,,,,,,,,,,,,,,,,,,,,,,,,,,,,,,,,,,
,,,,,,,,,,,,,,,,,,,,,,,,,,,,,,,,,,,,,,,,,,,,,,,,,,,,,,,,,,,,,,,,
,,,,,,,,,,,,,,,,,,,,,,,,,,,,,,,,,,,,,,,,,,,,,,,,,,,,,,,,,,,,,,,,
,,,,,,,,,,,,,,,,,,,,,,,,,,,,,,,,,,,,,,,,,,,,,,,,,,,,,,,,,,,,,,,,
,,,,,,,,,,,,,,,,,,,,,,,,,,,,,,,,,,,,,,,,,,,,,,,,,,,,,,,,,,,,,,,,
,,,,,,,,,,,,,,,,,,,,,,,,,,,,,,,,,,,,,,,,,,,,,,,,,,,,,,,,,,,,,,,,
,,,,,,,,,,,,,,,,,,,,,,,,,,,,,,,,,,,,,,,,,,,,,,,,,,,,,,,,,,,,,,,,
,,,,,,,,,,,,,,,,,,,,,,,,,,,,,,,,,,,,,,,,,,,,,,,,,,,,,,,,,,,,,,,,
,,,,,,,,,,,,,,,,,,,,,,,,,,,,,,,,,,,,,,,,,,,,,,,,,,,,,,,,,,,,,,,,
,,,,,,,,,,,,,,,,,,,,,,,,,,,,,,,,,,,,,,,,,,,,,,,,,,,,,,,,,,,,,,,,
,,,,,,,,,,,,,,,,,,,,,,,,,,,,,,,,,,,,,,,,,,,,,,,,,,,,,,,,,,,,,,,,
,,,,,,,,,,,,,,,,,,,,,,,,,,,,,,,,,,,,,,,,,,,,,,,,,,,,,,,,,,,,,,,,
,,,,,,,,,,,,,,,,,,,,,,,,,,,,,,,,,,,,,,,,,,,,,,,,,,,,,,,,,,,,,,,,
,,,,,,,,,,,,,,,,,,,,,,,,,,,,,,,,,,,,,,,,,,,,,,,,,,,,,,,,,,,,,,,,
,,,,,,,,,,,,,,,,,,,,,,,,,,,,,,,,,,,,,,,,,,,,,,,,,,,,,,,,,,,,,,,,
,,,,,,,,,,,,,,,,,,,,,,,,,,,,,,,,,,,,,,,,,,,,,,,,,,,,,,,,,,,,,,,,
,,,,,,,,,,,,,,,,,,,,,,,,,,,,,,,,,,,,,,,,,,,,,,,,,,,,,,,,,,,,,,,,
,,,,,,,,,,,,,,,,,,,,,,,,,,,,,,,,,,,,,,,,,,,,,,,,,,,,,,,,,,,,,,,,
,,,,,,,,,,,,,,,,,,,,,,,,,,,,,,,,,,,,,,,,,,,,,,,,,,,,,,,,,,,,,,,,
,,,,,,,,,,,,,,,,,,,,,,,,,,,,,,,,,,,,,,,,,,,,,,,,,,,,,,,,,,,,,,,,
,,,,,,,,,,,,,,,,,,,,,,,,,,,,,,,,,,,,,,,,,,,,,,,,,,,,,,,,,,,,,,,,
,,,,,,,,,,,,,,,,,,,,,,,,,,,,,,,,,,,,,,,,,,,,,,,,,,,,,,,,,,,,,,,,
,,,,,,,,,,,,,,,,,,,,,,,,,,,,,,,,,,,,,,,,,,,,,,,,,,,,,,,,,,,,,,,,
,,,,,,,,,,,,,,,,,,,,,,,,,,,,,,,,,,,,,,,,,,,,,,,,,,,,,,,,,,,,,,,,
,,,,,,,,,,,,,,,,,,,,,,,,,,,,,,,,,,,,,,,,,,,,,,,,,,,,,,,,,,,,,,,,
,,,,,,,,,,,,,,,,,,,,,,,,,,,,,,,,,,,,,,,,,,,,,,,,,,,,,,,,,,,,,,,,
,,,,,,,,,,,,,,,,,,,,,,,,,,,,,,,,,,,,,,,,,,,,,,,,,,,,,,,,,,,,,,,,
,,,,,,,,,,,,,,,,,,,,,,,,,,,,,,,,,,,,,,,,,,,,,,,,,,,,,,,,,,,,,,,,
,,,,,,,,,,,,,,,,,,,,,,,,,,,,,,,,,,,,,,,,,,,,,,,,,,,,,,,,,,,,,,,,
,,,,,,,,,,,,,,,,,,,,,,,,,,,,,,,,,,,,,,,,,,,,,,,,,,,,,,,,,,,,,,,,
,,,,,,,,,,,,,,,,,,,,,,,,,,,,,,,,,,,,,,,,,,,,,,,,,,,,,,,,,,,,,,,,
,,,,,,,,,,,,,,,,,,,,,,,,,,,,,,,,,,,,,,,,,,,,,,,,,,,,,,,,,,,,,,,,
,,,,,,,,,,,,,,,,,,,,,,,,,,,,,,,,,,,,,,,,,,,,,,,,,,,,,,,,,,,,,,,,
,,,,,,,,,,,,,,,,,,,,,,,,,,,,,,,,,,,,,,,,,,,,,,,,,,,,,,,,,,,,,,,,
,,,,,,,,,,,,,,,,,,,,,,,,,,,,,,,,,,,,,,,,,,,,,,,,,,,,,,,,,,,,,,,,
,,,,,,,,,,,,,,,,,,,,,,,,,,,,,,,,,,,,,,,,,,,,,,,,,,,,,,,,,,,,,,,,
,,,,,,,,,,,,,,,,,,,,,,,,,,,,,,,,,,,,,,,,,,,,,,,,,,,,,,,,,,,,,,,,
,,,,,,,,,,,,,,,,,,,,,,,,,,,,,,,,,,,,,,,,,,,,,,,,,,,,,,,,,,,,,,,,
,,,,,,,,,,,,,,,,,,,,,,,,,,,,,,,,,,,,,,,,,,,,,,,,,,,,,,,,,,,,,,,,
,,,,,,,,,,,,,,,,,,,,,,,,,,,,,,,,,,,,,,,,,,,,,,,,,,,,,,,,,,,,,,,,
,,,,,,,,,,,,,,,,,,,,,,,,,,,,,,,,,,,,,,,,,,,,,,,,,,,,,,,,,,,,,,,,
,,,,,,,,,,,,,,,,,,,,,,,,,,,,,,,,,,,,,,,,,,,,,,,,,,,,,,,,,,,,,,,,
,,,,,,,,,,,,,,,,,,,,,,,,,,,,,,,,,,,,,,,,,,,,,,,,,,,,,,,,,,,,,,,,
,,,,,,,,,,,,,,,,,,,,,,,,,,,,,,,,,,,,,,,,,,,,,,,,,,,,,,,,,,,,,,,,
,,,,,,,,,,,,,,,,,,,,,,,,,,,,,,,,,,,,,,,,,,,,,,,,,,,,,,,,,,,,,,,,
,,,,,,,,,,,,,,,,,,,,,,,,,,,,,,,,,,,,,,,,,,,,,,,,,,,,,,,,,,,,,,,,
,,,,,,,,,,,,,,,,,,,,,,,,,,,,,,,,,,,,,,,,,,,,,,,,,,,,,,,,,,,,,,,,
,,,,,,,,,,,,,,,,,,,,,,,,,,,,,,,,,,,,,,,,,,,,,,,,,,,,,,,,,,,,,,,,
,,,,,,,,,,,,,,,,,,,,,,,,,,,,,,,,,,,,,,,,,,,,,,,,,,,,,,,,,,,,,,,,
,,,,,,,,,,,,,,,,,,,,,,,,,,,,,,,,,,,,,,,,,,,,,,,,,,,,,,,,,,,,,,,,
,,,,,,,,,,,,,,,,,,,,,,,,,,,,,,,,,,,,,,,,,,,,,,,,,,,,,,,,,,,,,,,,
,,,,,,,,,,,,,,,,,,,,,,,,,,,,,,,,,,,,,,,,,,,,,,,,,,,,,,,,,,,,,,,,
,,,,,,,,,,,,,,,,,,,,,,,,,,,,,,,,,,,,,,,,,,,,,,,,,,,,,,,,,,,,,,,,
,,,,,,,,,,,,,,,,,,,,,,,,,,,,,,,,,,,,,,,,,,,,,,,,,,,,,,,,,,,,,,,,
,,,,,,,,,,,,,,,,,,,,,,,,,,,,,,,,,,,,,,,,,,,,,,,,,,,,,,,,,,,,,,,,
,,,,,,,,,,,,,,,,,,,,,,,,,,,,,,,,,,,,,,,,,,,,,,,,,,,,,,,,,,,,,,,,
,,,,,,,,,,,,,,,,,,,,,,,,,,,,,,,,,,,,,,,,,,,,,,,,,,,,,,,,,,,,,,,,
,,,,,,,,,,,,,,,,,,,,,,,,,,,,,,,,,,,,,,,,,,,,,,,,,,,,,,,,,,,,,,,,
,,,,,,,,,,,,,,,,,,,,,,,,,,,,,,,,,,,,,,,,,,,,,,,,,,,,,,,,,,,,,,,,
,,,,,,,,,,,,,,,,,,,,,,,,,,,,,,,,,,,,,,,,,,,,,,,,,,,,,,,,,,,,,,,,
,,,,,,,,,,,,,,,,,,,,,,,,,,,,,,,,,,,,,,,,,,,,,,,,,,,,,,,,,,,,,,,,
,,,,,,,,,,,,,,,,,,,,,,,,,,,,,,,,,,,,,,,,,,,,,,,,,,,,,,,,,,,,,,,,
,,,,,,,,,,,,,,,,,,,,,,,,,,,,,,,,,,,,,,,,,,,,,,,,,,,,,,,,,,,,,,,,
,,,,,,,,,,,,,,,,,,,,,,,,,,,,,,,,,,,,,,,,,,,,,,,,,,,,,,,,,,,,,,,,
,,,,,,,,,,,,,,,,,,,,,,,,,,,,,,,,,,,,,,,,,,,,,,,,,,,,,,,,,,,,,,,,
,,,,,,,,,,,,,,,,,,,,,,,,,,,,,,,,,,,,,,,,,,,,,,,,,,,,,,,,,,,,,,,,
