run,tt,treatment,layer,fum_status,run_1,date,h2o_ml,gram_soil,ml_til_frysetorring,placering,bakke_nr,soil_fw_g,dw_soil,soil_water_in_extract_ml,n_height_n_a,delta_n15,c_height_n_a,delta_13c,mg_n_in_sample,mg_c_in_sample,mg_n_in_soil_extr,mg_c_in_soil_extr,n_in_soil_irms,c_in_soil_irms,x_n_in_peach_not_in_extract,x_c_in_peach_not_in_extract,c_n_in_extract_or_peach,d15nkorr,natabun_15n_atm_pct,atom_pct_15n,ape_15n,mic_15n_ug_g,n15_dtn_ug_g,x15n_in_n,mic_diss15n_ug_g,mic_diss15n_ng_g_not_non_fum_subtracted,mic_15n_ng_g,mic_n,mic_c,dtn,d13ckorr,natabun_13c_atm_pct,atom_pct_13c,ape_13c,mic_13c_ug_g,c13_doc_ug_g,x13c_in_c,mic_diss13c_ug_g,mic_diss13c_ng_g_not_non_fum_subtracted,mic_13c_ng_g,doc,mic_c_n,pipe_nr,pipe_diameter,veg,wet,cut,beriget
1,A,SCW,top,ufum,1,20.10.25,100,10.07,30,A1,1,10.07,6.360869565,3.709130435,7.01,-1.89,6.08,-26.60,0.08,1.57,0.006,0.113,5.8,113.4,#VALUE!,#VALUE!,19.7,-2.93,0.3685,0.365,-0.003,0.003,0,-33,0.003,2.92,3.4,42.7,478.9,5.76,-27.12,1.0809,1.081,5e-4,-0.012,0.001,5,-0.013,-12.57,-12.48,113.4,11.2,14,17,S,W,C,FALSE
1,B,BUW,top,ufum,1,20.10.25,100,13.13,30,A2,1,13.13,6.607137356,6.522862644,2.11,5.61,1.02,-27.37,0.024,0.26,0.002,0.026,2.4,26.2,#VALUE!,#VALUE!,11.0,4.56,0.3685,0.368,-0.001,0.006,0,-6,0.006,6.39,6.43,52.9,353.1,2.38,-27.89,1.0809,1.081,-3e-4,-0.003,0,-3,-0.003,-3.49,-2.91,26.2,6.7,9,17,B,W,U,FALSE
1,C,BCW,top,ufum,1,20.10.25,100,11.63,30,A3,1,11.63,6.123428202,5.506571798,0.84,9.45,0.57,-29.63,0.01,0.15,0.001,0.014,0.9,13.9,#VALUE!,#VALUE!,15.5,8.41,0.3685,0.369,0.001,-0.001,0,8,-0.001,-0.68,-0.7,45.8,298.5,0.89,-30.15,1.0809,1.078,-0.0028,-0.004,0,-28,-0.005,-4.97,-3.55,13.9,6.5,10,17,B,W,C,FALSE
1,D,BCD,top,ufum,1,20.10.25,100,5.33,30,A4,1,5.33,3.528484848,1.801515152,6.62,1.77,2.37,-27.82,0.075,0.61,0.005,0.041,5.1,41.3,#VALUE!,#VALUE!,8.1,0.73,0.3685,0.367,-0.002,0.014,0,-20,0.014,13.65,13.91,26.8,188.2,5.07,-28.34,1.0809,1.08,-8e-4,-0.008,0,-8,-0.010,-9.89,-8.03,41.3,7,12,17,B,D,C,FALSE
1,E,SUW,top,ufum,1,20.10.25,100,8.89,30,A5,1,8.89,5.416610348,3.473389652,4.00,1.82,3.07,-28.00,0.046,0.79,0.003,0.060,3.5,60.3,#VALUE!,#VALUE!,17.4,0.78,0.3685,0.367,-0.002,0.007,0,-20,0.007,6.63,6.8,44.3,450.8,3.47,-28.52,1.0809,1.08,-0.001,-0.013,-0.001,-10,-0.016,-16.20,-13.02,60.3,10.2,13,17,S,W,U,FALSE
1,F,SCD,top,ufum,1,20.10.25,100,10.89,30,A6,1,10.89,7.243721973,3.646278027,8.12,2.20,6.81,-27.50,0.092,1.76,0.006,0.118,6.2,117.8,#VALUE!,#VALUE!,19.1,1.15,0.3685,0.367,-0.002,0.000,0,-18,0.000,,NA,,1784.2,6.18,-28.02,1.0809,1.08,-5e-4,-0.011,-0.001,-5,-0.014,-13.90,-11.13,117.8,NA,16,17,S,D,C,FALSE
1,G,SUD,top,ufum,1,20.10.25,100,7.66,30,A7,1,7.66,4.677489362,2.982510638,4.53,8.59,3.62,-28.10,0.052,0.93,0.004,0.071,3.9,70.9,#VALUE!,#VALUE!,18.1,7.54,0.3685,0.369,0.001,-0.003,0,5,-0.003,-3.10,-3.15,79.6,1098.1,3.91,-28.62,1.0809,1.08,-0.0011,-0.021,-0.001,-11,-0.026,-26.00,-21.33,70.9,13.8,15,17,S,D,U,FALSE
1,H,BUD,top,ufum,1,20.10.25,100,13.98,30,A8,1,13.98,9.027836991,4.952163009,0.44,17.51,0.27,-40.40,0.005,0.07,0.000,0.005,0.4,4.9,#VALUE!,#VALUE!,13.8,16.47,0.3685,0.372,0.004,-0.002,0,38,-0.002,-1.57,-1.61,54.0,340.8,0.35,-40.92,1.0809,1.066,-0.0147,0.001,-0.001,-147,-0.001,-1.04,0.66,4.9,6.3,11,17,B,D,U,FALSE
2,A,BUD,top,ufum,2,29.10.25,100,9.4,30,A9,1,9.4,5.223089701,4.176910299,8.55,1500.80,4.32,4.45,0.097,1.12,0.008,0.097,8.4,96.8,#VALUE!,#VALUE!,11.5,1499.76,0.3685,0.911,0.542,0.317,0.046,5420,0.431,431.04,316.79,34.5,232.9,8.43,3.93,1.0809,1.116,0.0346,0.269,0.034,346,0.386,386.24,268.79,96.8,6.8,20,17,B,D,U,TRUE
2,B,BCD,top,ufum,2,29.10.25,100,3.2,30,A10,1,3.2,2.410666667,0.789333333,2.78,1336.10,1.76,10.69,0.032,0.45,0.002,0.025,1.7,25.1,#VALUE!,#VALUE!,14.4,1335.05,0.3685,0.851,0.483,0.056,0.008,4826,0.077,76.83,55.78,17.1,123.6,1.74,10.17,1.0809,1.122,0.0415,0.046,0.01,415,0.077,77.49,45.74,25.1,7.2,19,17,B,D,C,TRUE
2,C,BCW,top,ufum,2,29.10.25,100,7.69,30,A11,1,7.69,5.093131643,2.596868357,9.68,904.00,4.47,-16.87,0.11,1.15,0.007,0.078,7.4,77.7,#VALUE!,#VALUE!,10.5,902.96,0.3685,0.695,0.326,0.370,0.024,3262,0.431,430.97,370.49,45.7,242.7,7.42,-17.39,1.0809,1.092,0.0112,0.228,0.009,112,0.279,278.53,228.22,77.7,5.3,17,17,B,W,C,TRUE
2,D,SCD,top,ufum,2,29.10.25,100,9.26,30,B1 ,1,9.26,6.436601746,2.823398254,19.61,1313.52,13.40,30.36,0.223,3.46,0.014,0.217,14.0,216.7,#VALUE!,#VALUE!,15.5,1312.48,0.3685,0.843,0.474,0.004,0.066,4744,0.170,169.89,4.31,-10.7,-94.4,13.96,29.84,1.0809,1.144,0.0631,-0.218,0.137,631,0.097,96.84,-217.79,216.7,8.8,22,17,S,D,C,TRUE
2,E,SCW,top,ufum,2,29.10.25,100,5.7,30,B2,1,5.7,4.196113074,1.503886926,8.71,2130.58,7.00,15.03,0.099,1.81,0.006,0.104,5.7,103.6,#VALUE!,#VALUE!,18.3,2129.54,0.3685,1.137,0.769,0.137,0.044,7688,0.247,246.51,137.48,30.7,283.9,5.67,14.51,1.0809,1.127,0.0463,-0.003,0.048,463,0.117,116.87,-2.59,103.6,9.3,21,17,S,W,C,TRUE
2,F,SUD,top,ufum,2,29.10.25,100,10.81,30,B3,1,10.81,5.944469167,4.865530833,3.46,1503.46,2.84,7.34,0.039,0.73,0.003,0.064,3.5,64.5,#VALUE!,#VALUE!,18.6,1502.41,0.3685,0.912,0.543,0.636,0.019,5430,0.683,683.26,636.24,80.6,751.9,3.46,6.82,1.0809,1.119,0.0378,0.727,0.024,378,0.878,878.46,726.66,64.5,9.3,24,17,S,D,U,TRUE
2,G,BUW,top,ufum,2,29.10.25,100,10,30,B4,1,10,6.357085669,3.642914331,2.95,1954.72,1.09,-28.49,0.034,0.28,0.002,0.020,2.4,20.2,#VALUE!,#VALUE!,8.4,1953.67,0.3685,1.074,0.706,0.266,0.017,7056,0.308,308.30,265.97,52.7,281.4,2.40,-29.01,1.0809,1.079,-0.0016,0.164,0,-16,0.184,183.99,164.25,20.2,5.3,18,17,B,W,U,TRUE
2,H,SUW,top,ufum,2,29.10.25,100,10.56,30,B5,1,10.56,6.107373202,4.452626798,8.11,1316.35,5.74,2.00,0.092,1.48,0.008,0.122,7.6,121.5,#VALUE!,#VALUE!,16.1,1315.31,0.3685,0.844,0.475,0.359,0.036,4754,0.449,448.64,358.81,78.7,488.1,7.56,1.48,1.0809,1.113,0.032,0.393,0.039,320,0.540,539.61,393.34,121.5,6.2,23,17,S,W,U,TRUE
3,A,BCD,top,ufum,3,9.10.25,100,16.45,30,B6,1,16.45,9.166169154,7.283830846,1.61,3059.14,0.89,-27.35,0.018,0.23,0.002,0.020,1.6,19.7,#VALUE!,#VALUE!,12.5,3058.10,0.3685,1.47,1.101,0.537,0.017,11013,0.580,580.35,536.76,66.0,541.6,1.58,-27.87,1.0809,1.081,-3e-4,0.397,0,-3,0.446,446.23,396.79,19.7,8.2,25,17,B,D,C,TRUE
3,B,BCW,top,ufum,3,9.10.25,100,8.51,30,B7,1,8.51,4.517249615,3.992750385,4.12,944.82,2.28,-5.24,0.047,0.59,0.004,0.054,4.3,54.4,#VALUE!,#VALUE!,12.6,943.77,0.3685,0.709,0.341,0.364,0.015,3410,0.401,401.08,364.23,53.0,281.8,4.32,-5.76,1.0809,1.105,0.024,0.315,0.013,240,0.387,386.63,314.67,54.4,5.3,27,17,B,W,C,TRUE
3,C,BUD,top,ufum,3,9.10.25,100,16.52,30,B8,1,16.52,9.493042603,7.026957397,2.32,585.50,1.32,-25.52,0.026,0.34,0.002,0.028,2.2,28.1,#VALUE!,#VALUE!,12.9,584.45,0.3685,0.579,0.211,0.410,0.005,2106,0.422,421.74,410.24,76.2,591.5,2.18,-26.04,1.0809,1.083,0.0017,0.270,0,17,0.305,304.82,269.89,28.1,7.8,26,17,B,D,U,TRUE
3,D,SUW,top,ufum,3,9.10.25,100,7.29,30,B9,1,7.29,3.10699262,4.18300738,6.43,1312.64,3.93,7.87,0.073,1.01,0.009,0.125,9.0,124.9,#VALUE!,#VALUE!,13.9,1311.59,0.3685,0.843,0.474,0.320,0.043,4741,0.427,426.76,320.09,88.1,647.5,9.00,7.35,1.0809,1.119,0.0384,1.442,0.048,384,1.742,1742.42,1442.24,124.9,7.4,29,17,S,W,U,TRUE
3,E,SCD,top,ufum,3,9.10.25,100,7.82,30,B10,1,7.82,5.558795181,2.261204819,12.83,1584.11,8.58,11.38,0.146,2.22,0.009,0.134,8.8,134.0,#VALUE!,#VALUE!,15.2,1583.07,0.3685,0.941,0.572,0.226,0.05,5721,0.352,351.76,225.53,7.8,39.1,8.83,10.86,1.0809,1.123,0.0423,0.243,0.057,423,0.415,414.96,242.99,134.0,5,32,17,S,D,C,TRUE
3,F,SUD,top,ufum,3,9.10.25,100,7.15,30,B11,1,7.15,3.866997792,3.283002208,5.67,1312.25,4.13,-3.05,0.064,1.07,0.006,0.096,5.8,95.9,#VALUE!,#VALUE!,16.5,1311.20,0.3685,0.842,0.474,0.099,0.027,4739,0.167,167.45,98.76,4.8,97.5,5.80,-3.57,1.0809,1.107,0.0264,0.039,0.025,264,0.108,107.54,39.34,95.9,20.4,30,17,S,D,U,TRUE
3,G,BUW,top,ufum,3,9.10.25,100,10.01,30,C1,1,10.01,5.366425957,4.643574043,2.12,683.97,1.16,-22.63,0.024,0.3,0.002,0.027,2.2,27.2,#VALUE!,#VALUE!,12.3,682.92,0.3685,0.615,0.246,0.315,0.005,2463,0.329,328.62,315.06,78.0,445.8,2.20,-23.15,1.0809,1.086,0.0049,0.188,0.001,49,0.215,214.86,188.04,27.2,5.7,28,17,B,W,U,TRUE
3,H,SCW,top,ufum,3,9.10.25,100,8.89,30,C2,1,8.89,4.460487805,4.429512195,7.97,1101.73,5.08,-1.67,0.091,1.31,0.009,0.131,9.0,130.8,#VALUE!,#VALUE!,14.5,1100.69,0.3685,0.766,0.398,0.101,0.036,3978,0.191,190.74,101,14.8,103.1,9.02,-2.19,1.0809,1.109,0.0279,0.024,0.037,279,0.118,118.00,23.76,130.8,6.9,31,17,S,W,C,TRUE
4,A,BCW,top,ufum,4,18.11.25,100,4.59,30,C3,1,4.59,2.640647841,1.949352159,2.45,682.95,1.61,-21.61,0.028,0.42,0.002,0.034,2.3,34.3,#VALUE!,#VALUE!,14.9,681.91,0.3685,0.614,0.246,0.101,0.006,2460,0.115,114.81,100.64,18.7,146.7,2.30,-22.14,1.0809,1.087,0.006,0.088,0.002,60,0.104,104.30,88.14,34.3,7.9,35,16.3,B,W,C,TRUE
4,B,SCW,top,ufum,4,18.11.25,100,5.44,30,C4,1,5.44,3.674701987,1.765298013,10.02,92.63,7.56,-25.04,0.114,1.95,0.007,0.128,7.5,127.7,#VALUE!,#VALUE!,17.1,91.58,0.3685,0.4,0.031,0.008,0.002,312,0.014,13.58,7.77,34.4,379.4,7.46,-25.56,1.0809,1.083,0.0022,-0.009,0.003,22,-0.003,-2.79,-8.82,127.7,11,40,16.3,S,W,C,TRUE
4,C,BCD,top,ufum,4,18.11.25,100,7.91,30,C5,1,7.91,5.313756098,2.596243902,1.62,626.38,1.07,-25.23,0.018,0.28,0.001,0.018,1.2,18.1,#VALUE!,#VALUE!,14.9,625.33,0.3685,0.594,0.225,0.121,0.003,2254,0.128,127.50,120.64,8.4,73.4,1.22,-25.75,1.0809,1.083,0.002,0.100,0,20,0.113,113.30,99.89,18.1,8.8,36,16.3,B,D,C,TRUE
4,D,SUD,top,ufum,4,18.11.25,100,4.96,30,C6,1,4.96,3.052307692,1.907692308,10.00,1475.83,4.91,7.49,0.114,1.27,0.009,0.095,8.5,95.3,#VALUE!,#VALUE!,11.2,1474.78,0.3685,0.902,0.533,0.112,0.046,5330,0.226,225.82,112.07,13.8,98.3,8.54,6.97,1.0809,1.119,0.038,0.027,0.036,380,0.120,120.47,26.67,95.3,7.1,39,16.3,S,D,U,TRUE
4,E,BUW,top,ufum,4,18.11.25,100,17.48,30,C7,1,17.48,9.536022305,7.943977695,1.70,839.59,1.12,-14.65,0.019,0.29,0.002,0.026,1.7,25.7,#VALUE!,#VALUE!,15.0,838.54,0.3685,0.671,0.303,0.213,0.005,3028,0.226,226.14,213.13,36.7,339.5,1.72,-15.17,1.0809,1.095,0.0137,0.136,0.004,137,0.161,161.42,135.67,25.7,9.2,33,16.3,B,W,U,TRUE
4,F,SUW,top,ufum,4,18.11.25,100,11.67,30,C8,1,11.67,5.598257757,6.071742243,7.48,879.67,4.02,-4.25,0.085,1.04,0.009,0.110,9.0,109.9,#VALUE!,#VALUE!,12.2,878.62,0.3685,0.686,0.317,0.309,0.029,3173,0.380,380.18,308.81,34.5,245.7,9.00,-4.77,1.0809,1.106,0.0251,0.110,0.028,251,0.193,192.79,110.12,109.9,7.1,37,16.3,S,W,U,TRUE
4,G,BUD,top,ufum,4,18.11.25,100,15.56,30,C9,1,15.56,10.99663761,4.563362391,2.75,299.89,1.95,-25.81,0.031,0.5,0.002,0.031,1.9,30.8,#VALUE!,#VALUE!,16.1,298.84,0.3685,0.475,0.107,0.252,0.002,1067,0.257,257.33,252.24,24.9,205.3,1.91,-26.33,1.0809,1.082,0.0014,0.175,0,14,0.198,198.23,175.26,30.8,8.3,34,16.3,B,D,U,TRUE
4,H,SCD,top,ufum,4,18.11.25,100,7.53,30,C10,1,7.53,4.843296,2.686704,8.04,284.11,5.11,-20.52,0.092,1.32,0.006,0.093,6.4,93.0,#VALUE!,#VALUE!,14.4,283.06,0.3685,0.469,0.101,0.065,0.006,1009,0.081,81.07,64.84,10.9,153.5,6.43,-21.04,1.0809,1.088,0.0072,0.028,0.007,72,0.048,47.91,27.7,93.0,14.1,38,16.3,S,D,C,TRUE
5,A,SUW,top,ufum,5,27.11.25,100,11.8,30,C11,1,11.8,6.779247911,5.020752089,8.85,1276.30,7.07,-2.86,0.101,1.83,0.008,0.151,8.3,151.0,#VALUE!,#VALUE!,18.1,1275.26,0.3685,0.829,0.461,-0.096,0.038,4609,0.000,,NA,,,8.33,-3.38,1.0809,1.108,0.0266,,0.04,266,,,NA,151.0,NA,45,16.3,S,W,U,TRUE
5,B,SUD,top,ufum,5,27.11.25,100,7.67,30,D1,1,7.67,4.504004914,3.165995086,3.34,844.01,3.71,-10.08,0.038,0.96,0.003,0.077,3.1,76.9,#VALUE!,#VALUE!,25.2,842.97,0.3685,0.673,0.304,0.113,0.009,3044,0.136,135.77,112.55,10.2,168.0,3.05,-10.6,1.0809,1.1,0.0187,0.051,0.014,187,0.093,92.86,50.6,76.9,16.4,48,16.3,S,D,U,TRUE
5,C,SCW,top,ufum,5,27.11.25,100,7.93,30,D2,1,7.93,4.531428571,3.398571429,2.34,488.01,2.16,-17.81,0.027,0.56,0.002,0.047,2.2,46.6,#VALUE!,#VALUE!,21.0,486.96,0.3685,0.544,0.175,0.268,0.004,1751,0.278,277.78,268.07,18.7,377.7,2.22,-18.33,1.0809,1.091,0.0102,0.125,0.005,102,0.152,152.37,124.89,46.6,20.2,46,16.3,S,W,C,TRUE
5,D,BUD,top,ufum,5,27.11.25,100,7.41,30,D3,1,7.41,5.108757764,2.301242236,3.88,899.21,2.77,-8.82,0.044,0.72,0.003,0.045,2.8,45.3,#VALUE!,#VALUE!,16.2,898.16,0.3685,0.693,0.324,0.282,0.009,3244,0.305,305.09,282.39,8.0,83.7,2.80,-9.34,1.0809,1.101,0.0201,0.201,0.009,201,0.249,248.72,200.88,45.3,10.4,41,16.3,B,D,U,TRUE
5,E,BCD,top,ufum,5,27.11.25,100,2.45,30,D4,1,2.45,1.762407681,0.687592319,2.20,87.19,2.95,-26.28,0.025,0.76,0.001,0.045,1.5,45.2,#VALUE!,#VALUE!,30.4,86.15,0.3685,0.398,0.029,0.017,0,292,0.018,18.14,17.05,3.9,61.1,1.49,-26.8,1.0809,1.082,9e-4,0.013,0,9,0.015,15.40,12.81,45.2,15.6,44,16.3,B,D,C,TRUE
5,F,BCW,top,ufum,5,27.11.25,100,4.43,30,D5,1,4.43,2.521329787,1.908670213,1.75,643.49,1.53,-16.04,0.02,0.39,0.002,0.033,1.7,33.1,#VALUE!,#VALUE!,19.8,642.44,0.3685,0.6,0.232,0.131,0.004,2316,0.140,140.19,130.54,16.9,180.4,1.67,-16.56,1.0809,1.093,0.0121,0.074,0.004,121,0.093,92.95,73.71,33.1,10.7,43,16.3,B,W,C,TRUE
5,G,SCD,top,ufum,5,27.11.25,100,6.06,30,D6,1,6.06,4.126294682,1.933705318,6.47,1240.71,7.06,-5.34,0.074,1.82,0.005,0.118,4.8,117.8,#VALUE!,#VALUE!,24.8,1239.67,0.3685,0.817,0.448,0.287,0.021,4481,0.341,340.70,287.41,19.4,256.9,4.76,-5.86,1.0809,1.105,0.0239,0.106,0.028,239,0.190,190.15,106.49,117.8,13.2,47,16.3,S,D,C,TRUE
5,H,BUW,top,ufum,5,27.11.25,100,9.03,30,D7,1,9.03,4.8304811,4.1995189,0.57,145.94,0.41,-30.39,0.007,0.11,0.001,0.010,0.6,9.7,#VALUE!,#VALUE!,16.2,144.90,0.3685,0.419,0.051,0.109,0,506,0.110,110.03,109.28,21.6,232.5,0.60,-30.91,1.0809,1.077,-0.0036,0.096,0,-36,0.107,106.89,95.8,9.7,10.7,42,16.3,B,W,U,TRUE
6,A,SCD,top,ufum,6,6.12.25,100,6.04,30,D8,1,6.04,4.561589958,1.478410042,9.36,1010.86,8.85,-10.24,0.106,2.29,0.006,0.126,5.9,125.7,#VALUE!,#VALUE!,21.5,1009.82,0.3685,0.733,0.365,0.140,0.021,3649,0.194,193.65,140.28,13.4,183.6,5.85,-10.76,1.0809,1.099,0.0185,0.031,0.023,185,0.093,93.44,31.38,125.7,13.7,53,17,S,D,C,TRUE
6,B,BUD,top,ufum,6,6.12.25,100,5.61,30,D9,1,5.61,3.28862069,2.32137931,1.83,98.05,1.24,-25.64,0.021,0.32,0.002,0.026,1.7,25.7,#VALUE!,#VALUE!,15.4,97.01,0.3685,0.402,0.033,0.132,0.001,331,0.134,133.60,132.22,25.6,202.6,1.67,-26.16,1.0809,1.082,0.0016,0.076,0,16,0.086,85.96,75.51,25.7,7.9,49,17,B,D,U,TRUE
6,C,SUD,top,ufum,6,6.12.25,100,5.67,30,D10,1,5.67,3.073531034,2.596468966,10.55,142.98,6.72,-25.03,0.12,1.74,0.011,0.156,10.8,155.8,#VALUE!,#VALUE!,14.5,141.94,0.3685,0.418,0.050,0.095,0.005,495,0.109,108.58,95.26,5.1,13.2,10.76,-25.55,1.0809,1.083,0.0022,0.036,0.004,22,0.050,49.63,36.33,155.8,2.6,55,17,S,D,U,TRUE
6,D,SCW,top,ufum,6,6.12.25,100,6.1,30,D11,1,6.1,3.837096774,2.262903226,2.78,1122.56,2.65,-3.98,0.032,0.69,0.002,0.050,2.3,49.8,#VALUE!,#VALUE!,21.7,1121.52,0.3685,0.774,0.405,0.312,0.009,4053,0.335,335.15,311.88,26.4,241.0,2.30,-4.5,1.0809,1.106,0.0254,0.144,0.013,254,0.194,194.13,144.48,49.8,9.1,54,17,S,W,C,TRUE
6,E,BCW,top,ufum,6,6.12.25,100,8.45,30,E1,1,8.45,5.483046472,2.966953528,2.04,553.11,1.37,-15.71,0.023,0.35,0.002,0.025,1.6,24.6,#VALUE!,#VALUE!,15.2,552.06,0.3685,0.567,0.199,0.129,0.003,1988,0.137,137.07,129.06,8.9,98.3,1.61,-16.23,1.0809,1.093,0.0125,0.107,0.003,125,0.128,127.56,106.57,24.6,11.1,50,17,B,W,C,TRUE
6,F,BUW,top,ufum,6,6.12.25,100,3.85,30,E2,1,3.85,2.604411765,1.245588235,0.84,273.73,0.66,-18.84,0.01,0.17,0.001,0.011,0.6,11.2,#VALUE!,#VALUE!,17.8,272.68,0.3685,0.466,0.097,0.090,0.001,972,0.092,91.78,90.26,15.8,149.6,0.63,-19.36,1.0809,1.09,0.009,0.073,0.001,90,0.085,84.90,73.23,11.2,9.5,51,17,B,W,U,TRUE
6,G,SUW,top,ufum,6,6.12.25,100,8.72,30,E3,1,8.72,4.484968153,4.235031847,5.61,1707.24,4.73,8.99,0.064,1.22,0.006,0.118,6.1,117.6,#VALUE!,#VALUE!,19.1,1706.19,0.3685,0.985,0.617,0.101,0.038,6165,0.196,195.91,101.23,14.5,186.3,6.14,8.47,1.0809,1.121,0.0396,-0.006,0.047,396,0.110,109.71,-6.09,117.6,12.9,56,17,S,W,U,TRUE
6,H,BCD,top,ufum,6,6.12.25,100,2.46,30,E4,1,2.46,2.017553957,0.442446043,2.83,63.57,2.06,-27.40,0.032,0.53,0.002,0.025,1.5,25.5,#VALUE!,#VALUE!,16.5,62.53,0.3685,0.389,0.021,0.001,0,206,0.001,1.33,0.54,8.5,100.3,1.54,-27.92,1.0809,1.081,-4e-4,-0.005,0,-4,-0.005,-5.47,-4.65,25.5,11.7,52,17,B,D,C,TRUE
1,A,SCW,mid,ufum,NA,20.10.25,100,20,30,E5,1,20,8.110582445,4.729417555,3.87,5.16,1.94,-25.13,0.044,0.5,0.004,0.051,4.5,50.9,#VALUE!,#VALUE!,11.4,4.12,0.3685,0.368,-0.001,0.000,0,-7,0.000,-0.40,-0.32,37.4,299.5,4.47,-25.65,1.0809,1.083,0.0021,0.003,0.001,21,0.006,6.06,2.97,50.9,8,14,17,S,W,C,FALSE
1,B,BUW,mid,ufum,NA,20.10.25,100,20,30,E6,1,20,6.642362003,6.557637997,2.11,5.62,1.16,-25.05,0.024,0.3,0.003,0.040,3.2,39.8,#VALUE!,#VALUE!,12.4,4.58,0.3685,0.368,-0.001,0.000,0,-6,0.000,0.31,0.36,12.2,102.6,3.20,-25.58,1.0809,1.083,0.0022,0.002,0.001,22,0.004,4.44,1.98,39.8,8.4,9,17,B,W,U,FALSE
1,C,BCW,mid,ufum,NA,20.10.25,100,20,30,E7,1,20,6.060245796,5.449754204,0.78,12.61,0.44,-24.71,0.009,0.11,0.001,0.016,1.2,16.0,#VALUE!,#VALUE!,12.9,11.56,0.3685,0.37,0.002,0.000,0,20,0.001,0.50,0.44,6.9,69.7,1.24,-25.23,1.0809,1.083,0.0026,0.001,0,26,0.002,2.21,1.04,16.0,10.1,10,17,B,W,C,FALSE
1,D,BCD,mid,ufum,NA,20.10.25,100,20,30,E8,1,20,4.72009324,2.40990676,2.36,11.61,1.24,-25.41,0.027,0.32,0.004,0.051,4.2,50.9,#VALUE!,#VALUE!,12.0,10.57,0.3685,0.37,0.002,0.000,0,16,0.000,0.25,0.08,7.4,46.8,4.25,-25.93,1.0809,1.083,0.0018,0.001,0.001,18,0.003,3.40,0.95,50.9,6.4,12,17,B,D,C,FALSE
1,E,SUW,mid,ufum,NA,20.10.25,100,20,30,E9,1,20,5.983252376,3.836747624,0.95,17.91,0.50,-23.54,0.011,0.13,0.001,0.017,1.4,17.3,#VALUE!,#VALUE!,12.1,16.87,0.3685,0.372,0.004,0.000,0,39,0.000,0.43,0.29,18.5,189.5,1.43,-24.06,1.0809,1.085,0.0039,0.002,0.001,39,0.004,3.69,1.79,17.3,10.3,13,17,S,W,U,FALSE
1,F,SCD,mid,ufum,NA,20.10.25,100,20,30,E10,1,20,8.580717489,4.319282511,1.29,3.73,0.81,-25.22,0.015,0.21,0.001,0.020,1.4,19.8,#VALUE!,#VALUE!,14.3,2.69,0.3685,0.367,-0.001,0.000,0,-13,0.000,0.22,0.26,24.2,242.4,1.38,-25.74,1.0809,1.083,0.002,0.003,0,20,0.004,4.07,2.72,19.8,10,16,17,S,D,C,FALSE
1,G,SUD,mid,ufum,NA,20.10.25,100,20,30,E11,1,20,5.727787234,3.652212766,0.75,7.08,0.44,-24.00,0.009,0.11,0.001,0.016,1.2,15.6,#VALUE!,#VALUE!,13.4,6.03,0.3685,0.368,0.000,-0.001,0,0,-0.001,-0.93,-0.93,55.2,496.5,1.17,-24.52,1.0809,1.084,0.0034,0.003,0.001,34,0.005,4.63,2.94,15.6,9,15,17,S,D,U,FALSE
1,H,BUD,mid,ufum,NA,20.10.25,100,20,30,F1,1,20,7.077617555,3.882382445,1.43,6.31,0.90,-24.65,0.016,0.23,0.002,0.026,1.8,26.1,#VALUE!,#VALUE!,14.3,5.26,0.3685,0.368,0.000,0.000,0,-3,0.000,-0.16,-0.14,27.3,295.0,1.83,-25.17,1.0809,1.084,0.0027,0.003,0.001,27,0.005,5.30,3.17,26.1,10.8,11,17,B,D,U,FALSE
2,A,BUD,mid,ufum,NA,29.10.25,100,20,30,F2,1,20,7.934651163,6.345348837,2.36,3510.21,1.25,20.28,0.027,0.32,0.003,0.036,3.0,35.7,#VALUE!,#VALUE!,12.0,3509.16,0.3685,1.631,1.262,0.016,0.037,12620,0.110,110.09,16.48,-3.1,-30.7,2.97,19.76,1.0809,1.133,0.052,0.161,0.019,520,0.227,227.08,160.53,35.7,9.8,20,17,B,D,U,TRUE
2,B,BCD,mid,ufum,NA,29.10.25,100,20,30,F3,1,20,1.8306,0.5994,1.04,1437.85,0.54,-17.31,0.012,0.14,0.004,0.053,4.4,52.8,#VALUE!,#VALUE!,11.9,1436.80,0.3685,0.888,0.519,-0.050,0.023,5193,0.007,7.49,-50.25,-7.9,-89.1,4.45,-17.83,1.0809,1.092,0.0107,-0.001,0.006,107,0.013,12.53,-1.46,52.8,11.3,19,17,B,D,C,TRUE
2,C,BCW,mid,ufum,NA,29.10.25,100,20,30,F4,1,20,7.576778414,3.863221586,1.12,2014.75,0.62,-19.81,0.013,0.16,0.001,0.017,1.3,16.9,#VALUE!,#VALUE!,12.6,2013.71,0.3685,1.096,0.727,0.038,0.01,7272,0.062,62.17,37.78,3.2,27.0,1.34,-20.33,1.0809,1.089,0.008,0.084,0.001,80,0.098,98.09,84.19,16.9,8.6,17,17,B,W,C,TRUE
2,D,SCD,mid,ufum,NA,29.10.25,100,20,30,F5,1,20,5.095063801,2.234936199,3.87,740.24,1.84,-12.79,0.044,0.48,0.006,0.069,6.4,69.2,#VALUE!,#VALUE!,10.8,739.19,0.3685,0.635,0.267,0.011,0.017,2668,0.053,53.47,10.76,-5.8,-51.1,6.40,-13.31,1.0809,1.097,0.0157,0.041,0.011,157,0.073,73.38,41.1,69.2,8.8,22,17,S,D,C,TRUE
2,E,SCW,mid,ufum,NA,29.10.25,100,20,30,F6,1,20,5.086866902,1.823133098,1.51,567.99,0.85,-17.99,0.017,0.22,0.002,0.032,2.5,31.6,#VALUE!,#VALUE!,12.9,566.95,0.3685,0.573,0.204,0.095,0.005,2042,0.107,107.09,94.57,6.5,42.6,2.45,-18.52,1.0809,1.091,0.01,0.117,0.003,100,0.140,139.59,117.07,31.6,6.6,21,17,S,W,C,TRUE
2,F,SUD,mid,ufum,NA,29.10.25,100,20,30,F7,1,20,9.089923713,7.440076287,0.98,163.13,0.60,-19.90,0.011,0.16,0.001,0.016,1.1,15.7,#VALUE!,#VALUE!,14.0,162.08,0.3685,0.425,0.057,0.023,0.001,569,0.024,24.15,22.56,5.8,40.5,1.12,-20.42,1.0809,1.089,0.0079,0.035,0.001,79,0.042,42.16,34.73,15.7,6.9,24,17,S,D,U,TRUE
2,G,BUW,mid,ufum,NA,29.10.25,100,20,30,F8,1,20,7.495004003,4.294995997,0.80,659.82,0.41,-13.80,0.009,0.11,0.001,0.011,1.0,11.5,#VALUE!,#VALUE!,11.7,658.78,0.3685,0.606,0.238,0.042,0.002,2376,0.048,47.98,42.16,1.5,18.7,0.98,-14.32,1.0809,1.095,0.0146,0.087,0.002,146,0.103,102.57,87.46,11.5,12.7,18,17,B,W,U,TRUE
2,H,SUW,mid,ufum,NA,29.10.25,100,20,30,F9,1,20,5.864466313,4.275533687,1.90,209.35,1.17,-19.42,0.022,0.3,0.003,0.042,3.0,41.8,#VALUE!,#VALUE!,14.0,208.30,0.3685,0.442,0.074,0.075,0.002,737,0.081,80.65,75.14,3.7,37.4,2.99,-19.94,1.0809,1.089,0.0084,0.112,0.004,84,0.135,135.01,112.19,41.8,10.1,23,17,S,W,U,TRUE
3,A,BCD,mid,ufum,NA,9.10.25,100,20,30,F10,1,20,9.450348259,7.509651741,1.06,428.62,0.54,-23.49,0.012,0.14,0.001,0.013,1.2,13.5,#VALUE!,#VALUE!,11.5,427.58,0.3685,0.522,0.154,0.029,0.002,1535,0.033,33.35,28.86,18.8,177.7,1.17,-24.01,1.0809,1.085,0.0039,0.041,0.001,39,0.048,47.51,41.05,13.5,9.5,25,17,B,D,C,TRUE
3,B,BCW,mid,ufum,NA,9.10.25,100,20,30,F11,1,20,5.817750385,5.142249615,0.62,632.50,0.33,-19.95,0.007,0.09,0.001,0.012,1.0,12.4,#VALUE!,#VALUE!,12.3,631.46,0.3685,0.596,0.228,0.116,0.002,2277,0.122,121.55,115.81,6.9,74.5,1.01,-20.47,1.0809,1.089,0.0078,0.194,0.001,78,0.221,220.59,193.91,12.4,10.8,27,17,B,W,C,TRUE
3,C,BUD,mid,ufum,NA,9.10.25,100,20,30,G1,1,20,7.315159343,5.414840657,1.08,190.99,0.57,-21.32,0.012,0.15,0.001,0.017,1.4,17.0,#VALUE!,#VALUE!,11.9,189.94,0.3685,0.436,0.067,0.029,0.001,670,0.032,31.59,29.21,8.6,124.1,1.42,-21.84,1.0809,1.087,0.0063,0.043,0.001,63,0.051,51.34,43.25,17.0,14.4,26,17,B,D,U,TRUE
3,D,SUW,mid,ufum,NA,9.10.25,100,20,30,G2,1,20,3.401070111,4.578929889,3.88,108.16,1.92,-23.77,0.044,0.5,0.011,0.120,10.6,119.7,#VALUE!,#VALUE!,11.3,107.12,0.3685,0.405,0.037,0.108,0.004,368,0.117,117.35,107.56,19.5,149.4,10.63,-24.29,1.0809,1.085,0.0036,0.115,0.004,36,0.140,140.38,115.13,119.7,7.6,29,17,S,W,U,TRUE
3,E,SCD,mid,ufum,NA,9.10.25,100,20,30,G3,1,20,3.36939759,1.37060241,1.26,133.44,0.79,-20.96,0.014,0.21,0.003,0.043,3.0,43.4,#VALUE!,#VALUE!,14.3,132.39,0.3685,0.415,0.046,0.135,0.001,460,0.139,138.60,135.1,11.7,114.4,3.04,-21.48,1.0809,1.088,0.0067,0.136,0.003,67,0.160,160.22,135.95,43.4,9.8,32,17,S,D,C,TRUE
3,F,SUD,mid,ufum,NA,9.10.25,100,20,30,G4,1,20,3.077373068,2.612626932,0.96,352.96,0.57,-16.06,0.011,0.15,0.003,0.036,2.7,36.2,#VALUE!,#VALUE!,13.5,351.92,0.3685,0.495,0.126,0.085,0.003,1260,0.093,93.04,84.64,3.7,48.4,2.67,-16.58,1.0809,1.093,0.0121,0.123,0.004,121,0.149,149.12,122.83,36.2,12.9,30,17,S,D,U,TRUE
3,G,BUW,mid,ufum,NA,9.10.25,100,20,30,G5,1,20,6.336778702,5.483221298,1.57,1914.29,0.82,1.50,0.018,0.21,0.002,0.028,2.4,28.3,#VALUE!,#VALUE!,11.8,1913.25,0.3685,1.06,0.691,0.011,0.017,6911,0.052,51.99,10.64,6.7,98.5,2.39,0.98,1.0809,1.112,0.0314,0.052,0.009,314,0.081,80.89,52.15,28.3,14.6,28,17,B,W,U,TRUE
3,H,SCW,mid,ufum,NA,9.10.25,100,20,30,G6,1,20,4.204599303,4.175400697,1.68,344.67,0.94,-14.58,0.019,0.24,0.004,0.046,3.7,46.3,#VALUE!,#VALUE!,12.7,343.63,0.3685,0.491,0.123,0.071,0.004,1230,0.082,82.24,71,5.0,79.0,3.65,-15.1,1.0809,1.095,0.0137,0.103,0.006,137,0.132,132.26,103.43,46.3,15.8,31,17,S,W,C,TRUE
4,A,BCW,mid,ufum,NA,18.11.25,100,20,30,G7,1,20,4.729003322,3.490996678,2.22,2515.13,1.21,-19.75,0.025,0.31,0.004,0.052,4.2,51.7,#VALUE!,#VALUE!,12.3,2514.08,0.3685,1.275,0.907,0.220,0.038,9068,0.314,314.43,219.56,17.1,141.6,4.19,-20.27,1.0809,1.089,0.0081,0.411,0.004,81,0.473,473.09,411.28,51.7,8.3,35,16.3,B,W,C,TRUE
4,B,SCW,mid,ufum,NA,18.11.25,100,20,30,G8,1,20,3.431523179,1.648476821,5.22,1086.47,2.81,-1.84,0.059,0.73,0.012,0.153,12.5,152.8,#VALUE!,#VALUE!,12.2,1085.42,0.3685,0.761,0.392,0.099,0.049,3923,0.222,221.62,99.05,7.5,29.4,12.50,-2.36,1.0809,1.109,0.0277,0.089,0.042,277,0.206,206.03,88.97,152.8,3.9,40,16.3,S,W,C,TRUE
4,C,BCD,mid,ufum,NA,18.11.25,100,20,30,G9,1,20,5.951944251,2.908055749,1.76,718.24,1.09,-21.91,0.02,0.28,0.003,0.036,2.6,36.3,#VALUE!,#VALUE!,14.1,717.20,0.3685,0.627,0.259,0.210,0.007,2588,0.227,226.86,210.21,16.6,167.2,2.57,-22.43,1.0809,1.087,0.0057,0.287,0.002,57,0.328,328.16,287.12,36.3,10.1,36,16.3,B,D,C,TRUE
4,D,SUD,mid,ufum,NA,18.11.25,100,20,30,G10,1,20,2.603076923,1.626923077,0.88,1186.86,0.54,0.55,0.01,0.14,0.003,0.039,2.8,38.8,#VALUE!,#VALUE!,13.9,1185.81,0.3685,0.797,0.429,0.098,0.012,4286,0.127,127.34,97.53,4.4,51.9,2.78,0.03,1.0809,1.111,0.0304,0.177,0.012,304,0.228,228.41,176.85,38.8,11.9,39,16.3,S,D,U,TRUE
4,E,BUW,mid,ufum,NA,18.11.25,100,20,30,G11,1,20,7.83394052,6.52605948,0.67,411.31,0.34,-18.25,0.008,0.09,0.001,0.010,0.9,9.8,#VALUE!,#VALUE!,11.5,410.26,0.3685,0.516,0.147,0.113,0.001,1472,0.116,116.29,113.14,12.6,136.3,0.86,-18.77,1.0809,1.091,0.0097,0.171,0.001,97,0.195,195.12,171.32,9.8,10.8,33,16.3,B,W,U,TRUE
4,F,SUW,mid,ufum,NA,18.11.25,100,20,30,H1,1,20,5.0849642,5.5150358,1.82,173.50,0.94,-19.67,0.021,0.24,0.003,0.041,3.5,40.5,#VALUE!,#VALUE!,11.7,172.45,0.3685,0.429,0.061,0.097,0.002,606,0.103,102.59,97.33,12.1,108.3,3.47,-20.19,1.0809,1.089,0.0081,0.099,0.003,81,0.120,120.18,99.5,40.5,8.9,37,16.3,S,W,U,TRUE
4,G,BUD,mid,ufum,NA,18.11.25,100,20,30,H2,1,20,10.67861146,4.431388543,1.19,894.35,0.64,-11.30,0.014,0.17,0.001,0.013,1.0,12.7,#VALUE!,#VALUE!,12.3,893.30,0.3685,0.691,0.323,0.259,0.003,3227,0.267,267.45,259.13,28.1,309.9,1.03,-11.82,1.0809,1.098,0.0173,0.281,0.002,173,0.322,321.56,280.94,12.7,11,34,16.3,B,D,U,TRUE
4,H,SCD,mid,ufum,NA,18.11.25,100,20,30,H3,1,20,4.200096,2.329904,2.61,403.45,1.51,-16.53,0.03,0.39,0.005,0.069,5.3,69.1,#VALUE!,#VALUE!,13.1,402.40,0.3685,0.513,0.144,0.049,0.008,1444,0.068,68.31,49.28,-2.9,-30.2,5.27,-17.06,1.0809,1.092,0.0116,0.086,0.008,116,0.117,117.02,86.22,69.1,10.5,38,16.3,S,D,C,TRUE
5,A,SUW,mid,ufum,NA,27.11.25,100,20,30,H4,1,20,5.951949861,4.408050139,2.13,416.11,1.33,-14.52,0.024,0.34,0.003,0.047,3.3,47.1,#VALUE!,#VALUE!,14.2,415.06,0.3685,0.517,0.149,0.447,0.005,1490,0.459,459.45,447.08,29.3,343.1,3.32,-15.05,1.0809,1.095,0.0138,0.548,0.006,138,0.632,632.36,547.66,47.1,11.7,45,16.3,S,W,U,TRUE
5,B,SUD,mid,ufum,NA,27.11.25,100,20,30,H5,1,20,3.441130221,2.418869779,1.80,127.63,1.14,-21.10,0.02,0.29,0.004,0.064,4.5,63.7,#VALUE!,#VALUE!,14.3,126.58,0.3685,0.412,0.044,0.138,0.002,439,0.143,142.96,138.07,9.6,84.4,4.45,-21.62,1.0809,1.087,0.0066,0.170,0.004,66,0.201,201.41,169.74,63.7,8.8,48,16.3,S,D,U,TRUE
5,C,SCW,mid,ufum,NA,27.11.25,100,20,30,H6,1,20,5.097142857,3.822857143,1.52,316.58,0.97,-15.27,0.017,0.25,0.003,0.039,2.7,39.0,#VALUE!,#VALUE!,14.5,315.53,0.3685,0.481,0.113,0.182,0.003,1128,0.189,189.36,181.76,13.0,144.5,2.69,-15.79,1.0809,1.094,0.013,0.216,0.005,130,0.255,255.34,215.72,39.0,11.1,46,16.3,S,W,C,TRUE
5,D,BUD,mid,ufum,NA,27.11.25,100,20,30,H7,1,20,3.605776398,1.624223602,0.58,918.99,0.35,-10.12,0.007,0.09,0.001,0.018,1.3,18.1,#VALUE!,#VALUE!,13.7,917.95,0.3685,0.7,0.332,0.113,0.004,3316,0.124,124.33,113.42,7.8,88.5,1.32,-10.64,1.0809,1.1,0.0186,0.194,0.003,186,0.227,226.60,193.95,18.1,11.4,41,16.3,B,D,U,TRUE
5,E,BCD,mid,ufum,NA,27.11.25,100,20,30,H8,1,20,2.078921713,0.811078287,0.91,51.08,0.52,-23.03,0.01,0.13,0.003,0.045,3.5,44.5,#VALUE!,#VALUE!,12.9,50.03,0.3685,0.385,0.016,0.006,0.001,160,0.008,7.78,6.4,6.8,54.7,3.45,-23.55,1.0809,1.085,0.0044,0.006,0.002,44,0.011,11.45,5.78,44.5,8.1,44,16.3,B,D,C,TRUE
5,F,BCW,mid,ufum,NA,27.11.25,100,20,30,H9,1,20,2.669308511,2.020691489,0.75,204.73,0.48,-19.81,0.008,0.12,0.002,0.034,2.3,34.0,#VALUE!,#VALUE!,14.6,203.68,0.3685,0.441,0.072,0.050,0.002,720,0.055,54.53,50.33,6.5,63.8,2.33,-20.33,1.0809,1.089,0.008,0.074,0.003,80,0.090,90.39,74.32,34.0,9.9,43,16.3,B,W,C,TRUE
5,G,SCD,mid,ufum,NA,27.11.25,100,20,30,H10,1,20,3.867550131,1.812449869,3.66,294.78,2.06,-16.57,0.042,0.53,0.008,0.100,7.8,100.3,#VALUE!,#VALUE!,12.8,293.73,0.3685,0.473,0.105,0.734,0.008,1048,0.754,754.08,733.55,15.8,159.3,7.83,-17.09,1.0809,1.092,0.0115,0.925,0.012,115,1.069,1069.37,924.83,100.3,10.1,47,16.3,S,D,C,TRUE
5,H,BUW,mid,ufum,NA,27.11.25,100,20,30,H11,1,20,5.884306987,5.115693013,1.89,782.76,0.95,-19.02,0.022,0.25,0.003,0.035,3.1,35.0,#VALUE!,#VALUE!,11.4,781.71,0.3685,0.651,0.282,0.138,0.009,2822,0.160,159.99,138.36,12.7,129.4,3.07,-19.54,1.0809,1.09,0.0089,0.210,0.003,89,0.244,243.91,209.93,35.0,10.2,42,16.3,B,W,U,TRUE
6,A,SCD,mid,ufum,NA,6.12.25,100,20,30,A1,2,20,5.316820084,1.723179916,0.71,251.08,0.47,-18.86,0.008,0.12,0.001,0.016,1.1,16.4,#VALUE!,#VALUE!,14.9,250.04,0.3685,0.457,0.089,0.297,0.001,889,0.300,299.95,297.5,16.8,188.4,1.10,-19.39,1.0809,1.09,0.009,0.404,0.001,90,0.458,458.03,403.85,16.4,11.2,53,17,S,D,C,TRUE
6,B,BUD,mid,ufum,NA,6.12.25,100,20,30,A2,2,20,3.528965517,2.491034483,1.44,285.10,0.85,-18.32,0.016,0.22,0.003,0.046,3.5,46.5,#VALUE!,#VALUE!,13.3,284.05,0.3685,0.47,0.101,0.187,0.004,1013,0.196,196.16,187.34,16.2,199.4,3.48,-18.85,1.0809,1.091,0.0096,0.224,0.004,96,0.263,262.99,223.83,46.5,12.3,49,17,B,D,U,TRUE
6,C,SUD,mid,ufum,NA,6.12.25,100,20,30,A3,2,20,2.488096552,2.101903448,2.46,174.70,1.56,-21.50,0.028,0.4,0.008,0.119,8.3,119.3,#VALUE!,#VALUE!,14.4,173.66,0.3685,0.43,0.061,0.172,0.005,611,0.185,185.03,172.37,12.8,109.3,8.29,-22.02,1.0809,1.087,0.0061,0.134,0.007,61,0.169,168.82,133.82,119.3,8.6,55,17,S,D,U,TRUE
6,D,SCW,mid,ufum,NA,6.12.25,100,20,30,A4,2,20,3.862258065,2.277741935,1.43,567.48,0.77,-10.58,0.016,0.2,0.003,0.038,3.1,38.2,#VALUE!,#VALUE!,12.2,566.43,0.3685,0.573,0.204,0.336,0.006,2040,0.352,351.64,335.68,29.0,282.3,3.13,-11.1,1.0809,1.099,0.0181,0.345,0.007,181,0.406,405.64,345.2,38.2,9.7,54,17,S,W,C,TRUE
6,E,BCW,mid,ufum,NA,6.12.25,100,20,30,A5,2,20,2.926454389,1.583545611,0.63,1113.04,0.40,-10.60,0.007,0.1,0.002,0.025,1.8,25.3,#VALUE!,#VALUE!,14.3,1111.99,0.3685,0.77,0.402,0.230,0.007,4019,0.248,247.71,229.95,13.1,142.0,1.77,-11.12,1.0809,1.099,0.0181,0.355,0.005,181,0.411,410.71,354.88,25.3,10.8,50,17,B,W,C,TRUE
6,F,BUW,mid,ufum,NA,6.12.25,100,20,30,A6,2,20,2.286470588,1.093529412,0.61,921.21,0.33,-5.63,0.007,0.08,0.002,0.026,2.1,26.0,#VALUE!,#VALUE!,12.2,920.17,0.3685,0.701,0.332,0.156,0.007,3324,0.173,173.18,155.52,8.1,89.6,2.13,-6.15,1.0809,1.104,0.0236,0.252,0.006,236,0.299,299.15,252.29,26.0,11.1,51,17,B,W,U,TRUE
6,G,SUW,mid,ufum,NA,6.12.25,100,20,30,A7,2,20,5.112452229,4.827547771,1.37,789.80,0.75,-5.59,0.016,0.19,0.003,0.031,2.5,31.4,#VALUE!,#VALUE!,12.5,788.76,0.3685,0.653,0.285,0.237,0.007,2848,0.255,254.84,236.91,21.7,228.3,2.52,-6.11,1.0809,1.104,0.0236,0.268,0.007,236,0.320,320.49,268.41,31.4,10.5,56,17,S,W,U,TRUE
6,H,BCD,mid,ufum,NA,6.12.25,100,20,30,A8,2,20,1.861726619,0.408273381,0.91,429.52,0.50,-13.68,0.01,0.13,0.004,0.047,3.8,46.9,#VALUE!,#VALUE!,12.3,428.48,0.3685,0.522,0.154,0.116,0.006,1539,0.131,130.52,115.9,15.1,135.8,3.80,-14.2,1.0809,1.096,0.0147,0.169,0.007,147,0.208,207.68,169.27,46.9,9,52,17,B,D,C,TRUE
1,A,SCW,top,fum,NA,21.10.25,50,12.84,15,A1,3,12.84,12.93687708,7.063122924,19.57,19.50,12.41,-27.01,0.223,3.21,0.023,0.329,22.8,328.9,#VALUE!,#VALUE!,14.4,18.46,0.3679,0.373,0.005,,NA,51,,,NA,,,,-27.53,1.0825,1.081,-0.0015,,NA,,,,NA,,NA,14,17,S,W,C,FALSE
1,B,BUW,top,fum,NA,21.10.25,50,13.2,15,A2,3,13.2,12.82717283,7.172827173,19.55,35.24,6.76,-26.31,0.222,1.75,0.024,0.185,23.6,185.1,#VALUE!,#VALUE!,7.9,34.19,0.3679,0.379,0.011,,NA,109,,,NA,,,,-26.83,1.0825,1.082,-8e-4,,NA,,,,NA,,NA,9,17,B,W,U,FALSE
1,C,BCW,top,fum,NA,21.10.25,50,11.51,15,A3,3,11.51,13.39767055,6.602329451,18.75,1.60,6.36,-26.84,0.213,1.64,0.019,0.148,19.2,148.2,#VALUE!,#VALUE!,7.7,0.56,0.3679,0.366,-0.001,,NA,-14,,,NA,,,,-27.36,1.0825,1.081,-0.0013,,NA,,,,NA,,NA,10,17,B,W,C,FALSE
1,D,BCD,top,fum,NA,21.10.25,50,7.13,15,A4,3,7.13,13.14019314,6.85980686,19.54,100.33,6.87,-28.48,0.222,1.77,0.016,0.126,15.8,126.0,#VALUE!,#VALUE!,8.0,99.29,0.3679,0.402,0.035,,NA,346,,,NA,,,,-29,1.0825,1.079,-0.0031,,NA,,,,NA,,NA,12,17,B,D,C,FALSE
1,E,SUW,top,fum,NA,21.10.25,50,9.82,15,A5,3,9.82,12.28931652,7.710683477,19.56,39.83,10.71,-27.86,0.223,2.77,0.021,0.263,21.2,263.2,#VALUE!,#VALUE!,12.4,38.78,0.3679,0.38,0.013,,NA,125,,,NA,,,,-28.38,1.0825,1.08,-0.0025,,NA,,,,NA,,NA,13,17,S,W,U,FALSE
1,F,SCD,top,fum,NA,21.10.25,50,12.9,15,A6,3,12.9,12.59357403,7.406425969,,,16.14,-27.38,0,8.56,,0.921,,920.7,#VALUE!,#VALUE!,,-5.15,0.3679,NA,,,NA,,,,NA,,,,-26.69,1.0825,1.082,-6e-4,,NA,,,,NA,,NA,16,17,S,D,C,FALSE
1,G,SUD,top,fum,NA,21.10.25,50,9.38,15,A7,3,9.38,12.69640479,7.303595206,17.73,0.06,12.15,-28.50,0.408,6.45,0.036,0.565,35.7,565.0,#VALUE!,#VALUE!,15.8,-5.09,0.3679,0.364,-0.003,,NA,-35,,,NA,,,,-27.82,1.0825,1.081,-0.0018,,NA,,,,NA,,NA,15,17,S,D,U,FALSE
1,H,BUD,top,fum,NA,21.10.25,50,10.96,15,A8,3,10.96,13.35764004,6.64235996,10.87,1.73,3.39,-27.07,0.25,1.8,0.022,0.158,22.0,158.2,#VALUE!,#VALUE!,7.2,-3.42,0.3679,0.365,-0.003,,NA,-29,,,NA,,,,-26.38,1.0825,1.082,-3e-4,,NA,,,,NA,,NA,11,17,B,D,U,FALSE
2,A,BUD,top,fum,NA,30.10.25,100,14.28,15,A9,3,14.28,14.45366988,5.546330123,10.56,2152.44,4.15,42.92,0.243,2.2,0.022,0.202,22.2,201.6,#VALUE!,#VALUE!,9.1,2147.29,0.3679,1.144,0.776,,NA,7758,,,NA,,,,43.6,1.0825,1.159,0.0766,,NA,,,,NA,,NA,20,17,B,D,U,TRUE
2,B,BCD,top,fum,NA,30.10.25,100,2.43,15,A10,3,2.43,13.42192691,6.57807309,8.34,993.75,3.40,8.10,0.192,1.8,0.009,0.081,8.6,80.7,#VALUE!,#VALUE!,9.4,988.61,0.3679,0.726,0.358,,NA,3578,,,NA,,,,8.79,1.0825,1.121,0.0384,,NA,,,,NA,,NA,19,17,B,D,C,TRUE
2,C,BCW,top,fum,NA,30.10.25,100,11.44,15,A11,3,11.44,12.57540603,7.424593968,11.18,1859.10,3.52,27.41,0.257,1.87,0.026,0.187,25.7,187.0,#VALUE!,#VALUE!,7.3,1853.95,0.3679,1.038,0.670,,NA,6703,,,NA,,,,28.09,1.0825,1.142,0.0596,,NA,,,,NA,,NA,17,17,B,W,C,TRUE
2,D,SCD,top,fum,NA,30.10.25,100,7.33,15,B1,3,7.33,13.83848455,6.161515454,6.48,1944.83,5.05,-6.60,0.149,2.68,0.010,0.174,9.7,174.2,#VALUE!,#VALUE!,18.0,1939.68,0.3679,1.069,0.701,,NA,7012,,,NA,,,,-5.92,1.0825,1.105,0.0222,,NA,,,,NA,,NA,22,17,S,D,C,TRUE
2,E,SCW,top,fum,NA,30.10.25,100,6.91,15,B2,3,6.91,13.21594684,6.784053156,11.28,1524.56,6.31,-8.44,0.26,3.35,0.018,0.231,17.9,231.3,#VALUE!,#VALUE!,12.9,1519.41,0.3679,0.918,0.550,,NA,5498,,,NA,,,,-7.76,1.0825,1.103,0.0202,,NA,,,,NA,,NA,21,17,S,W,C,TRUE
2,F,SUD,top,fum,NA,30.10.25,100,16.53,15,B3,3,16.53,13.74792152,6.252078484,14.05,2122.95,6.87,52.58,0.323,3.65,0.036,0.403,35.7,402.8,#VALUE!,#VALUE!,11.3,2117.80,0.3679,1.133,0.765,,NA,7652,,,NA,,,,53.27,1.0825,1.17,0.0872,,NA,,,,NA,,NA,24,17,S,D,U,TRUE
2,G,BUW,top,fum,NA,30.10.25,100,11.79,15,B4,3,11.79,13.89571571,6.104284291,11.88,1457.31,3.22,18.78,0.273,1.71,0.023,0.147,23.5,146.8,#VALUE!,#VALUE!,6.3,1452.16,0.3679,0.893,0.525,,NA,5255,,,NA,,,,19.46,1.0825,1.133,0.0501,,NA,,,,NA,,NA,18,17,B,W,U,TRUE
2,H,SUW,top,fum,NA,30.10.25,100,10.14,15,B5,3,10.14,13.16312997,6.836870027,19.74,1274.79,7.48,30.74,0.454,3.97,0.039,0.341,39.1,341.2,#VALUE!,#VALUE!,8.7,1269.64,0.3679,0.827,0.460,,NA,4595,,,NA,,,,31.43,1.0825,1.146,0.0633,,NA,,,,NA,,NA,23,17,S,W,U,TRUE
3,A,BCD,top,fum,NA,10.10.25,100,16.96,15,B6,3,16.96,12.56,7.44,9.39,2303.03,3.83,34.83,0.216,2.03,0.028,0.263,28.0,263.5,#VALUE!,#VALUE!,9.4,2297.88,0.3679,1.198,0.830,,NA,8299,,,NA,,,,35.51,1.0825,1.15,0.0677,,NA,,,,NA,,NA,25,17,B,D,C,TRUE
3,B,BCW,top,fum,NA,10.10.25,100,10.96,15,B7,3,10.96,13.41067285,6.589327146,12.71,1743.56,3.91,50.87,0.292,2.08,0.026,0.181,25.5,181.2,#VALUE!,#VALUE!,7.1,1738.41,0.3679,0.997,0.629,,NA,6287,,,NA,,,,51.56,1.0825,1.168,0.0854,,NA,,,,NA,,NA,27,17,B,W,C,TRUE
3,C,BUD,top,fum,NA,10.10.25,100,12.73,15,B8,3,12.73,13.77792598,6.222074025,15.47,1432.86,6.05,10.87,0.356,3.21,0.033,0.294,32.7,294.3,#VALUE!,#VALUE!,9.0,1427.71,0.3679,0.885,0.517,,NA,5167,,,NA,,,,11.55,1.0825,1.124,0.0414,,NA,,,,NA,,NA,26,17,B,D,U,TRUE
3,D,SUW,top,fum,NA,10.10.25,100,7.98,15,B9,3,7.98,11.35423616,8.645763843,19.69,1071.41,8.03,125.71,0.453,4.26,0.044,0.416,44.2,416.3,#VALUE!,#VALUE!,9.4,1066.26,0.3679,0.754,0.386,,NA,3860,,,NA,,,,126.4,1.0825,1.25,0.1674,,NA,,,,NA,,NA,29,17,S,W,U,TRUE
3,E,SCD,top,fum,NA,10.10.25,100,4.74,15,B10,3,4.74,13.61064892,6.389351082,9.52,3278.09,5.24,72.85,0.219,2.78,0.012,0.152,11.9,151.6,#VALUE!,#VALUE!,12.7,3272.94,0.3679,1.546,1.179,,NA,11786,,,NA,,,,73.54,1.0825,1.192,0.1095,,NA,,,,NA,,NA,32,17,S,D,C,TRUE
3,F,SUD,top,fum,NA,10.10.25,100,5.69,15,B11,3,5.69,13.24,6.76,5.35,2410.53,4.20,1.17,0.123,2.23,0.008,0.140,7.7,139.8,#VALUE!,#VALUE!,18.1,2405.38,0.3679,1.236,0.868,,NA,8685,,,NA,,,,1.86,1.0825,1.113,0.0308,,NA,,,,NA,,NA,30,17,S,D,U,TRUE
3,G,BUW,top,fum,NA,10.10.25,100,11.82,15,C1,3,11.82,13.01534356,6.984656438,15.08,1091.98,4.46,7.50,0.347,2.37,0.033,0.228,33.4,227.8,#VALUE!,#VALUE!,6.8,1086.83,0.3679,0.761,0.393,,NA,3934,,,NA,,,,8.18,1.0825,1.12,0.0377,,NA,,,,NA,,NA,28,17,B,W,U,TRUE
3,H,SCW,top,fum,NA,10.10.25,100,8.38,15,C2,3,8.38,13.61942781,6.380572189,9.00,1414.58,4.62,-2.59,0.207,2.45,0.015,0.177,15.0,177.2,#VALUE!,#VALUE!,11.8,1409.43,0.3679,0.878,0.510,,NA,5101,,,NA,,,,-1.9,1.0825,1.109,0.0266,,NA,,,,NA,,NA,31,17,S,W,C,TRUE
4,A,BCW,top,fum,NA,19.11.25,100,8.22,15,C3,3,8.22,11.9241012,8.075898802,4.66,1303.35,2.07,11.02,0.107,1.1,0.010,0.100,9.8,100.3,#VALUE!,#VALUE!,10.3,1298.20,0.3679,0.838,0.470,,NA,4699,,,NA,,,,11.71,1.0825,1.124,0.0416,,NA,,,,NA,,NA,35,16.3,B,W,C,TRUE
4,B,SCW,top,fum,NA,19.11.25,100,5.08,15,C4,3,5.08,12.18718885,7.812811152,13.07,79.75,7.97,-27.17,0.301,4.23,0.021,0.298,21.2,298.4,#VALUE!,#VALUE!,14.1,74.60,0.3679,0.393,0.026,,NA,256,,,NA,,,,-26.48,1.0825,1.082,-4e-4,,NA,,,,NA,,NA,40,16.3,S,W,C,TRUE
4,C,BCD,top,fum,NA,19.11.25,100,8.86,15,C5,3,8.86,12.27742581,7.722574191,2.21,3103.13,1.07,53.75,0.051,0.57,0.005,0.051,4.6,51.2,#VALUE!,#VALUE!,11.2,3097.99,0.3679,1.484,1.116,,NA,11162,,,NA,,,,54.44,1.0825,1.171,0.0885,,NA,,,,NA,,NA,36,16.3,B,D,C,TRUE
4,D,SUD,top,fum,NA,19.11.25,100,4.23,15,C6,3,4.23,13.79379379,6.206206206,12.11,1782.84,5.21,4.60,0.279,2.77,0.014,0.139,14.1,139.5,#VALUE!,#VALUE!,9.9,1777.69,0.3679,1.011,0.643,,NA,6429,,,NA,,,,5.29,1.0825,1.117,0.0345,,NA,,,,NA,,NA,39,16.3,S,D,U,TRUE
4,E,BUW,top,fum,NA,19.11.25,100,14.36,15,C7,3,14.36,12.06793207,7.932067932,5.79,1528.14,2.73,6.08,0.133,1.45,0.016,0.179,16.4,178.5,#VALUE!,#VALUE!,10.9,1522.99,0.3679,0.919,0.551,,NA,5511,,,NA,,,,6.76,1.0825,1.119,0.0362,,NA,,,,NA,,NA,33,16.3,B,W,U,TRUE
4,F,SUW,top,fum,NA,19.11.25,100,10.6,15,C8,3,10.6,13.39541071,6.604589292,11.56,1851.48,4.85,5.00,0.266,2.57,0.023,0.220,22.8,220.4,#VALUE!,#VALUE!,9.7,1846.33,0.3679,1.035,0.668,,NA,6676,,,NA,,,,5.69,1.0825,1.117,0.035,,NA,,,,NA,,NA,37,16.3,S,W,U,TRUE
4,G,BUD,top,fum,NA,19.11.25,100,15.11,15,C9,3,15.11,13.11692613,6.883073866,4.61,2410.23,2.08,31.75,0.106,1.1,0.012,0.123,11.9,123.2,#VALUE!,#VALUE!,10.4,2405.08,0.3679,1.236,0.868,,NA,8684,,,NA,,,,32.43,1.0825,1.147,0.0644,,NA,,,,NA,,NA,34,16.3,B,D,U,TRUE
4,H,SCD,top,fum,NA,19.11.25,100,6.53,15,C10,3,6.53,11.93623381,8.063766191,5.75,836.59,3.75,-16.07,0.132,1.99,0.011,0.162,10.8,162.0,#VALUE!,#VALUE!,15.0,831.44,0.3679,0.669,0.301,,NA,3009,,,NA,,,,-15.38,1.0825,1.094,0.0118,,NA,,,,NA,,NA,38,16.3,S,D,C,TRUE
5,A,SUW,top,fum,NA,28.11.25,100,10.36,15,C11,3,10.36,11.5950716,8.404928405,,,,,NA,NA,,,,,,,,,0.3679,NA,,,NA,,,,NA,,,,NA,1.0825,NA,NA,,NA,,,,NA,,NA,45,16.3,S,W,U,TRUE
5,B,SUD,top,fum,NA,28.11.25,100,5.86,15,D1,3,5.86,12.60985353,7.390146471,4.43,2110.99,4.10,-4.68,0.102,2.18,0.007,0.153,7.1,152.5,#VALUE!,#VALUE!,21.4,2105.84,0.3679,1.129,0.761,,NA,7610,,,NA,,,,-3.99,1.0825,1.107,0.0244,,NA,,,,NA,,NA,48,16.3,S,D,U,TRUE
5,C,SCW,top,fum,NA,28.11.25,100,8.92,15,D2,3,8.92,12.60695187,7.393048128,4.88,3189.59,4.73,-1.22,0.112,2.51,0.010,0.217,9.7,216.5,#VALUE!,#VALUE!,22.4,3184.44,0.3679,1.515,1.147,,NA,11470,,,NA,,,,-0.54,1.0825,1.111,0.0281,,NA,,,,NA,,NA,46,16.3,S,W,C,TRUE
5,D,BUD,top,fum,NA,28.11.25,100,5.23,15,D3,3,5.23,13.35785953,6.642140468,4.41,5686.74,2.64,82.35,0.101,1.4,0.006,0.083,6.0,83.0,#VALUE!,#VALUE!,13.8,5681.59,0.3679,2.397,2.029,,NA,20294,,,NA,,,,83.03,1.0825,1.202,0.1199,,NA,,,,NA,,NA,41,16.3,B,D,U,TRUE
5,E,BCD,top,fum,NA,28.11.25,100,2.89,15,D4,3,2.89,13.05685619,6.943143813,2.64,662.50,2.73,-19.12,0.061,1.45,0.003,0.073,3.1,72.7,#VALUE!,#VALUE!,23.8,657.35,0.3679,0.606,0.238,,NA,2377,,,NA,,,,-18.44,1.0825,1.091,0.0085,,NA,,,,NA,,NA,44,16.3,B,D,C,TRUE
5,F,BCW,top,fum,NA,28.11.25,100,4.69,15,D5,3,4.69,12.52330226,7.476697736,5.64,1848.84,3.32,2.79,0.13,1.76,0.008,0.114,8.4,114.2,#VALUE!,#VALUE!,13.6,1843.69,0.3679,1.035,0.667,,NA,6667,,,NA,,,,3.47,1.0825,1.115,0.0325,,NA,,,,NA,,NA,43,16.3,B,W,C,TRUE
5,G,SCD,top,fum,NA,28.11.25,100,5.68,15,D6,3,5.68,10.85733201,9.142667991,5.98,3022.19,4.83,2.82,0.138,2.56,0.013,0.233,12.5,233.4,#VALUE!,#VALUE!,18.6,3017.05,0.3679,1.455,1.087,,NA,10873,,,NA,,,,3.5,1.0825,1.115,0.0326,,NA,,,,NA,,NA,47,16.3,S,D,C,TRUE
5,H,BUW,top,fum,NA,28.11.25,100,11,15,D7,3,11,11.35893155,8.641068447,3.49,1319.27,1.87,7.21,0.08,0.99,0.009,0.114,9.3,114.3,#VALUE!,#VALUE!,12.4,1314.12,0.3679,0.843,0.476,,NA,4756,,,NA,,,,7.89,1.0825,1.12,0.0374,,NA,,,,NA,,NA,42,16.3,B,W,U,TRUE
6,A,SCD,top,fum,NA,7.12.25,100,7.04,15,D8,3,7.04,13.76874375,6.231256248,7.59,1913.45,6.11,-10.50,0.175,3.24,0.011,0.208,11.2,208.3,#VALUE!,#VALUE!,18.5,1908.30,0.3679,1.058,0.690,,NA,6899,,,NA,,,,-9.82,1.0825,1.1,0.0179,,NA,,,,NA,,NA,53,17,S,D,C,TRUE
6,B,BUD,top,fum,NA,7.12.25,100,6.02,15,D9,3,6.02,12.57333333,7.426666667,7.27,1243.26,3.09,-0.06,0.167,1.64,0.012,0.117,11.9,116.9,#VALUE!,#VALUE!,9.8,1238.11,0.3679,0.816,0.448,,NA,4481,,,NA,,,,0.62,1.0825,1.112,0.0294,,NA,,,,NA,,NA,49,17,B,D,U,TRUE
6,C,SUD,top,fum,NA,7.12.25,100,4.59,15,D10,3,4.59,13.50865513,6.491344874,10.18,941.86,5.57,-15.66,0.234,2.96,0.013,0.162,12.8,161.7,#VALUE!,#VALUE!,12.6,936.71,0.3679,0.707,0.339,,NA,3390,,,NA,,,,-14.98,1.0825,1.095,0.0123,,NA,,,,NA,,NA,55,17,S,D,U,TRUE
6,D,SCW,top,fum,NA,7.12.25,100,6.14,15,D11,3,6.14,12.86569149,7.134308511,8.13,2896.48,4.33,17.83,0.187,2.3,0.013,0.158,12.9,158.2,#VALUE!,#VALUE!,12.3,2891.33,0.3679,1.41,1.042,,NA,10424,,,NA,,,,18.52,1.0825,1.132,0.0491,,NA,,,,NA,,NA,54,17,S,W,C,TRUE
6,E,BCW,top,fum,NA,7.12.25,100,4.51,15,E1,3,4.51,12.77556441,7.224435591,3.67,2949.04,2.12,40.68,0.084,1.12,0.005,0.069,5.2,68.8,#VALUE!,#VALUE!,13.3,2943.89,0.3679,1.429,1.061,,NA,10612,,,NA,,,,41.37,1.0825,1.157,0.0742,,NA,,,,NA,,NA,50,17,B,W,C,TRUE
6,F,BUW,top,fum,NA,7.12.25,100,3.38,15,E2,3,3.38,13.10756972,6.892430279,5.77,1468.26,2.83,12.55,0.133,1.5,0.007,0.078,6.9,78.5,#VALUE!,#VALUE!,11.3,1463.12,0.3679,0.897,0.529,,NA,5294,,,NA,,,,13.24,1.0825,1.126,0.0433,,NA,,,,NA,,NA,51,17,B,W,U,TRUE
6,G,SUW,top,fum,NA,7.12.25,100,9.94,15,E3,3,9.94,13.23784144,6.762158561,6.16,1822.12,4.51,-7.01,0.142,2.4,0.012,0.201,11.9,201.5,#VALUE!,#VALUE!,16.9,1816.97,0.3679,1.025,0.657,,NA,6570,,,NA,,,,-6.32,1.0825,1.104,0.0218,,NA,,,,NA,,NA,56,17,S,W,U,TRUE
6,H,BCD,top,fum,NA,7.12.25,100,2.27,15,E4,3,2.27,12.00664452,7.993355482,3.78,39.01,2.34,-29.64,0.087,1.24,0.005,0.071,5.0,70.6,#VALUE!,#VALUE!,14.2,33.86,0.3679,0.379,0.011,,NA,107,,,NA,,,,-28.96,1.0825,1.079,-0.0031,,NA,,,,NA,,NA,52,17,B,D,C,TRUE
1,A,SCW,mid,fum,NA,21.10.25,50,10,15,E5,3,10,6.468438538,3.531561462,6.06,7.33,2.51,-25.64,0.139,1.33,0.019,0.186,19.4,185.7,#VALUE!,#VALUE!,9.6,2.18,0.3679,0.367,-0.001,,NA,-8,,,NA,,,,-24.95,1.0825,1.084,0.0013,,NA,,,,NA,,NA,14,17,S,W,C,FALSE
1,B,BUW,mid,fum,NA,21.10.25,50,10,15,E6,3,10,6.413586414,3.586413586,2.49,13.82,1.15,-24.95,0.057,0.61,0.008,0.086,8.1,86.0,#VALUE!,#VALUE!,10.6,8.67,0.3679,0.369,0.002,,NA,15,,,NA,,,,-24.26,1.0825,1.085,0.0021,,NA,,,,NA,,NA,9,17,B,W,U,FALSE
1,C,BCW,mid,fum,NA,21.10.25,50,10,15,E7,3,10,6.698835275,3.301164725,1.32,23.28,0.67,-25.14,0.03,0.36,0.004,0.047,4.0,47.4,#VALUE!,#VALUE!,11.8,18.13,0.3679,0.373,0.005,,NA,50,,,NA,,,,-24.45,1.0825,1.084,0.0019,,NA,,,,NA,,NA,10,17,B,W,C,FALSE
1,D,BCD,mid,fum,NA,21.10.25,50,10,15,E8,3,10,6.57009657,3.42990343,2.29,13.39,1.00,-25.11,0.053,0.53,0.007,0.072,7.2,72.0,#VALUE!,#VALUE!,10.0,8.24,0.3679,0.369,0.001,,NA,14,,,NA,,,,-24.42,1.0825,1.084,0.0019,,NA,,,,NA,,NA,12,17,B,D,C,FALSE
1,E,SUW,mid,fum,NA,21.10.25,50,10,15,E9,3,10,6.144658261,3.855341739,2.55,14.86,1.29,-25.52,0.059,0.68,0.009,0.103,8.8,102.6,#VALUE!,#VALUE!,11.6,9.71,0.3679,0.37,0.002,,NA,19,,,NA,,,,-24.83,1.0825,1.084,0.0014,,NA,,,,NA,,NA,13,17,S,W,U,FALSE
1,F,SCD,mid,fum,NA,21.10.25,50,10,15,E10,3,10,6.296787016,3.703212984,3.32,11.76,1.67,-25.68,0.076,0.89,0.011,0.129,11.1,128.9,#VALUE!,#VALUE!,11.6,6.61,0.3679,0.369,0.001,,NA,8,,,NA,,,,-24.99,1.0825,1.084,0.0013,,NA,,,,NA,,NA,16,17,S,D,C,FALSE
1,G,SUD,mid,fum,NA,21.10.25,50,10,15,E11,3,10,6.348202397,3.651797603,7.05,5.19,3.14,-26.12,0.162,1.67,0.023,0.239,23.3,239.1,#VALUE!,#VALUE!,10.3,0.04,0.3679,0.366,-0.002,,NA,-16,,,NA,,,,-25.44,1.0825,1.083,8e-4,,NA,,,,NA,,NA,15,17,S,D,U,FALSE
1,H,BUD,mid,fum,NA,21.10.25,50,10,15,F1,3,10,6.67882002,3.32117998,4.17,8.23,2.25,-25.61,0.096,1.19,0.013,0.159,12.8,158.9,#VALUE!,#VALUE!,12.4,3.08,0.3679,0.367,0.000,,NA,-5,,,NA,,,,-24.93,1.0825,1.084,0.0013,,NA,,,,NA,,NA,11,17,B,D,U,FALSE
2,A,BUD,mid,fum,NA,30.10.25,100,10,15,F2,3,10,7.226834939,2.773165061,0.63,7257.41,0.35,351.93,0.015,0.19,0.002,0.022,1.7,21.9,#VALUE!,#VALUE!,12.8,7252.26,0.3679,2.944,2.576,,NA,25763,,,NA,,,,352.61,1.0825,1.497,0.4147,,NA,,,,NA,,NA,20,17,B,D,U,TRUE
2,B,BCD,mid,fum,NA,30.10.25,100,10,15,F3,3,10,6.710963455,3.289036545,0.43,646.55,0.18,8.98,0.01,0.1,0.001,0.013,1.3,12.7,#VALUE!,#VALUE!,9.9,641.40,0.3679,0.6,0.232,,NA,2319,,,NA,,,,9.67,1.0825,1.122,0.0394,,NA,,,,NA,,NA,19,17,B,D,C,TRUE
2,C,BCW,mid,fum,NA,30.10.25,100,10,15,F4,3,10,6.287703016,3.712296984,0.78,2654.09,0.38,96.20,0.018,0.2,0.003,0.029,2.6,29.0,#VALUE!,#VALUE!,11.2,2648.95,0.3679,1.324,0.956,,NA,9557,,,NA,,,,96.89,1.0825,1.218,0.1351,,NA,,,,NA,,NA,17,17,B,W,C,TRUE
2,D,SCD,mid,fum,NA,30.10.25,100,10,15,F5,3,10,6.919242273,3.080757727,1.41,1452.36,0.69,30.99,0.032,0.37,0.004,0.046,4.1,46.2,#VALUE!,#VALUE!,11.3,1447.21,0.3679,0.892,0.524,,NA,5237,,,NA,,,,31.68,1.0825,1.146,0.0635,,NA,,,,NA,,NA,22,17,S,D,C,TRUE
2,E,SCW,mid,fum,NA,30.10.25,100,10,15,F6,3,10,6.607973422,3.392026578,1.63,2351.46,0.71,73.30,0.037,0.38,0.005,0.051,5.1,50.8,#VALUE!,#VALUE!,10.0,2346.31,0.3679,1.215,0.847,,NA,8473,,,NA,,,,73.99,1.0825,1.192,0.11,,NA,,,,NA,,NA,21,17,S,W,C,TRUE
2,F,SUD,mid,fum,NA,30.10.25,100,10,15,F7,3,10,6.873960758,3.126039242,1.18,776.62,0.50,18.46,0.027,0.27,0.003,0.034,3.5,33.9,#VALUE!,#VALUE!,9.8,771.47,0.3679,0.647,0.279,,NA,2791,,,NA,,,,19.14,1.0825,1.132,0.0498,,NA,,,,NA,,NA,24,17,S,D,U,TRUE
2,G,BUW,mid,fum,NA,30.10.25,100,10,15,F8,3,10,6.947857855,3.052142145,0.54,3400.82,0.30,161.43,0.013,0.16,0.002,0.020,1.6,19.9,#VALUE!,#VALUE!,12.6,3395.67,0.3679,1.59,1.222,,NA,12223,,,NA,,,,162.12,1.0825,1.289,0.2066,,NA,,,,NA,,NA,18,17,B,W,U,TRUE
2,H,SUW,mid,fum,NA,30.10.25,100,10,15,F9,3,10,6.581564987,3.418435013,1.43,2004.65,0.81,56.95,0.033,0.43,0.004,0.059,4.5,58.7,#VALUE!,#VALUE!,13.1,1999.50,0.3679,1.091,0.723,,NA,7227,,,NA,,,,57.64,1.0825,1.175,0.092,,NA,,,,NA,,NA,23,17,S,W,U,TRUE
3,A,BCD,mid,fum,NA,10.10.25,50,10,15,F10,3,10,6.28,3.72,2.59,430.78,1.21,-8.33,0.06,0.64,0.009,0.093,8.7,93.5,#VALUE!,#VALUE!,10.7,425.63,0.3679,0.521,0.153,,NA,1535,,,NA,,,,-7.64,1.0825,1.103,0.0203,,NA,,,,NA,,NA,25,17,B,D,C,TRUE
3,B,BCW,mid,fum,NA,10.10.25,50,10,15,F11,3,10,6.705336427,3.294663573,1.24,3599.11,0.66,148.11,0.028,0.35,0.004,0.046,3.8,46.0,#VALUE!,#VALUE!,12.2,3593.96,0.3679,1.661,1.293,,NA,12928,,,NA,,,,148.8,1.0825,1.274,0.192,,NA,,,,NA,,NA,27,17,B,W,C,TRUE
3,C,BUD,mid,fum,NA,10.10.25,50,10,15,G1,3,10,6.888962988,3.111037012,1.67,721.44,1.08,-1.18,0.038,0.57,0.005,0.073,4.9,72.8,#VALUE!,#VALUE!,14.9,716.29,0.3679,0.627,0.259,,NA,2591,,,NA,,,,-0.49,1.0825,1.111,0.0282,,NA,,,,NA,,NA,26,17,B,D,U,TRUE
3,D,SUW,mid,fum,NA,10.10.25,50,10,15,G2,3,10,5.677118079,4.322881921,4.77,708.61,2.09,0.50,0.11,1.11,0.018,0.187,18.4,187.0,#VALUE!,#VALUE!,10.1,703.46,0.3679,0.622,0.254,,NA,2544,,,NA,,,,1.18,1.0825,1.113,0.03,,NA,,,,NA,,NA,29,17,S,W,U,TRUE
3,E,SCD,mid,fum,NA,10.10.25,50,10,15,G3,3,10,6.805324459,3.194675541,2.60,1988.16,1.38,34.67,0.06,0.73,0.008,0.095,7.7,94.9,#VALUE!,#VALUE!,12.3,1983.01,0.3679,1.085,0.717,,NA,7168,,,NA,,,,35.35,1.0825,1.15,0.0676,,NA,,,,NA,,NA,32,17,S,D,C,TRUE
3,F,SUD,mid,fum,NA,10.10.25,50,10,15,G4,3,10,6.62,3.38,1.34,2481.00,0.81,66.94,0.031,0.43,0.004,0.058,4.2,57.9,#VALUE!,#VALUE!,13.9,2475.85,0.3679,1.262,0.894,,NA,8937,,,NA,,,,67.62,1.0825,1.185,0.103,,NA,,,,NA,,NA,30,17,S,D,U,TRUE
3,G,BUW,mid,fum,NA,10.10.25,50,10,15,G5,3,10,6.507671781,3.492328219,1.60,1135.53,0.99,13.71,0.037,0.53,0.005,0.073,5.1,72.6,#VALUE!,#VALUE!,14.3,1130.38,0.3679,0.777,0.409,,NA,4092,,,NA,,,,14.4,1.0825,1.127,0.0446,,NA,,,,NA,,NA,28,17,B,W,U,TRUE
3,H,SCW,mid,fum,NA,10.10.25,50,10,15,G6,3,10,6.809713906,3.190286094,1.90,1612.99,1.19,31.96,0.044,0.63,0.006,0.082,5.7,81.9,#VALUE!,#VALUE!,14.5,1607.84,0.3679,0.95,0.582,,NA,5817,,,NA,,,,32.65,1.0825,1.147,0.0646,,NA,,,,NA,,NA,31,17,S,W,C,TRUE
4,A,BCW,mid,fum,NA,19.11.25,50,10,15,G7,3,10,5.962050599,4.037949401,3.05,3174.67,1.38,122.60,0.07,0.73,0.011,0.115,11.0,115.4,#VALUE!,#VALUE!,10.5,3169.52,0.3679,1.51,1.142,,NA,11417,,,NA,,,,123.28,1.0825,1.247,0.164,,NA,,,,NA,,NA,35,16.3,B,W,C,TRUE
4,B,SCW,mid,fum,NA,19.11.25,50,10,15,G8,3,10,6.093594424,3.906405576,4.43,1585.40,2.06,18.33,0.102,1.09,0.016,0.166,15.5,166.1,#VALUE!,#VALUE!,10.7,1580.25,0.3679,0.94,0.572,,NA,5717,,,NA,,,,19.02,1.0825,1.132,0.0496,,NA,,,,NA,,NA,40,16.3,S,W,C,TRUE
4,C,BCD,mid,fum,NA,19.11.25,50,10,15,G9,3,10,6.138712904,3.861287096,2.66,2731.89,1.40,80.35,0.061,0.74,0.009,0.112,9.2,111.5,#VALUE!,#VALUE!,12.1,2726.74,0.3679,1.351,0.984,,NA,9836,,,NA,,,,81.04,1.0825,1.2,0.1177,,NA,,,,NA,,NA,36,16.3,B,D,C,TRUE
4,D,SUD,mid,fum,NA,19.11.25,50,10,15,G10,3,10,6.896896897,3.103103103,1.55,3126.92,0.92,107.05,0.036,0.49,0.005,0.062,4.5,62.2,#VALUE!,#VALUE!,13.7,3121.77,0.3679,1.493,1.125,,NA,11247,,,NA,,,,107.74,1.0825,1.229,0.147,,NA,,,,NA,,NA,39,16.3,S,D,U,TRUE
4,E,BUW,mid,fum,NA,19.11.25,50,10,15,G11,3,10,6.033966034,3.966033966,1.66,2190.52,0.87,73.00,0.038,0.46,0.006,0.071,5.9,71.2,#VALUE!,#VALUE!,12.1,2185.37,0.3679,1.157,0.790,,NA,7895,,,NA,,,,73.68,1.0825,1.192,0.1096,,NA,,,,NA,,NA,33,16.3,B,W,U,TRUE
4,F,SUW,mid,fum,NA,19.11.25,50,10,15,H1,3,10,6.697705354,3.302294646,2.73,1368.76,1.27,22.18,0.063,0.67,0.008,0.089,8.3,89.3,#VALUE!,#VALUE!,10.7,1363.61,0.3679,0.861,0.494,,NA,4935,,,NA,,,,22.87,1.0825,1.136,0.053900000000000003,,NA,,,,NA,,NA,37,16.3,S,W,U,TRUE
4,G,BUD,mid,fum,NA,19.11.25,50,10,15,H2,3,10,6.558463067,3.441536933,3.91,2416.99,2.10,50.12,0.09,1.11,0.012,0.152,12.3,152.1,#VALUE!,#VALUE!,12.4,2411.84,0.3679,1.239,0.871,,NA,8708,,,NA,,,,50.81,1.0825,1.167,0.0845,,NA,,,,NA,,NA,34,16.3,B,D,U,TRUE
4,H,SCD,mid,fum,NA,19.11.25,50,10,15,H3,3,10,5.968116905,4.031883095,1.14,1841.14,0.67,49.90,0.026,0.35,0.004,0.056,4.1,55.5,#VALUE!,#VALUE!,13.5,1835.99,0.3679,1.032,0.664,,NA,6639,,,NA,,,,50.59,1.0825,1.167,0.0843,,NA,,,,NA,,NA,38,16.3,S,D,C,TRUE
5,A,SUW,mid,fum,NA,28.11.25,50,10,15,H4,3,10,5.797535798,4.202464202,4.01,3396.21,2.32,87.48,0.092,1.23,0.015,0.202,15.1,201.5,#VALUE!,#VALUE!,13.4,3391.07,0.3679,1.589,1.221,,NA,12206,,,NA,,,,88.16,1.0825,1.208,0.1255,,NA,,,,NA,,NA,45,16.3,S,W,U,TRUE
5,B,SUD,mid,fum,NA,28.11.25,50,10,15,H5,3,10,6.304926764,3.695073236,2.49,1914.86,1.32,45.25,0.057,0.7,0.008,0.102,8.3,101.7,#VALUE!,#VALUE!,12.3,1909.71,0.3679,1.058,0.690,,NA,6904,,,NA,,,,45.94,1.0825,1.162,0.0792,,NA,,,,NA,,NA,48,16.3,S,D,U,TRUE
5,C,SCW,mid,fum,NA,28.11.25,50,10,15,H6,3,10,6.303475936,3.696524064,2.37,2662.94,1.35,62.56,0.055,0.72,0.008,0.104,7.9,104.0,#VALUE!,#VALUE!,13.2,2657.80,0.3679,1.327,0.959,,NA,9589,,,NA,,,,63.25,1.0825,1.181,0.0982,,NA,,,,NA,,NA,46,16.3,S,W,C,TRUE
5,D,BUD,mid,fum,NA,28.11.25,50,10,15,H7,3,10,6.678929766,3.321070234,1.44,3127.58,0.82,115.84,0.033,0.44,0.004,0.058,4.4,57.9,#VALUE!,#VALUE!,13.1,3122.43,0.3679,1.493,1.125,,NA,11249,,,NA,,,,116.52,1.0825,1.239,0.1566,,NA,,,,NA,,NA,41,16.3,B,D,U,TRUE
5,E,BCD,mid,fum,NA,28.11.25,50,10,15,H8,3,10,6.528428094,3.471571906,1.94,148.27,0.95,-20.80,0.045,0.5,0.006,0.069,6.2,69.2,#VALUE!,#VALUE!,11.2,143.12,0.3679,0.418,0.051,,NA,506,,,NA,,,,-20.12,1.0825,1.089,0.0066,,NA,,,,NA,,NA,44,16.3,B,D,C,TRUE
5,F,BCW,mid,fum,NA,28.11.25,50,10,15,H9,3,10,6.261651132,3.738348868,1.46,1229.87,0.81,25.64,0.034,0.43,0.005,0.063,4.9,62.7,#VALUE!,#VALUE!,12.7,1224.72,0.3679,0.811,0.443,,NA,4433,,,NA,,,,26.33,1.0825,1.14,0.0577,,NA,,,,NA,,NA,43,16.3,B,W,C,TRUE
5,G,SCD,mid,fum,NA,28.11.25,50,10,15,H10,3,10,5.428666005,4.571333995,3.44,5980.49,1.81,199.97,0.079,0.96,0.014,0.172,14.1,172.0,#VALUE!,#VALUE!,12.2,5975.34,0.3679,2.5,2.132,,NA,21322,,,NA,,,,200.66,1.0825,1.331,0.2487,,NA,,,,NA,,NA,47,16.3,S,D,C,TRUE
5,H,BUW,mid,fum,NA,28.11.25,50,10,15,H11,3,10,5.679465776,4.320534224,2.11,2177.55,1.04,68.47,0.049,0.55,0.008,0.093,8.2,93.2,#VALUE!,#VALUE!,11.4,2172.40,0.3679,1.153,0.785,,NA,7849,,,NA,,,,69.16,1.0825,1.187,0.1047,,NA,,,,NA,,NA,42,16.3,B,W,U,TRUE
6,A,SCD,mid,fum,NA,7.12.25,50,10,15,A1,4,10,6.884371876,3.115628124,2.68,4278.33,1.50,138.17,0.062,0.8,0.008,0.101,7.8,101.2,#VALUE!,#VALUE!,12.9,4273.18,0.3679,1.902,1.534,,NA,15337,,,NA,,,,138.86,1.0825,1.264,0.1811,,NA,,,,NA,,NA,53,17,S,D,C,TRUE
6,B,BUD,mid,fum,NA,7.12.25,50,10,15,A2,4,10,6.286666667,3.713333333,2.98,2182.72,1.76,43.47,0.069,0.94,0.010,0.136,10.0,136.2,#VALUE!,#VALUE!,13.7,2177.57,0.3679,1.155,0.787,,NA,7867,,,NA,,,,44.16,1.0825,1.16,0.0772,,NA,,,,NA,,NA,49,17,B,D,U,TRUE
6,C,SUD,mid,fum,NA,7.12.25,50,10,15,A3,4,10,6.754327563,3.245672437,4.45,1531.68,2.43,9.64,0.102,1.29,0.013,0.168,13.4,168.5,#VALUE!,#VALUE!,12.6,1526.53,0.3679,0.92,0.552,,NA,5523,,,NA,,,,10.32,1.0825,1.123,0.0401,,NA,,,,NA,,NA,55,17,S,D,U,TRUE
6,D,SCW,mid,fum,NA,7.12.25,50,10,15,A4,4,10,6.432845745,3.567154255,4.55,2653.99,2.21,62.59,0.105,1.17,0.015,0.165,14.7,165.2,#VALUE!,#VALUE!,11.2,2648.84,0.3679,1.324,0.956,,NA,9557,,,NA,,,,63.27,1.0825,1.181,0.0982,,NA,,,,NA,,NA,54,17,S,W,C,TRUE
6,E,BCW,mid,fum,NA,7.12.25,50,10,15,A5,4,10,6.387782205,3.612217795,2.14,3940.93,1.18,140.96,0.049,0.63,0.007,0.089,7.0,89.2,#VALUE!,#VALUE!,12.7,3935.78,0.3679,1.782,1.414,,NA,14142,,,NA,,,,141.64,1.0825,1.267,0.1841,,NA,,,,NA,,NA,50,17,B,W,C,TRUE
6,F,BUW,mid,fum,NA,7.12.25,50,10,15,A6,4,10,6.553784861,3.446215139,1.70,3606.25,0.91,137.54,0.039,0.48,0.005,0.066,5.3,66.3,#VALUE!,#VALUE!,12.4,3601.10,0.3679,1.663,1.295,,NA,12954,,,NA,,,,138.23,1.0825,1.263,0.1804,,NA,,,,NA,,NA,51,17,B,W,U,TRUE
6,G,SUW,mid,fum,NA,7.12.25,50,10,15,A7,4,10,6.61892072,3.38107928,3.61,2529.91,1.88,60.18,0.083,1,0.011,0.134,11.2,134.1,#VALUE!,#VALUE!,12.0,2524.76,0.3679,1.279,0.911,,NA,9113,,,NA,,,,60.87,1.0825,1.178,0.0956,,NA,,,,NA,,NA,56,17,S,W,U,TRUE
6,H,BCD,mid,fum,NA,7.12.25,50,10,15,A8,4,10,6.003322259,3.996677741,2.76,1468.71,1.31,43.20,0.063,0.69,0.010,0.108,9.9,108.0,#VALUE!,#VALUE!,11.0,1463.56,0.3679,0.897,0.530,,NA,5296,,,NA,,,,43.89,1.0825,1.159,0.0769,,NA,,,,NA,,NA,52,17,B,D,C,TRUE
NA,,,,,NA,,NA,NA,NA,,NA,NA,NA,NA,,,,,NA,NA,,,,,,,,,NA,NA,,,NA,,,,NA,,,,NA,NA,NA,NA,,NA,,,,NA,,NA,NA,NA,NA,NA,NA,NA
NA,,,,,NA,,NA,NA,NA,,NA,NA,NA,NA,,,,,NA,NA,,,,,,,,,NA,NA,,,NA,,,,NA,,,,NA,NA,NA,NA,,NA,,,,NA,,NA,NA,NA,NA,NA,NA,NA
NA,,,,,NA,,NA,NA,NA,,NA,NA,NA,NA,,,,,NA,NA,,,,,,,,,NA,NA,,,NA,,,,NA,,,,NA,NA,NA,NA,,NA,,,,NA,,NA,NA,NA,NA,NA,NA,NA
NA,,,,,NA,,NA,NA,NA,,NA,NA,NA,NA,,,,,NA,NA,,,,,,,,,NA,NA,,,NA,,,,NA,,,,NA,NA,NA,NA,,NA,,,,NA,,NA,NA,NA,NA,NA,NA,NA
NA,,,,,NA,,NA,NA,NA,,NA,NA,NA,NA,,,,,NA,NA,,,,,,,,,NA,NA,,,NA,,,,NA,,,,NA,NA,NA,NA,,NA,,,,NA,,NA,NA,NA,NA,NA,NA,NA
NA,,,,,NA,,NA,NA,NA,,NA,NA,NA,NA,,,,,NA,NA,,,,,,,,,NA,NA,,,NA,,,,NA,,,,NA,NA,NA,NA,,NA,,,,NA,,NA,NA,NA,NA,NA,NA,NA
NA,,,,,NA,,NA,NA,NA,,NA,NA,NA,NA,,,,,NA,NA,,,,,,,,,NA,NA,,,NA,,,,NA,,,,NA,NA,NA,NA,,NA,,,,NA,,NA,NA,NA,NA,NA,NA,NA
NA,,,,,NA,,NA,NA,NA,,NA,NA,NA,NA,,,,,NA,NA,,,,,,,,,NA,NA,,,NA,,,,NA,,,,NA,NA,NA,NA,,NA,,,,NA,,NA,NA,NA,NA,NA,NA,NA
NA,,,,,NA,,NA,NA,NA,,NA,NA,NA,NA,,,,,NA,NA,,,,,,,,,NA,NA,,,NA,,,,NA,,,,NA,NA,NA,NA,,NA,,,,NA,,NA,NA,NA,NA,NA,NA,NA
NA,,,,,NA,,NA,NA,NA,,NA,NA,NA,NA,,,,,NA,NA,,,,,,,,,NA,NA,,,NA,,,,NA,,,,NA,NA,NA,NA,,NA,,,,NA,,NA,NA,NA,NA,NA,NA,NA
NA,,,,,NA,,NA,NA,NA,,NA,NA,NA,NA,,,,,NA,NA,,,,,,,,,NA,NA,,,NA,,,,NA,,,,NA,NA,NA,NA,,NA,,,,NA,,NA,NA,NA,NA,NA,NA,NA
NA,,,,,NA,,NA,NA,NA,,NA,NA,NA,NA,,,,,NA,NA,,,,,,,,,NA,NA,,,NA,,,,NA,,,,NA,NA,NA,NA,,NA,,,,NA,,NA,NA,NA,NA,NA,NA,NA
NA,,,,,NA,,NA,NA,NA,,NA,NA,NA,NA,,,,,NA,NA,,,,,,,,,NA,NA,,,NA,,,,NA,,,,NA,NA,NA,NA,,NA,,,,NA,,NA,NA,NA,NA,NA,NA,NA
NA,,,,,NA,,NA,NA,NA,,NA,NA,NA,NA,,,,,NA,NA,,,,,,,,,NA,NA,,,NA,,,,NA,,,,NA,NA,NA,NA,,NA,,,,NA,,NA,NA,NA,NA,NA,NA,NA
NA,,,,,NA,,NA,NA,NA,,NA,NA,NA,NA,,,,,NA,NA,,,,,,,,,NA,NA,,,NA,,,,NA,,,,NA,NA,NA,NA,,NA,,,,NA,,NA,NA,NA,NA,NA,NA,NA
NA,,,,,NA,,NA,NA,NA,,NA,NA,NA,NA,,,,,NA,NA,,,,,,,,,NA,NA,,,NA,,,,NA,,,,NA,NA,NA,NA,,NA,,,,NA,,NA,NA,NA,NA,NA,NA,NA
NA,,,,,NA,,NA,NA,NA,,NA,NA,NA,NA,,,,,NA,NA,,,,,,,,,NA,NA,,,NA,,,,NA,,,,NA,NA,NA,NA,,NA,,,,NA,,NA,NA,NA,NA,NA,NA,NA
NA,,,,,NA,,NA,NA,NA,,NA,NA,NA,NA,,,,,NA,NA,,,,,,,,,NA,NA,,,NA,,,,NA,,,,NA,NA,NA,NA,,NA,,,,NA,,NA,NA,NA,NA,NA,NA,NA
NA,,,,,NA,,NA,NA,NA,,NA,NA,NA,NA,,,,,NA,NA,,,,,,,,,NA,NA,,,NA,,,,NA,,,,NA,NA,NA,NA,,NA,,,,NA,,NA,NA,NA,NA,NA,NA,NA
NA,,,,,NA,,NA,NA,NA,,NA,NA,NA,NA,,,,,NA,NA,,,,,,,,,NA,NA,,,NA,,,,NA,,,,NA,NA,NA,NA,,NA,,,,NA,,NA,NA,NA,NA,NA,NA,NA
NA,,,,,NA,,NA,NA,NA,,NA,NA,NA,NA,,,,,NA,NA,,,,,,,,,NA,NA,,,NA,,,,NA,,,,NA,NA,NA,NA,,NA,,,,NA,,NA,NA,NA,NA,NA,NA,NA
NA,,,,,NA,,NA,NA,NA,,NA,NA,NA,NA,,,,,NA,NA,,,,,,,,,NA,NA,,,NA,,,,NA,,,,NA,NA,NA,NA,,NA,,,,NA,,NA,NA,NA,NA,NA,NA,NA
NA,,,,,NA,,NA,NA,NA,,NA,NA,NA,NA,,,,,NA,NA,,,,,,,,,NA,NA,,,NA,,,,NA,,,,NA,NA,NA,NA,,NA,,,,NA,,NA,NA,NA,NA,NA,NA,NA
NA,,,,,NA,,NA,NA,NA,,NA,NA,NA,NA,,,,,NA,NA,,,,,,,,,NA,NA,,,NA,,,,NA,,,,NA,NA,NA,NA,,NA,,,,NA,,NA,NA,NA,NA,NA,NA,NA
NA,,,,,NA,,NA,NA,NA,,NA,NA,NA,NA,,,,,NA,NA,,,,,,,,,NA,NA,,,NA,,,,NA,,,,NA,NA,NA,NA,,NA,,,,NA,,NA,NA,NA,NA,NA,NA,NA
NA,,,,,NA,,NA,NA,NA,,NA,NA,NA,NA,,,,,NA,NA,,,,,,,,,NA,NA,,,NA,,,,NA,,,,NA,NA,NA,NA,,NA,,,,NA,,NA,NA,NA,NA,NA,NA,NA
NA,,,,,NA,,NA,NA,NA,,NA,NA,NA,NA,,,,,NA,NA,,,,,,,,,NA,NA,,,NA,,,,NA,,,,NA,NA,NA,NA,,NA,,,,NA,,NA,NA,NA,NA,NA,NA,NA
NA,,,,,NA,,NA,NA,NA,,NA,NA,NA,NA,,,,,NA,NA,,,,,,,,,NA,NA,,,NA,,,,NA,,,,NA,NA,NA,NA,,NA,,,,NA,,NA,NA,NA,NA,NA,NA,NA
NA,,,,,NA,,NA,NA,NA,,NA,NA,NA,NA,,,,,NA,NA,,,,,,,,,NA,NA,,,NA,,,,NA,,,,NA,NA,NA,NA,,NA,,,,NA,,NA,NA,NA,NA,NA,NA,NA
NA,,,,,NA,,NA,NA,NA,,NA,NA,NA,NA,,,,,NA,NA,,,,,,,,,NA,NA,,,NA,,,,NA,,,,NA,NA,NA,NA,,NA,,,,NA,,NA,NA,NA,NA,NA,NA,NA
NA,,,,,NA,,NA,NA,NA,,NA,NA,NA,NA,,,,,NA,NA,,,,,,,,,NA,NA,,,NA,,,,NA,,,,NA,NA,NA,NA,,NA,,,,NA,,NA,NA,NA,NA,NA,NA,NA
NA,,,,,NA,,NA,NA,NA,,NA,NA,NA,NA,,,,,NA,NA,,,,,,,,,NA,NA,,,NA,,,,NA,,,,NA,NA,NA,NA,,NA,,,,NA,,NA,NA,NA,NA,NA,NA,NA
NA,,,,,NA,,NA,NA,NA,,NA,NA,NA,NA,,,,,NA,NA,,,,,,,,,NA,NA,,,NA,,,,NA,,,,NA,NA,NA,NA,,NA,,,,NA,,NA,NA,NA,NA,NA,NA,NA
NA,,,,,NA,,NA,NA,NA,,NA,NA,NA,NA,,,,,NA,NA,,,,,,,,,NA,NA,,,NA,,,,NA,,,,NA,NA,NA,NA,,NA,,,,NA,,NA,NA,NA,NA,NA,NA,NA
NA,,,,,NA,,NA,NA,NA,,NA,NA,NA,NA,,,,,NA,NA,,,,,,,,,NA,NA,,,NA,,,,NA,,,,NA,NA,NA,NA,,NA,,,,NA,,NA,NA,NA,NA,NA,NA,NA
NA,,,,,NA,,NA,NA,NA,,NA,NA,NA,NA,,,,,NA,NA,,,,,,,,,NA,NA,,,NA,,,,NA,,,,NA,NA,NA,NA,,NA,,,,NA,,NA,NA,NA,NA,NA,NA,NA
NA,,,,,NA,,NA,NA,NA,,NA,NA,NA,NA,,,,,NA,NA,,,,,,,,,NA,NA,,,NA,,,,NA,,,,NA,NA,NA,NA,,NA,,,,NA,,NA,NA,NA,NA,NA,NA,NA
NA,,,,,NA,,NA,NA,NA,,NA,NA,NA,NA,,,,,NA,NA,,,,,,,,,NA,NA,,,NA,,,,NA,,,,NA,NA,NA,NA,,NA,,,,NA,,NA,NA,NA,NA,NA,NA,NA
NA,,,,,NA,,NA,NA,NA,,NA,NA,NA,NA,,,,,NA,NA,,,,,,,,,NA,NA,,,NA,,,,NA,,,,NA,NA,NA,NA,,NA,,,,NA,,NA,NA,NA,NA,NA,NA,NA
NA,,,,,NA,,NA,NA,NA,,NA,NA,NA,NA,,,,,NA,NA,,,,,,,,,NA,NA,,,NA,,,,NA,,,,NA,NA,NA,NA,,NA,,,,NA,,NA,NA,NA,NA,NA,NA,NA
NA,,,,,NA,,NA,NA,NA,,NA,NA,NA,NA,,,,,NA,NA,,,,,,,,,NA,NA,,,NA,,,,NA,,,,NA,NA,NA,NA,,NA,,,,NA,,NA,NA,NA,NA,NA,NA,NA
NA,,,,,NA,,NA,NA,NA,,NA,NA,NA,NA,,,,,NA,NA,,,,,,,,,NA,NA,,,NA,,,,NA,,,,NA,NA,NA,NA,,NA,,,,NA,,NA,NA,NA,NA,NA,NA,NA
NA,,,,,NA,,NA,NA,NA,,NA,NA,NA,NA,,,,,NA,NA,,,,,,,,,NA,NA,,,NA,,,,NA,,,,NA,NA,NA,NA,,NA,,,,NA,,NA,NA,NA,NA,NA,NA,NA
NA,,,,,NA,,NA,NA,NA,,NA,NA,NA,NA,,,,,NA,NA,,,,,,,,,NA,NA,,,NA,,,,NA,,,,NA,NA,NA,NA,,NA,,,,NA,,NA,NA,NA,NA,NA,NA,NA
NA,,,,,NA,,NA,NA,NA,,NA,NA,NA,NA,,,,,NA,NA,,,,,,,,,NA,NA,,,NA,,,,NA,,,,NA,NA,NA,NA,,NA,,,,NA,,NA,NA,NA,NA,NA,NA,NA
NA,,,,,NA,,NA,NA,NA,,NA,NA,NA,NA,,,,,NA,NA,,,,,,,,,NA,NA,,,NA,,,,NA,,,,NA,NA,NA,NA,,NA,,,,NA,,NA,NA,NA,NA,NA,NA,NA
NA,,,,,NA,,NA,NA,NA,,NA,NA,NA,NA,,,,,NA,NA,,,,,,,,,NA,NA,,,NA,,,,NA,,,,NA,NA,NA,NA,,NA,,,,NA,,NA,NA,NA,NA,NA,NA,NA
NA,,,,,NA,,NA,NA,NA,,NA,NA,NA,NA,,,,,NA,NA,,,,,,,,,NA,NA,,,NA,,,,NA,,,,NA,NA,NA,NA,,NA,,,,NA,,NA,NA,NA,NA,NA,NA,NA
NA,,,,,NA,,NA,NA,NA,,NA,NA,NA,NA,,,,,NA,NA,,,,,,,,,NA,NA,,,NA,,,,NA,,,,NA,NA,NA,NA,,NA,,,,NA,,NA,NA,NA,NA,NA,NA,NA
NA,,,,,NA,,NA,NA,NA,,NA,NA,NA,NA,,,,,NA,NA,,,,,,,,,NA,NA,,,NA,,,,NA,,,,NA,NA,NA,NA,,NA,,,,NA,,NA,NA,NA,NA,NA,NA,NA
NA,,,,,NA,,NA,NA,NA,,NA,NA,NA,NA,,,,,NA,NA,,,,,,,,,NA,NA,,,NA,,,,NA,,,,NA,NA,NA,NA,,NA,,,,NA,,NA,NA,NA,NA,NA,NA,NA
NA,,,,,NA,,NA,NA,NA,,NA,NA,NA,NA,,,,,NA,NA,,,,,,,,,NA,NA,,,NA,,,,NA,,,,NA,NA,NA,NA,,NA,,,,NA,,NA,NA,NA,NA,NA,NA,NA
NA,,,,,NA,,NA,NA,NA,,NA,NA,NA,NA,,,,,NA,NA,,,,,,,,,NA,NA,,,NA,,,,NA,,,,NA,NA,NA,NA,,NA,,,,NA,,NA,NA,NA,NA,NA,NA,NA
NA,,,,,NA,,NA,NA,NA,,NA,NA,NA,NA,,,,,NA,NA,,,,,,,,,NA,NA,,,NA,,,,NA,,,,NA,NA,NA,NA,,NA,,,,NA,,NA,NA,NA,NA,NA,NA,NA
NA,,,,,NA,,NA,NA,NA,,NA,NA,NA,NA,,,,,NA,NA,,,,,,,,,NA,NA,,,NA,,,,NA,,,,NA,NA,NA,NA,,NA,,,,NA,,NA,NA,NA,NA,NA,NA,NA
NA,,,,,NA,,NA,NA,NA,,NA,NA,NA,NA,,,,,NA,NA,,,,,,,,,NA,NA,,,NA,,,,NA,,,,NA,NA,NA,NA,,NA,,,,NA,,NA,NA,NA,NA,NA,NA,NA
NA,,,,,NA,,NA,NA,NA,,NA,NA,NA,NA,,,,,NA,NA,,,,,,,,,NA,NA,,,NA,,,,NA,,,,NA,NA,NA,NA,,NA,,,,NA,,NA,NA,NA,NA,NA,NA,NA
NA,,,,,NA,,NA,NA,NA,,NA,NA,NA,NA,,,,,NA,NA,,,,,,,,,NA,NA,,,NA,,,,NA,,,,NA,NA,NA,NA,,NA,,,,NA,,NA,NA,NA,NA,NA,NA,NA
NA,,,,,NA,,NA,NA,NA,,NA,NA,NA,NA,,,,,NA,NA,,,,,,,,,NA,NA,,,NA,,,,NA,,,,NA,NA,NA,NA,,NA,,,,NA,,NA,NA,NA,NA,NA,NA,NA
NA,,,,,NA,,NA,NA,NA,,NA,NA,NA,NA,,,,,NA,NA,,,,,,,,,NA,NA,,,NA,,,,NA,,,,NA,NA,NA,NA,,NA,,,,NA,,NA,NA,NA,NA,NA,NA,NA
NA,,,,,NA,,NA,NA,NA,,NA,NA,NA,NA,,,,,NA,NA,,,,,,,,,NA,NA,,,NA,,,,NA,,,,NA,NA,NA,NA,,NA,,,,NA,,NA,NA,NA,NA,NA,NA,NA
NA,,,,,NA,,NA,NA,NA,,NA,NA,NA,NA,,,,,NA,NA,,,,,,,,,NA,NA,,,NA,,,,NA,,,,NA,NA,NA,NA,,NA,,,,NA,,NA,NA,NA,NA,NA,NA,NA
NA,,,,,NA,,NA,NA,NA,,NA,NA,NA,NA,,,,,NA,NA,,,,,,,,,NA,NA,,,NA,,,,NA,,,,NA,NA,NA,NA,,NA,,,,NA,,NA,NA,NA,NA,NA,NA,NA
NA,,,,,NA,,NA,NA,NA,,NA,NA,NA,NA,,,,,NA,NA,,,,,,,,,NA,NA,,,NA,,,,NA,,,,NA,NA,NA,NA,,NA,,,,NA,,NA,NA,NA,NA,NA,NA,NA
NA,,,,,NA,,NA,NA,NA,,NA,NA,NA,NA,,,,,NA,NA,,,,,,,,,NA,NA,,,NA,,,,NA,,,,NA,NA,NA,NA,,NA,,,,NA,,NA,NA,NA,NA,NA,NA,NA
NA,,,,,NA,,NA,NA,NA,,NA,NA,NA,NA,,,,,NA,NA,,,,,,,,,NA,NA,,,NA,,,,NA,,,,NA,NA,NA,NA,,NA,,,,NA,,NA,NA,NA,NA,NA,NA,NA
NA,,,,,NA,,NA,NA,NA,,NA,NA,NA,NA,,,,,NA,NA,,,,,,,,,NA,NA,,,NA,,,,NA,,,,NA,NA,NA,NA,,NA,,,,NA,,NA,NA,NA,NA,NA,NA,NA
NA,,,,,NA,,NA,NA,NA,,NA,NA,NA,NA,,,,,NA,NA,,,,,,,,,NA,NA,,,NA,,,,NA,,,,NA,NA,NA,NA,,NA,,,,NA,,NA,NA,NA,NA,NA,NA,NA
NA,,,,,NA,,NA,NA,NA,,NA,NA,NA,NA,,,,,NA,NA,,,,,,,,,NA,NA,,,NA,,,,NA,,,,NA,NA,NA,NA,,NA,,,,NA,,NA,NA,NA,NA,NA,NA,NA
NA,,,,,NA,,NA,NA,NA,,NA,NA,NA,NA,,,,,NA,NA,,,,,,,,,NA,NA,,,NA,,,,NA,,,,NA,NA,NA,NA,,NA,,,,NA,,NA,NA,NA,NA,NA,NA,NA
NA,,,,,NA,,NA,NA,NA,,NA,NA,NA,NA,,,,,NA,NA,,,,,,,,,NA,NA,,,NA,,,,NA,,,,NA,NA,NA,NA,,NA,,,,NA,,NA,NA,NA,NA,NA,NA,NA
NA,,,,,NA,,NA,NA,NA,,NA,NA,NA,NA,,,,,NA,NA,,,,,,,,,NA,NA,,,NA,,,,NA,,,,NA,NA,NA,NA,,NA,,,,NA,,NA,NA,NA,NA,NA,NA,NA
NA,,,,,NA,,NA,NA,NA,,NA,NA,NA,NA,,,,,NA,NA,,,,,,,,,NA,NA,,,NA,,,,NA,,,,NA,NA,NA,NA,,NA,,,,NA,,NA,NA,NA,NA,NA,NA,NA
NA,,,,,NA,,NA,NA,NA,,NA,NA,NA,NA,,,,,NA,NA,,,,,,,,,NA,NA,,,NA,,,,NA,,,,NA,NA,NA,NA,,NA,,,,NA,,NA,NA,NA,NA,NA,NA,NA
NA,,,,,NA,,NA,NA,NA,,NA,NA,NA,NA,,,,,NA,NA,,,,,,,,,NA,NA,,,NA,,,,NA,,,,NA,NA,NA,NA,,NA,,,,NA,,NA,NA,NA,NA,NA,NA,NA
NA,,,,,NA,,NA,NA,NA,,NA,NA,NA,NA,,,,,NA,NA,,,,,,,,,NA,NA,,,NA,,,,NA,,,,NA,NA,NA,NA,,NA,,,,NA,,NA,NA,NA,NA,NA,NA,NA
NA,,,,,NA,,NA,NA,NA,,NA,NA,NA,NA,,,,,NA,NA,,,,,,,,,NA,NA,,,NA,,,,NA,,,,NA,NA,NA,NA,,NA,,,,NA,,NA,NA,NA,NA,NA,NA,NA
NA,,,,,NA,,NA,NA,NA,,NA,NA,NA,NA,,,,,NA,NA,,,,,,,,,NA,NA,,,NA,,,,NA,,,,NA,NA,NA,NA,,NA,,,,NA,,NA,NA,NA,NA,NA,NA,NA
NA,,,,,NA,,NA,NA,NA,,NA,NA,NA,NA,,,,,NA,NA,,,,,,,,,NA,NA,,,NA,,,,NA,,,,NA,NA,NA,NA,,NA,,,,NA,,NA,NA,NA,NA,NA,NA,NA
NA,,,,,NA,,NA,NA,NA,,NA,NA,NA,NA,,,,,NA,NA,,,,,,,,,NA,NA,,,NA,,,,NA,,,,NA,NA,NA,NA,,NA,,,,NA,,NA,NA,NA,NA,NA,NA,NA
NA,,,,,NA,,NA,NA,NA,,NA,NA,NA,NA,,,,,NA,NA,,,,,,,,,NA,NA,,,NA,,,,NA,,,,NA,NA,NA,NA,,NA,,,,NA,,NA,NA,NA,NA,NA,NA,NA
NA,,,,,NA,,NA,NA,NA,,NA,NA,NA,NA,,,,,NA,NA,,,,,,,,,NA,NA,,,NA,,,,NA,,,,NA,NA,NA,NA,,NA,,,,NA,,NA,NA,NA,NA,NA,NA,NA
NA,,,,,NA,,NA,NA,NA,,NA,NA,NA,NA,,,,,NA,NA,,,,,,,,,NA,NA,,,NA,,,,NA,,,,NA,NA,NA,NA,,NA,,,,NA,,NA,NA,NA,NA,NA,NA,NA
NA,,,,,NA,,NA,NA,NA,,NA,NA,NA,NA,,,,,NA,NA,,,,,,,,,NA,NA,,,NA,,,,NA,,,,NA,NA,NA,NA,,NA,,,,NA,,NA,NA,NA,NA,NA,NA,NA
NA,,,,,NA,,NA,NA,NA,,NA,NA,NA,NA,,,,,NA,NA,,,,,,,,,NA,NA,,,NA,,,,NA,,,,NA,NA,NA,NA,,NA,,,,NA,,NA,NA,NA,NA,NA,NA,NA
NA,,,,,NA,,NA,NA,NA,,NA,NA,NA,NA,,,,,NA,NA,,,,,,,,,NA,NA,,,NA,,,,NA,,,,NA,NA,NA,NA,,NA,,,,NA,,NA,NA,NA,NA,NA,NA,NA
NA,,,,,NA,,NA,NA,NA,,NA,NA,NA,NA,,,,,NA,NA,,,,,,,,,NA,NA,,,NA,,,,NA,,,,NA,NA,NA,NA,,NA,,,,NA,,NA,NA,NA,NA,NA,NA,NA
NA,,,,,NA,,NA,NA,NA,,NA,NA,NA,NA,,,,,NA,NA,,,,,,,,,NA,NA,,,NA,,,,NA,,,,NA,NA,NA,NA,,NA,,,,NA,,NA,NA,NA,NA,NA,NA,NA
NA,,,,,NA,,NA,NA,NA,,NA,NA,NA,NA,,,,,NA,NA,,,,,,,,,NA,NA,,,NA,,,,NA,,,,NA,NA,NA,NA,,NA,,,,NA,,NA,NA,NA,NA,NA,NA,NA
NA,,,,,NA,,NA,NA,NA,,NA,NA,NA,NA,,,,,NA,NA,,,,,,,,,NA,NA,,,NA,,,,NA,,,,NA,NA,NA,NA,,NA,,,,NA,,NA,NA,NA,NA,NA,NA,NA
NA,,,,,NA,,NA,NA,NA,,NA,NA,NA,NA,,,,,NA,NA,,,,,,,,,NA,NA,,,NA,,,,NA,,,,NA,NA,NA,NA,,NA,,,,NA,,NA,NA,NA,NA,NA,NA,NA
NA,,,,,NA,,NA,NA,NA,,NA,NA,NA,NA,,,,,NA,NA,,,,,,,,,NA,NA,,,NA,,,,NA,,,,NA,NA,NA,NA,,NA,,,,NA,,NA,NA,NA,NA,NA,NA,NA
NA,,,,,NA,,NA,NA,NA,,NA,NA,NA,NA,,,,,NA,NA,,,,,,,,,NA,NA,,,NA,,,,NA,,,,NA,NA,NA,NA,,NA,,,,NA,,NA,NA,NA,NA,NA,NA,NA
NA,,,,,NA,,NA,NA,NA,,NA,NA,NA,NA,,,,,NA,NA,,,,,,,,,NA,NA,,,NA,,,,NA,,,,NA,NA,NA,NA,,NA,,,,NA,,NA,NA,NA,NA,NA,NA,NA
NA,,,,,NA,,NA,NA,NA,,NA,NA,NA,NA,,,,,NA,NA,,,,,,,,,NA,NA,,,NA,,,,NA,,,,NA,NA,NA,NA,,NA,,,,NA,,NA,NA,NA,NA,NA,NA,NA
NA,,,,,NA,,NA,NA,NA,,NA,NA,NA,NA,,,,,NA,NA,,,,,,,,,NA,NA,,,NA,,,,NA,,,,NA,NA,NA,NA,,NA,,,,NA,,NA,NA,NA,NA,NA,NA,NA
NA,,,,,NA,,NA,NA,NA,,NA,NA,NA,NA,,,,,NA,NA,,,,,,,,,NA,NA,,,NA,,,,NA,,,,NA,NA,NA,NA,,NA,,,,NA,,NA,NA,NA,NA,NA,NA,NA
NA,,,,,NA,,NA,NA,NA,,NA,NA,NA,NA,,,,,NA,NA,,,,,,,,,NA,NA,,,NA,,,,NA,,,,NA,NA,NA,NA,,NA,,,,NA,,NA,NA,NA,NA,NA,NA,NA
NA,,,,,NA,,NA,NA,NA,,NA,NA,NA,NA,,,,,NA,NA,,,,,,,,,NA,NA,,,NA,,,,NA,,,,NA,NA,NA,NA,,NA,,,,NA,,NA,NA,NA,NA,NA,NA,NA
NA,,,,,NA,,NA,NA,NA,,NA,NA,NA,NA,,,,,NA,NA,,,,,,,,,NA,NA,,,NA,,,,NA,,,,NA,NA,NA,NA,,NA,,,,NA,,NA,NA,NA,NA,NA,NA,NA
NA,,,,,NA,,NA,NA,NA,,NA,NA,NA,NA,,,,,NA,NA,,,,,,,,,NA,NA,,,NA,,,,NA,,,,NA,NA,NA,NA,,NA,,,,NA,,NA,NA,NA,NA,NA,NA,NA
NA,,,,,NA,,NA,NA,NA,,NA,NA,NA,NA,,,,,NA,NA,,,,,,,,,NA,NA,,,NA,,,,NA,,,,NA,NA,NA,NA,,NA,,,,NA,,NA,NA,NA,NA,NA,NA,NA
NA,,,,,NA,,NA,NA,NA,,NA,NA,NA,NA,,,,,NA,NA,,,,,,,,,NA,NA,,,NA,,,,NA,,,,NA,NA,NA,NA,,NA,,,,NA,,NA,NA,NA,NA,NA,NA,NA
NA,,,,,NA,,NA,NA,NA,,NA,NA,NA,NA,,,,,NA,NA,,,,,,,,,NA,NA,,,NA,,,,NA,,,,NA,NA,NA,NA,,NA,,,,NA,,NA,NA,NA,NA,NA,NA,NA
NA,,,,,NA,,NA,NA,NA,,NA,NA,NA,NA,,,,,NA,NA,,,,,,,,,NA,NA,,,NA,,,,NA,,,,NA,NA,NA,NA,,NA,,,,NA,,NA,NA,NA,NA,NA,NA,NA
NA,,,,,NA,,NA,NA,NA,,NA,NA,NA,NA,,,,,NA,NA,,,,,,,,,NA,NA,,,NA,,,,NA,,,,NA,NA,NA,NA,,NA,,,,NA,,NA,NA,NA,NA,NA,NA,NA
NA,,,,,NA,,NA,NA,NA,,NA,NA,NA,NA,,,,,NA,NA,,,,,,,,,NA,NA,,,NA,,,,NA,,,,NA,NA,NA,NA,,NA,,,,NA,,NA,NA,NA,NA,NA,NA,NA
NA,,,,,NA,,NA,NA,NA,,NA,NA,NA,NA,,,,,NA,NA,,,,,,,,,NA,NA,,,NA,,,,NA,,,,NA,NA,NA,NA,,NA,,,,NA,,NA,NA,NA,NA,NA,NA,NA
NA,,,,,NA,,NA,NA,NA,,NA,NA,NA,NA,,,,,NA,NA,,,,,,,,,NA,NA,,,NA,,,,NA,,,,NA,NA,NA,NA,,NA,,,,NA,,NA,NA,NA,NA,NA,NA,NA
NA,,,,,NA,,NA,NA,NA,,NA,NA,NA,NA,,,,,NA,NA,,,,,,,,,NA,NA,,,NA,,,,NA,,,,NA,NA,NA,NA,,NA,,,,NA,,NA,NA,NA,NA,NA,NA,NA
NA,,,,,NA,,NA,NA,NA,,NA,NA,NA,NA,,,,,NA,NA,,,,,,,,,NA,NA,,,NA,,,,NA,,,,NA,NA,NA,NA,,NA,,,,NA,,NA,NA,NA,NA,NA,NA,NA
NA,,,,,NA,,NA,NA,NA,,NA,NA,NA,NA,,,,,NA,NA,,,,,,,,,NA,NA,,,NA,,,,NA,,,,NA,NA,NA,NA,,NA,,,,NA,,NA,NA,NA,NA,NA,NA,NA
NA,,,,,NA,,NA,NA,NA,,NA,NA,NA,NA,,,,,NA,NA,,,,,,,,,NA,NA,,,NA,,,,NA,,,,NA,NA,NA,NA,,NA,,,,NA,,NA,NA,NA,NA,NA,NA,NA
NA,,,,,NA,,NA,NA,NA,,NA,NA,NA,NA,,,,,NA,NA,,,,,,,,,NA,NA,,,NA,,,,NA,,,,NA,NA,NA,NA,,NA,,,,NA,,NA,NA,NA,NA,NA,NA,NA
NA,,,,,NA,,NA,NA,NA,,NA,NA,NA,NA,,,,,NA,NA,,,,,,,,,NA,NA,,,NA,,,,NA,,,,NA,NA,NA,NA,,NA,,,,NA,,NA,NA,NA,NA,NA,NA,NA
NA,,,,,NA,,NA,NA,NA,,NA,NA,NA,NA,,,,,NA,NA,,,,,,,,,NA,NA,,,NA,,,,NA,,,,NA,NA,NA,NA,,NA,,,,NA,,NA,NA,NA,NA,NA,NA,NA
NA,,,,,NA,,NA,NA,NA,,NA,NA,NA,NA,,,,,NA,NA,,,,,,,,,NA,NA,,,NA,,,,NA,,,,NA,NA,NA,NA,,NA,,,,NA,,NA,NA,NA,NA,NA,NA,NA
NA,,,,,NA,,NA,NA,NA,,NA,NA,NA,NA,,,,,NA,NA,,,,,,,,,NA,NA,,,NA,,,,NA,,,,NA,NA,NA,NA,,NA,,,,NA,,NA,NA,NA,NA,NA,NA,NA
NA,,,,,NA,,NA,NA,NA,,NA,NA,NA,NA,,,,,NA,NA,,,,,,,,,NA,NA,,,NA,,,,NA,,,,NA,NA,NA,NA,,NA,,,,NA,,NA,NA,NA,NA,NA,NA,NA
NA,,,,,NA,,NA,NA,NA,,NA,NA,NA,NA,,,,,NA,NA,,,,,,,,,NA,NA,,,NA,,,,NA,,,,NA,NA,NA,NA,,NA,,,,NA,,NA,NA,NA,NA,NA,NA,NA
NA,,,,,NA,,NA,NA,NA,,NA,NA,NA,NA,,,,,NA,NA,,,,,,,,,NA,NA,,,NA,,,,NA,,,,NA,NA,NA,NA,,NA,,,,NA,,NA,NA,NA,NA,NA,NA,NA
NA,,,,,NA,,NA,NA,NA,,NA,NA,NA,NA,,,,,NA,NA,,,,,,,,,NA,NA,,,NA,,,,NA,,,,NA,NA,NA,NA,,NA,,,,NA,,NA,NA,NA,NA,NA,NA,NA
NA,,,,,NA,,NA,NA,NA,,NA,NA,NA,NA,,,,,NA,NA,,,,,,,,,NA,NA,,,NA,,,,NA,,,,NA,NA,NA,NA,,NA,,,,NA,,NA,NA,NA,NA,NA,NA,NA
NA,,,,,NA,,NA,NA,NA,,NA,NA,NA,NA,,,,,NA,NA,,,,,,,,,NA,NA,,,NA,,,,NA,,,,NA,NA,NA,NA,,NA,,,,NA,,NA,NA,NA,NA,NA,NA,NA
NA,,,,,NA,,NA,NA,NA,,NA,NA,NA,NA,,,,,NA,NA,,,,,,,,,NA,NA,,,NA,,,,NA,,,,NA,NA,NA,NA,,NA,,,,NA,,NA,NA,NA,NA,NA,NA,NA
NA,,,,,NA,,NA,NA,NA,,NA,NA,NA,NA,,,,,NA,NA,,,,,,,,,NA,NA,,,NA,,,,NA,,,,NA,NA,NA,NA,,NA,,,,NA,,NA,NA,NA,NA,NA,NA,NA
NA,,,,,NA,,NA,NA,NA,,NA,NA,NA,NA,,,,,NA,NA,,,,,,,,,NA,NA,,,NA,,,,NA,,,,NA,NA,NA,NA,,NA,,,,NA,,NA,NA,NA,NA,NA,NA,NA
NA,,,,,NA,,NA,NA,NA,,NA,NA,NA,NA,,,,,NA,NA,,,,,,,,,NA,NA,,,NA,,,,NA,,,,NA,NA,NA,NA,,NA,,,,NA,,NA,NA,NA,NA,NA,NA,NA
NA,,,,,NA,,NA,NA,NA,,NA,NA,NA,NA,,,,,NA,NA,,,,,,,,,NA,NA,,,NA,,,,NA,,,,NA,NA,NA,NA,,NA,,,,NA,,NA,NA,NA,NA,NA,NA,NA
NA,,,,,NA,,NA,NA,NA,,NA,NA,NA,NA,,,,,NA,NA,,,,,,,,,NA,NA,,,NA,,,,NA,,,,NA,NA,NA,NA,,NA,,,,NA,,NA,NA,NA,NA,NA,NA,NA
NA,,,,,NA,,NA,NA,NA,,NA,NA,NA,NA,,,,,NA,NA,,,,,,,,,NA,NA,,,NA,,,,NA,,,,NA,NA,NA,NA,,NA,,,,NA,,NA,NA,NA,NA,NA,NA,NA
NA,,,,,NA,,NA,NA,NA,,NA,NA,NA,NA,,,,,NA,NA,,,,,,,,,NA,NA,,,NA,,,,NA,,,,NA,NA,NA,NA,,NA,,,,NA,,NA,NA,NA,NA,NA,NA,NA
NA,,,,,NA,,NA,NA,NA,,NA,NA,NA,NA,,,,,NA,NA,,,,,,,,,NA,NA,,,NA,,,,NA,,,,NA,NA,NA,NA,,NA,,,,NA,,NA,NA,NA,NA,NA,NA,NA
NA,,,,,NA,,NA,NA,NA,,NA,NA,NA,NA,,,,,NA,NA,,,,,,,,,NA,NA,,,NA,,,,NA,,,,NA,NA,NA,NA,,NA,,,,NA,,NA,NA,NA,NA,NA,NA,NA
NA,,,,,NA,,NA,NA,NA,,NA,NA,NA,NA,,,,,NA,NA,,,,,,,,,NA,NA,,,NA,,,,NA,,,,NA,NA,NA,NA,,NA,,,,NA,,NA,NA,NA,NA,NA,NA,NA
NA,,,,,NA,,NA,NA,NA,,NA,NA,NA,NA,,,,,NA,NA,,,,,,,,,NA,NA,,,NA,,,,NA,,,,NA,NA,NA,NA,,NA,,,,NA,,NA,NA,NA,NA,NA,NA,NA
NA,,,,,NA,,NA,NA,NA,,NA,NA,NA,NA,,,,,NA,NA,,,,,,,,,NA,NA,,,NA,,,,NA,,,,NA,NA,NA,NA,,NA,,,,NA,,NA,NA,NA,NA,NA,NA,NA
NA,,,,,NA,,NA,NA,NA,,NA,NA,NA,NA,,,,,NA,NA,,,,,,,,,NA,NA,,,NA,,,,NA,,,,NA,NA,NA,NA,,NA,,,,NA,,NA,NA,NA,NA,NA,NA,NA
NA,,,,,NA,,NA,NA,NA,,NA,NA,NA,NA,,,,,NA,NA,,,,,,,,,NA,NA,,,NA,,,,NA,,,,NA,NA,NA,NA,,NA,,,,NA,,NA,NA,NA,NA,NA,NA,NA
NA,,,,,NA,,NA,NA,NA,,NA,NA,NA,NA,,,,,NA,NA,,,,,,,,,NA,NA,,,NA,,,,NA,,,,NA,NA,NA,NA,,NA,,,,NA,,NA,NA,NA,NA,NA,NA,NA
NA,,,,,NA,,NA,NA,NA,,NA,NA,NA,NA,,,,,NA,NA,,,,,,,,,NA,NA,,,NA,,,,NA,,,,NA,NA,NA,NA,,NA,,,,NA,,NA,NA,NA,NA,NA,NA,NA
NA,,,,,NA,,NA,NA,NA,,NA,NA,NA,NA,,,,,NA,NA,,,,,,,,,NA,NA,,,NA,,,,NA,,,,NA,NA,NA,NA,,NA,,,,NA,,NA,NA,NA,NA,NA,NA,NA
NA,,,,,NA,,NA,NA,NA,,NA,NA,NA,NA,,,,,NA,NA,,,,,,,,,NA,NA,,,NA,,,,NA,,,,NA,NA,NA,NA,,NA,,,,NA,,NA,NA,NA,NA,NA,NA,NA
NA,,,,,NA,,NA,NA,NA,,NA,NA,NA,NA,,,,,NA,NA,,,,,,,,,NA,NA,,,NA,,,,NA,,,,NA,NA,NA,NA,,NA,,,,NA,,NA,NA,NA,NA,NA,NA,NA
NA,,,,,NA,,NA,NA,NA,,NA,NA,NA,NA,,,,,NA,NA,,,,,,,,,NA,NA,,,NA,,,,NA,,,,NA,NA,NA,NA,,NA,,,,NA,,NA,NA,NA,NA,NA,NA,NA
NA,,,,,NA,,NA,NA,NA,,NA,NA,NA,NA,,,,,NA,NA,,,,,,,,,NA,NA,,,NA,,,,NA,,,,NA,NA,NA,NA,,NA,,,,NA,,NA,NA,NA,NA,NA,NA,NA
NA,,,,,NA,,NA,NA,NA,,NA,NA,NA,NA,,,,,NA,NA,,,,,,,,,NA,NA,,,NA,,,,NA,,,,NA,NA,NA,NA,,NA,,,,NA,,NA,NA,NA,NA,NA,NA,NA
NA,,,,,NA,,NA,NA,NA,,NA,NA,NA,NA,,,,,NA,NA,,,,,,,,,NA,NA,,,NA,,,,NA,,,,NA,NA,NA,NA,,NA,,,,NA,,NA,NA,NA,NA,NA,NA,NA
NA,,,,,NA,,NA,NA,NA,,NA,NA,NA,NA,,,,,NA,NA,,,,,,,,,NA,NA,,,NA,,,,NA,,,,NA,NA,NA,NA,,NA,,,,NA,,NA,NA,NA,NA,NA,NA,NA
NA,,,,,NA,,NA,NA,NA,,NA,NA,NA,NA,,,,,NA,NA,,,,,,,,,NA,NA,,,NA,,,,NA,,,,NA,NA,NA,NA,,NA,,,,NA,,NA,NA,NA,NA,NA,NA,NA
NA,,,,,NA,,NA,NA,NA,,NA,NA,NA,NA,,,,,NA,NA,,,,,,,,,NA,NA,,,NA,,,,NA,,,,NA,NA,NA,NA,,NA,,,,NA,,NA,NA,NA,NA,NA,NA,NA
NA,,,,,NA,,NA,NA,NA,,NA,NA,NA,NA,,,,,NA,NA,,,,,,,,,NA,NA,,,NA,,,,NA,,,,NA,NA,NA,NA,,NA,,,,NA,,NA,NA,NA,NA,NA,NA,NA
NA,,,,,NA,,NA,NA,NA,,NA,NA,NA,NA,,,,,NA,NA,,,,,,,,,NA,NA,,,NA,,,,NA,,,,NA,NA,NA,NA,,NA,,,,NA,,NA,NA,NA,NA,NA,NA,NA
NA,,,,,NA,,NA,NA,NA,,NA,NA,NA,NA,,,,,NA,NA,,,,,,,,,NA,NA,,,NA,,,,NA,,,,NA,NA,NA,NA,,NA,,,,NA,,NA,NA,NA,NA,NA,NA,NA
NA,,,,,NA,,NA,NA,NA,,NA,NA,NA,NA,,,,,NA,NA,,,,,,,,,NA,NA,,,NA,,,,NA,,,,NA,NA,NA,NA,,NA,,,,NA,,NA,NA,NA,NA,NA,NA,NA
NA,,,,,NA,,NA,NA,NA,,NA,NA,NA,NA,,,,,NA,NA,,,,,,,,,NA,NA,,,NA,,,,NA,,,,NA,NA,NA,NA,,NA,,,,NA,,NA,NA,NA,NA,NA,NA,NA
NA,,,,,NA,,NA,NA,NA,,NA,NA,NA,NA,,,,,NA,NA,,,,,,,,,NA,NA,,,NA,,,,NA,,,,NA,NA,NA,NA,,NA,,,,NA,,NA,NA,NA,NA,NA,NA,NA
NA,,,,,NA,,NA,NA,NA,,NA,NA,NA,NA,,,,,NA,NA,,,,,,,,,NA,NA,,,NA,,,,NA,,,,NA,NA,NA,NA,,NA,,,,NA,,NA,NA,NA,NA,NA,NA,NA
NA,,,,,NA,,NA,NA,NA,,NA,NA,NA,NA,,,,,NA,NA,,,,,,,,,NA,NA,,,NA,,,,NA,,,,NA,NA,NA,NA,,NA,,,,NA,,NA,NA,NA,NA,NA,NA,NA
