run,tt,treatment,aboveground,sample_weight,comment,n15_raw,c13_raw,mg_n_in_sample,mg_c_in_sample,n_pct,c_pct,cn_ratio,d15nkorr,d13ckorr,natabun_15n_atm_pct,atom_pct_15n,ape_pct_15n,n_mg_pr_gdw,n15_ug_pr_gdw,n15_ug_pr_gn,natabun_13c_atm_pct,atom_pct_13c,ape_pct_13c,c_mg_pr_gdw,c13_ug_pr_gdw,c13_ug_pr_gc,pipe_nr,pipe_diameter,veg,wet,cut,beriget
1,A,SCW,equisetum,3.968,,-2.397432251,-27.6449958,0.108807709,1.582734319,2.742129775,39.88745763,14.5461597,-2.334078084,-27.74479171,0.366,0.365401911,-5.98089e-4,27.42129775,-0.164003862,-5.980893527,1.077,1.080716104,0.003716104,398.8745763,14.82259263,37.16103635,14,17,S,W,C,FALSE
1,B,BUW,equisetum,3.647,,-1.858191428,-27.24294192,0.08127471,1.43086491,2.228536071,39.23402549,17.60529076,-1.794837261,-27.34273783,0.366,0.365598689,-4.01311e-4,22.28536071,-0.08943356,-4.013108035,1.077,1.081158177,0.004158177,392.3402549,16.31420335,41.58177283,9,17,B,W,U,FALSE
1,C,BCW,equisetum,3.481,,0.044369519,-26.47311513,0.095953511,1.349242783,2.756492689,38.76020634,14.06142178,0.107723687,-26.57291104,0.366,0.366292961,2.92961e-4,27.56492689,0.080754555,2.929612525,1.077,1.08200462,0.00500462,387.6020634,19.39801158,50.04620308,10,17,B,W,C,FALSE
1,D,BCD,equisetum,3.775,,0.092358433,-26.7614335,0.066843005,1.307583784,1.770675618,34.63798103,19.56201389,0.1557126,-26.86122942,0.366,0.366310473,3.10473e-4,17.70675618,0.054974693,3.104729772,1.077,1.081687609,0.004687609,346.3798103,16.23693128,46.87609035,12,17,B,D,C,FALSE
1,E,SUW,equisetum,3.576,,2.90756956,-27.85190605,0.087475488,1.330019857,2.446182551,37.19294902,15.20448627,2.970923727,-27.95170196,0.366,0.367337766,0.001337766,24.46182551,0.327242032,13.37766195,1.077,1.080488596,0.003488596,371.9294902,12.97511862,34.88596349,13,17,S,W,U,FALSE
1,F,SCD,equisetum,3.527,,0.992212715,-27.67415721,0.080207383,1.198177113,2.274096498,33.97156543,14.93848896,1.055566882,-27.77395313,0.366,0.366638839,6.38839e-4,22.74096498,0.145278234,6.388393569,1.077,1.080684039,0.003684039,339.7156543,12.51525852,36.84039392,16,17,S,D,C,FALSE
1,G,SUD,equisetum,3.832,,-0.022375877,-28.16583327,0.082020917,1.28379636,2.140420593,33.50199269,15.65206053,0.04097829,-28.26562919,0.366,0.366268605,2.68605e-4,21.40420593,0.057492779,2.686050541,1.077,1.080143417,0.003143417,335.0199269,10.53107335,31.43417003,15,17,S,D,U,FALSE
1,H,BUD,equisetum,3.805,,3.048313299,-27.20298744,0.087939166,1.346073762,2.311147598,35.37644577,15.3068743,3.111667467,-27.30278336,0.366,0.367389124,0.001389124,23.11147598,0.321047097,13.89124164,1.077,1.081202109,0.004202109,353.7644577,14.86556649,42.02108542,11,17,B,D,U,FALSE
1,A,SCW,bryophyte,3.231,,-1.528594098,-28.75269892,0.026382747,1.221575752,0.816550507,37.80797746,46.30206842,-1.465239931,-28.85249483,0.366,0.365718965,-2.81035e-4,8.165505073,-0.022947949,-2.810352693,1.077,1.079498121,0.002498121,378.0797746,9.444890913,24.98121177,14,17,S,W,C,FALSE
1,B,BUW,bryophyte,3.437,,-0.317220578,-28.15234752,0.042084926,1.127705162,1.224466851,32.81074082,26.79594046,-0.253866411,-28.25214343,0.366,0.366161013,1.61013e-4,12.24466851,0.019715451,1.610125315,1.077,1.080158245,0.003158245,328.1074082,10.36243694,31.58245343,9,17,B,W,U,FALSE
1,C,BCW,bryophyte,3.294,,-0.176136115,-28.66424073,0.042179358,1.254687191,1.280490543,38.09007866,29.74647401,-0.112781948,-28.76403664,0.366,0.366212496,2.12496e-4,12.80490543,0.027209918,2.124960473,1.077,1.079595387,0.002595387,380.9007866,9.885849799,25.95387079,10,17,B,W,C,FALSE
1,D,BCD,bryophyte,3.24,,0.382917534,-29.22342272,0.043249461,1.104957908,1.334859897,34.10363914,25.54847832,0.446271702,-29.32321863,0.366,0.366416501,4.16501e-4,13.34859897,0.05559709,4.1650131439999996,1.077,1.078980525,0.001980525,341.0363914,6.754309478,19.80524557,12,17,B,D,C,FALSE
1,E,SUW,bryophyte,3.492,,1.197782278,-29.02543316,0.039648876,1.26074739,1.135420287,36.10387716,31.79780876,1.261136446,-29.12522908,0.366,0.366713854,7.13854e-4,11.35420287,0.081052382,7.138535692,1.077,1.07919823,0.00219823,361.0387716,7.936461823,21.98229788,13,17,S,W,U,FALSE
1,F,SCD,bryophyte,3.614,,-1.952988981,-28.37110525,0.034862077,1.300982098,0.964639641,35.99839783,37.3179748,-1.889634813,-28.47090116,0.366,0.365564096,-4.35904e-4,9.646396413,-0.042049033,-4.359040571,1.077,1.079917708,0.002917708,359.9839783,10.503283,29.17708462,16,17,S,D,C,FALSE
1,G,SUD,bryophyte,3.325,,-1.98260505,-28.4765934,0.035578161,1.199820922,1.070019877,36.08483977,33.72352283,-1.919250883,-28.57638932,0.366,0.365553289,-4.46711e-4,10.70019877,-0.047799016,-4.467114738,1.077,1.079801718,0.002801718,360.8483977,10.10995331,28.01717667,15,17,S,D,U,FALSE
1,H,BUD,bryophyte,4.069,,-0.092465,-28.83916865,0.05152023,1.392731283,1.266164414,34.22785164,27.03270702,-0.029110832,-28.93896457,0.366,0.366243029,2.43029e-4,12.66164414,0.030771426,2.430286769,1.077,1.079403042,0.002403042,342.2785164,8.225094908,24.03041533,11,17,B,D,U,FALSE
1,A,SCW,lichen,3.59,,-1.2505555799999999,-23.10734094,0.140825094,1.343716693,3.922704565,37.42943433,9.541741856,-1.187201412,-23.20713685,0.366,0.365820425,-1.79575e-4,39.22704565,-0.070441821,-1.795746267,1.077,1.0857052,0.0087052,374.2943433,32.58306993,87.05199668,14,17,S,W,C,FALSE
1,E,SUW,lichen,3.286,,-0.184645377,-24.77616782,0.126632871,1.297926664,3.853708799,39.49868118,10.24952409,-0.12129121,-24.87596374,0.366,0.366209391,2.09391e-4,38.53708799,0.08069316,2.093909108,1.077,1.083870403,0.006870403,394.9868118,27.13718744,68.70403424,13,17,S,W,U,FALSE
1,F,SCD,lichen,3.751,,-0.618478466,-24.03524377,0.125090981,1.466309197,3.334870206,39.09115429,11.72194175,-0.555124298,-24.13503969,0.366,0.36605108,5.11e-5,33.34870206,0.017034356,0.51079517,1.077,1.084685023,0.007685023,390.9115429,30.04164112,76.85022781,16,17,S,D,C,FALSE
1,G,SUD,lichen,3.592,,-0.738103543,-27.02784012,0.108538946,1.393060769,3.021685577,38.7823154,12.83466278,-0.674749376,-27.12763604,0.366,0.366007427,7.43e-6,30.21685577,0.002244105,0.07426666,1.077,1.081394688,0.004394688,387.823154,17.04361886,43.94688323,15,17,S,D,U,FALSE
1,A,SCW,graminoid,3.382,,0.462631669,-28.17601201,0.043374819,1.303885804,1.282519782,38.55369024,30.06089323,0.525985836,-28.27580793,0.366,0.36644559,4.4559e-4,12.82519782,0.057147783,4.455898737,1.077,1.080132225,0.003132225,385.5369024,12.07588289,31.32224908,14,17,S,W,C,FALSE
1,B,BUW,graminoid,3.353,,-0.19944404,-28.41533953,0.044728882,1.2989953,1.333995874,38.74128541,29.04153316,-0.136089872,-28.51513545,0.366,0.366203991,2.03991e-4,13.33995874,0.027212274,2.039906927,1.077,1.07986907,0.00286907,387.4128541,11.11514655,28.69070149,9,17,B,W,U,FALSE
1,C,BCW,graminoid,3.778,,0.215342746,-29.05042224,0.063997462,1.41193486,1.693950822,37.37254791,22.06235709,0.278696913,-29.15021816,0.366,0.366355351,3.55351e-4,16.93950822,0.060194777,3.553513863,1.077,1.079170752,0.002170752,373.7254791,8.112654685,21.70752367,10,17,B,W,C,FALSE
1,D,BCD,graminoid,3.191,,1.145318779,-27.85409985,0.050903846,1.18707148,1.595231788,37.20061046,23.31987786,1.208672947,-27.95389577,0.366,0.366694709,6.94709e-4,15.95231788,0.110822215,6.947091697,1.077,1.080486184,0.003486184,372.0061046,12.96881788,34.86184157,12,17,B,D,C,FALSE
1,E,SUW,graminoid,3.483,,0.318741349,-29.17350801,0.039553081,1.304740351,1.135603817,37.46024551,32.98707256,0.382095517,-29.27330393,0.366,0.366393083,3.93083e-4,11.35603817,0.044638623,3.930827104,1.077,1.07903541,0.00203541,374.6024551,7.624695171,20.35409824,13,17,S,W,U,FALSE
1,F,SCD,graminoid,3.249,,-0.463826429,-28.5711967,0.03212302,1.213644569,0.988704842,37.35440347,37.7811475,-0.400472262,-28.67099262,0.366,0.366107514,1.07514e-4,9.887048421,0.010629975,1.075141347,1.077,1.079697695,0.002697695,373.5440347,10.07707956,26.97695217,16,17,S,D,C,FALSE
1,G,SUD,graminoid,4.123,,-1.274186426,-29.53118409,0.04284783,1.506527618,1.039239154,36.53959782,35.1599511,-1.210832259,-29.63098,0.366,0.365811802,-1.88198e-4,10.39239154,-0.019558261,-1.881978875,1.077,1.078642115,0.001642115,365.3959782,6.000220668,16.4211459,15,17,S,D,U,FALSE
1,H,BUD,graminoid,3.405,,-0.20816093,-29.0411526,0.050637947,1.277720292,1.487164364,37.52482501,25.23246652,-0.144806763,-29.14094852,0.366,0.36620081,2.0081e-4,14.87164364,0.029863716,2.008097895,1.077,1.079180945,0.002180945,375.2482501,8.183958154,21.80945054,11,17,B,D,U,FALSE
1,A,SCW,salix_stem,3.78,,-4.728081934,-30.24162873,0.053204871,1.634803091,1.407536276,43.24875902,30.72656794,-4.664727767,-30.34142465,0.366,0.364551406,-0.001448594,14.07536276,-0.203894823,-14.48593737,1.077,1.077860911,8.60911e-4,432.4875902,3.723333527,8.60911067,14,17,S,W,C,FALSE
1,B,BUW,salix_stem,3.359,,-1.993266451,-29.73416306,0.06407798,1.469333451,1.907650501,43.74318102,22.93039579,-1.929912283,-29.83395898,0.366,0.365549398,-4.50602e-4,19.07650501,-0.085959114,-4.506020042,1.077,1.078418921,0.001418921,437.4318102,6.206809943,14.18920572,9,17,B,W,U,FALSE
1,C,BCW,salix_stem,3.999,,-3.801725551,-30.28935371,0.070917559,1.681272971,1.773382315,42.04233487,23.70742875,-3.738371384,-30.38914963,0.366,0.364889455,-0.0011105450000000001,17.73382315,-0.196942007,-11.10544556,1.077,1.077808432,8.08432e-4,420.4233487,3.398838273,8.084323298,10,17,B,W,C,FALSE
1,D,BCD,salix_stem,1.572,det var alt der var,-4.391762585,-29.86121673,0.022675287,0.762157349,1.442448303,48.48329194,33.61180559,-4.328408417,-29.96101265,0.366,0.364674137,-0.001325863,14.42448303,-0.191248833,-13.25862649,1.077,1.078279213,0.001279213,484.8329194,6.202045154,12.79212881,12,17,B,D,C,FALSE
1,E,SUW,salix_stem,3.408,,-3.412708649,-30.71634737,0.054137783,1.49781455,1.588549978,43.94995746,27.66671371,-3.349354481,-30.81614328,0.366,0.365031416,-9.68584e-4,15.88549978,-0.153864384,-9.685838434,1.077,1.077338905,3.38905e-4,439.4995746,1.489483921,3.389045194,13,17,S,W,U,FALSE
1,F,SCD,salix_stem,3.651,,-6.315824923,-30.38175588,0.041880135,1.591439731,1.14708668,43.58914628,37.99987136,-6.252470756,-30.48155179,0.366,0.363971996,-0.002028004,11.4708668,-0.232629608,-20.28003746,1.077,1.077706826,7.06826e-4,435.8914628,3.080994537,7.068260795,16,17,S,D,C,FALSE
1,G,SUD,salix_stem,3.884,,-5.045574866,-31.19723302,0.045685892,1.659851525,1.176258808,42.73562114,36.33181819,-4.982220698,-31.29702894,0.366,0.364435545,-0.001564455,11.76258808,-0.184020384,-15.64454885,1.077,1.076810111,-1.89889e-4,427.3562114,-0.811502354,-1.898889807,15,17,S,D,U,FALSE
1,A,SCW,salix_leaf,3.139,,-4.711639375,-30.64526482,0.040820225,1.365577314,1.300421303,43.50357801,33.45344921,-4.648285207,-30.74506074,0.366,0.364557407,-0.001442593,13.00421303,-0.187597924,-14.42593441,1.077,1.077417068,4.17068e-4,435.0357801,1.814395565,4.170681236,14,17,S,W,C,FALSE
1,B,BUW,salix_leaf,3.431,,-1.139276445,-30.47873132,0.073392106,1.464254888,2.139087894,42.67720454,19.95112246,-1.075922277,-30.57852723,0.366,0.365861033,-1.38967e-4,21.39087894,-0.0297263,-1.389671724,1.077,1.077600191,6.00191e-4,426.7720454,2.561446499,6.001907872,9,17,B,W,U,FALSE
1,C,BCW,salix_leaf,3.916,,-3.285431407,-30.70591913,0.078666303,1.634600416,2.008843272,41.74158366,20.77891503,-3.222077239,-30.80571504,0.366,0.365077862,-9.22138e-4,20.08843272,-0.185243012,-9.221377028,1.077,1.077350372,3.50372e-4,417.4158366,1.462506552,3.503716017,10,17,B,W,C,FALSE
1,E,SUW,salix_leaf,3.307,,-3.848326327,-30.510916,0.048607834,1.451391023,1.469846824,43.88844945,29.85919942,-3.784972159,-30.61071192,0.366,0.36487245,-0.00112755,14.69846824,-0.165732611,-11.27550217,1.077,1.0775648,5.648e-4,438.8844945,2.478820021,5.648000903,13,17,S,W,U,FALSE
1,F,SCD,salix_leaf,3.49,,-5.922414385,-30.38474184,0.043315397,1.499018767,1.241128851,42.95182714,34.60706524,-5.859060218,-30.48453775,0.366,0.364115563,-0.001884437,12.41128851,-0.23388292,-18.84437059,1.077,1.077703543,7.03543e-4,429.5182714,3.021844376,7.035426843,16,17,S,D,C,FALSE
1,G,SUD,salix_leaf,3.73,,-5.112394048,-31.68972209,0.06064929,1.618665527,1.625986315,43.39585864,26.68894457,-5.04903988,-31.78951801,0.366,0.364411161,-0.001588839,16.25986315,-0.258343034,-15.88838918,1.077,1.076268552,-7.31448e-4,433.9585864,-3.174180223,-7.314477286,15,17,S,D,U,FALSE
2,A,BUD,equisetum,3.358,,126.7360593,-23.5268295,0.059264365,1.126466145,1.764870908,33.54574584,19.0074785,126.7994135,-23.62662541,0.366,0.41250283,0.04650283,17.64870908,8.207149248,465.0283037,1.077,1.085243998,0.008243998,335.4574584,27.65510697,82.4399824,20,17,B,D,U,TRUE
2,B,BCD,equisetum,2.65,det var alt der var,3.076338643,-28.1550069,0.0629702,0.924545247,2.376233973,34.88849987,14.68226625,3.139692811,-28.25480282,0.366,0.367399351,0.001399351,23.76233973,0.332518472,13.9935072,1.077,1.080155321,0.003155321,348.8849987,11.00844232,31.55321199,19,17,B,D,C,FALSE
2,C,BCW,equisetum,3.505,,1.820557062,-26.09940846,0.100212161,1.346716725,2.859120146,38.4227311,13.43865565,1.88391123,-26.19920438,0.366,0.366941109,9.41109e-4,28.59120146,0.269074396,9.411090893,1.077,1.082415515,0.005415515,384.227311,20.80788584,54.15514526,17,17,B,W,C,FALSE
2,D,SCD,equisetum,3.172,,1.651749013,-26.98800708,0.061901494,1.043450351,1.951497289,32.89566049,16.85662628,1.715103181,-27.08780299,0.366,0.36687951,8.7951e-4,19.51497289,0.171636095,8.79509779,1.077,1.081438486,0.004438486,328.9566049,14.60069239,44.38485858,22,17,S,D,C,FALSE
2,E,SCW,equisetum,3.299,,1.280470418,-27.40450377,0.074589704,1.178728405,2.260979216,35.72986981,15.80282983,1.343824586,-27.50429969,0.366,0.366744027,7.44027e-4,22.60979216,0.168223002,7.440271952,1.077,1.080980534,0.003980534,357.2986981,14.22239726,39.80534308,21,17,S,W,C,FALSE
2,F,SUD,equisetum,3.209,,42.34680602,-24.48701697,0.070332832,1.144101637,2.191736735,35.65290238,16.26696391,42.41016018,-24.58681288,0.366,0.381727234,0.015727234,21.91736735,3.446995736,157.2723439,1.077,1.084188316,0.007188316,356.5290238,25.62843282,71.88315989,24,17,S,D,U,TRUE
2,G,BUW,equisetum,3.254,,2.432813198,-26.78297084,0.06709273,1.140610787,2.061854019,35.05257488,17.00051243,2.496167365,-26.88276676,0.366,0.367164525,0.001164525,20.61854019,0.240108109,11.64525259,1.077,1.081663928,0.004663928,350.5257488,16.34826944,46.63928255,18,17,B,W,U,TRUE
2,H,SUW,equisetum,3.715,,181.8169371,-21.37072406,0.081025057,1.303387747,2.181024422,35.08446157,16.08623049,181.8802913,-21.47051997,0.366,0.432579812,0.066579812,21.81024422,14.52121967,665.798123,1.077,1.087614456,0.010614456,350.8446157,37.24024574,106.1445554,23,17,S,W,U,TRUE
2,A,BUD,bryophyte,3.252,,136.3797994,-26.5013351,0.040926077,1.184231249,1.258489442,36.41547505,28.93586058,136.4431536,-26.60113101,0.366,0.416018559,0.050018559,12.58489442,6.294782803,500.1855869,1.077,1.081973592,0.004973592,364.1547505,18.11157165,49.73592032,20,17,B,D,U,TRUE
2,B,BCD,bryophyte,4.051,,0.052968767,-29.20332074,0.046576703,1.388087302,1.149758162,34.26529997,29.80218023,0.116322935,-29.30311666,0.366,0.366296099,2.96099e-4,11.49758162,0.03404425,2.960992207,1.077,1.079002628,0.002002628,342.6529997,6.862065991,20.02628314,19,17,B,D,C,FALSE
2,C,BCW,bryophyte,3.317,,-0.656386834,-28.40579721,0.044573321,1.189743419,1.343784161,35.86805603,26.69182825,-0.593032667,-28.50559313,0.366,0.366037246,3.72e-5,13.43784161,0.00500509,0.372462313,1.077,1.079879563,0.002879563,358.6805603,10.32843097,28.79562517,17,17,B,W,C,FALSE
2,D,SCD,bryophyte,3.411,,-1.34229236,-28.98218809,0.032149526,1.166523651,0.942524935,34.19887573,36.28431933,-1.278938192,-29.08198401,0.366,0.365786949,-2.13051e-4,9.425249355,-0.020080569,-2.130508025,1.077,1.079245781,0.002245781,341.9887573,7.680318706,22.4578105,22,17,S,D,C,FALSE
2,E,SCW,bryophyte,3.24,,-1.050439447,-28.39958319,0.038973229,1.164356242,1.202877424,35.93692104,29.87579642,-0.98708528,-28.4993791,0.366,0.365893451,-1.06549e-4,12.02877424,-0.012816565,-1.065492202,1.077,1.079886395,0.002886395,359.3692104,10.37281572,28.86395222,21,17,S,W,C,FALSE
2,F,SUD,bryophyte,3.157,,375.1513484,-24.35989378,0.027704798,1.1249591,0.877567256,35.63380106,40.60520809,375.2147026,-24.4596897,0.366,0.502986184,0.136986184,8.775672565,12.02145897,1369.86184,1.077,1.084328083,0.007328083,356.3380106,26.11274667,73.2808342,24,17,S,D,U,TRUE
2,G,BUW,bryophyte,3.767,,34.61561665,-27.5470992,0.059113526,1.289295863,1.569246782,34.22606485,21.81050504,34.67897082,-27.64689511,0.366,0.378906825,0.012906825,15.69246782,2.025399388,129.0682518,1.077,1.080823745,0.003823745,342.2606485,13.08717466,38.23745066,18,17,B,W,U,TRUE
2,H,SUW,bryophyte,3.452,,130.7227839,-27.3815993,0.036796008,1.242144321,1.065933032,35.98332333,33.75758348,130.7861381,-27.48139521,0.366,0.413956263,0.047956263,10.65933032,5.111816532,479.5626345,1.077,1.081005719,0.004005719,359.8332333,14.41390686,40.05718629,23,17,S,W,U,TRUE
2,D,SCD,lichen,3.425,,-0.775093932,-30.36356646,0.067470816,1.219539538,1.969950822,35.60699381,18.07506737,-0.711739764,-30.46336238,0.366,0.365993928,-6.07e-6,19.69950822,-0.001196085,-0.060716478,1.077,1.077726827,7.26827e-4,356.0699381,2.588013652,7.268273378,22,17,S,D,C,FALSE
2,E,SCW,lichen,3.027,,-0.9533143,-25.51524712,0.090279132,1.110551649,2.982462233,36.68819456,12.30131069,-0.889960133,-25.61504304,0.366,0.365928893,-7.11e-5,29.82462233,-0.021207341,-0.711068222,1.077,1.083057799,0.006057799,366.8819456,22.22497058,60.57798933,21,17,S,W,C,FALSE
2,F,SUD,lichen,3.131,,-0.594586398,-29.07473325,0.077757968,1.267674108,2.483486684,40.48783482,16.30281937,-0.53123223,-29.17452916,0.366,0.366059798,5.98e-5,24.83486684,0.014850768,0.597980596,1.077,1.079144021,0.002144021,404.8783482,8.680674876,21.44020522,24,17,S,D,U,TRUE
2,A,BUD,graminoid,3.202,,119.3321749,-27.62842223,0.03403174,1.281566102,1.062827612,40.02392573,37.65796567,119.395529,-27.72821814,0.366,0.409803497,0.043803497,10.62827612,4.655556602,438.034969,1.077,1.080734327,0.003734327,400.2392573,14.94624262,37.34326992,20,17,B,D,U,TRUE
2,B,BCD,graminoid,3.249,,-0.220067279,-28.37066404,0.042083574,1.148861154,1.295277749,35.36045412,27.29951482,-0.156713112,-28.47045996,0.366,0.366196465,1.96465e-4,12.95277749,0.025447676,1.964650123,1.077,1.079918194,0.002918194,353.60454120000003,10.31886508,29.18193597,19,17,B,D,C,FALSE
2,C,BCW,graminoid,3.314,,-0.991922103,-28.87910724,0.026413312,1.270998337,0.797022099,38.35239399,48.11961176,-0.928567935,-28.97890316,0.366,0.365914805,-8.52e-5,7.970220994,-0.00679026,-0.851953754,1.077,1.079359126,0.002359126,383.5239399,9.047813512,23.59126138,17,17,B,W,C,FALSE
2,D,SCD,graminoid,3.319,,-0.427795951,-28.19004152,0.049981509,1.29025119,1.505920722,38.87469691,25.81457068,-0.364441784,-28.28983743,0.366,0.366120662,1.20662e-4,15.05920722,0.018170761,1.206621338,1.077,1.080116799,0.003116799,388.7469691,12.11646039,31.16798678,22,17,S,D,C,FALSE
2,E,SCW,graminoid,3.662,,-0.165042911,-30.27967263,0.046733724,1.371567774,1.2761803329999999,37.45406265,29.34856594,-0.101688743,-30.37946854,0.366,0.366216544,2.16544e-4,12.76180333,0.027634932,2.165440965,1.077,1.077819078,8.19078e-4,374.5406265,3.067778846,8.19077726,21,17,S,W,C,FALSE
2,F,SUD,graminoid,3.35,,37.17729191,-27.87241918,0.035534481,1.296202257,1.060730785,38.69260469,36.47730907,37.24064607,-27.9722151,0.366,0.379841366,0.013841366,10.60730785,1.468196264,138.4136564,1.077,1.080466041,0.003466041,386.9260469,13.41101605,34.66041162,24,17,S,D,U,TRUE
2,G,BUW,graminoid,3.22,,6.292596918,-29.89676426,0.055841529,1.250958448,1.734208985,38.84964124,22.40193747,6.355951086,-29.99656017,0.366,0.368572962,0.002572962,17.34208985,0.446205364,25.72961897,1.077,1.078240125,0.001240125,388.4964124,4.817840756,12.40124903,18,17,B,W,U,TRUE
2,H,SUW,graminoid,3.329,,70.50215017,-27.80646167,0.039864184,1.287628111,1.197482236,38.67912619,32.30037576,70.56550433,-27.90625758,0.366,0.391997214,0.025997214,11.97482236,3.113120198,259.9721403,1.077,1.080538565,0.003538565,386.7912619,13.68685873,35.38564615,23,17,S,W,U,TRUE
2,C,BCW,salix_stem,3.634,,-1.460630194,-30.93862204,0.083185003,1.633252127,2.289075494,44.94364687,19.63397319,-1.397276026,-31.03841796,0.366,0.365743766,-2.56234e-4,22.89075494,-0.058653931,-2.562341492,1.077,1.077094487,9.45e-5,449.4364687,0.424657283,0.9448661,17,17,B,W,C,FALSE
2,D,SCD,salix_stem,3.513,,-5.269227873,-30.13394543,0.087286412,1.572976139,2.484668712,44.77586506,18.02085922,-5.205873705,-30.23374134,0.366,0.364353928,-0.001646072,24.84668712,-0.408994273,-16.46071649,1.077,1.07797932,9.7932e-4,447.7586506,4.384990949,9.793202082,22,17,S,D,C,FALSE
2,E,SCW,salix_stem,3.973,,-4.263962681,-29.75645729,0.08179372,1.715300902,2.058739491,43.17394668,20.97105869,-4.200608514,-29.8562532,0.366,0.364720775,-0.001279225,20.58739491,-0.263359194,-12.79225444,1.077,1.078394406,0.001394406,431.7394668,6.020200869,13.94405963,21,17,S,W,C,FALSE
2,F,SUD,salix_stem,3.817,,19.8296976,-30.00585832,0.042805638,1.680411603,1.121447157,44.02440669,39.25678213,19.89305177,-30.10565423,0.366,0.373512341,0.007512341,11.21447157,0.84246931,75.12340682,1.077,1.078120165,0.001120165,440.2440669,4.931460473,11.20165118,24,17,S,D,U,TRUE
2,G,BUW,salix_stem,3.206,,38.9067762,-30.0506415,0.071182678,1.382101157,2.220295618,43.10983022,19.41625695,38.97013037,-30.15043742,0.366,0.380472299,0.014472299,22.20295618,3.213278315,144.722995,1.077,1.078070921,0.001070921,431.0983022,4.616724221,10.70921457,18,17,B,W,U,TRUE
2,H,SUW,salix_stem,3.825,,19.18526063,-28.98103581,0.065560595,1.671208413,1.714002475,43.69172322,25.49105025,19.2486148,-29.08083173,0.366,0.373277211,0.007277211,17.14002475,1.247315845,72.77211456,1.077,1.079247048,0.002247048,436.9172322,9.817740224,22.47048068,23,17,S,W,U,TRUE
2,D,SCD,salix_leaf,3.324,,-4.648998337,-30.58234175,0.051270228,1.46719938,1.542425626,44.13957219,28.61698576,-4.58564417,-30.68213766,0.366,0.364580266,-0.001419734,15.42425626,-0.218983439,-14.19734187,1.077,1.077486259,4.86259e-4,441.3957219,2.146327883,4.862593306,22,17,S,D,C,FALSE
2,E,SCW,salix_leaf,3.974,,-3.686327786,-29.67528202,0.070768083,1.674671842,1.780777116,42.14071066,23.66422518,-3.622973618,-29.77507794,0.366,0.364931567,-0.001068433,17.80777116,-0.190264168,-10.68433364,1.077,1.078483666,0.001483666,421.4071066,6.252273048,14.83665783,21,17,S,W,C,FALSE
2,F,SUD,salix_leaf,3.869,,17.69513114,-29.88914866,0.052473316,1.661125342,1.356250087,42.93422956,31.65657275,17.75848531,-29.98894457,0.366,0.372733519,0.006733519,13.56250087,0.913233528,67.3351867,1.077,1.078248499,0.001248499,429.3422956,5.360334282,12.48499003,24,17,S,D,U,TRUE
2,H,SUW,salix_leaf,3.428,,-4.622334337,-30.39303431,0.052575116,1.497408365,1.533696496,43.68169094,28.48131364,-4.558980169,-30.49283022,0.366,0.364589996,-0.001410004,15.33696496,-0.216251795,-14.10003841,1.077,1.077694424,6.94424e-4,436.8169094,3.033362343,6.944242033,23,17,S,W,U,TRUE
3,A,BCD,equisetum,3.168,,1.553809379,-27.70495365,0.069617423,1.129730727,2.197519676,35.66069214,16.22770095,1.617163547,-27.80474956,0.366,0.366843771,8.43771e-4,21.97519676,0.185420303,8.437708445,1.077,1.080650177,0.003650177,356.6069214,13.01678506,36.50177347,25,17,B,D,C,FALSE
3,B,BCW,equisetum,3.459,,2.314389142,-27.34974851,0.075484761,1.2485181380000001,2.182271212,36.09477125,16.54000248,2.377743309,-27.44954442,0.366,0.367121312,0.001121312,21.82271212,0.244700612,11.21311644,1.077,1.08104074,0.00404074,360.9477125,14.58495763,40.40739732,27,17,B,W,C,FALSE
3,C,BUD,equisetum,3.312,,19.19429148,-25.80327512,0.075110171,1.203600612,2.267819161,36.3405982,16.02446915,19.25764565,-25.90307103,0.366,0.373280506,0.007280506,22.67819161,1.651087205,72.8050646,1.077,1.082741114,0.005741114,363.405982,20.86355055,57.41113681,26,17,B,D,U,TRUE
3,D,SUW,equisetum,3.373,,8.746920347,-26.19345972,0.081354099,1.179516554,2.411921102,34.96936122,14.49855105,8.810274515,-26.29325564,0.366,0.369468525,0.003468525,24.11921102,0.836580815,34.68524797,1.077,1.082312105,0.005312105,349.6936122,18.57609027,53.12104546,29,17,S,W,U,TRUE
3,E,SCD,equisetum,3.336,,0.377960674,-27.47132064,0.05935923,1.057569309,1.779353417,31.70171791,17.81642567,0.441314841,-27.57111656,0.366,0.366414693,4.14693e-4,17.79353417,0.073788452,4.146925011,1.077,1.080907067,0.003907067,317.0171791,12.38607235,39.0706661,32,17,S,D,C,FALSE
3,F,SUD,equisetum,3.761,,33.35259901,-26.20055403,0.076902395,1.292956816,2.044732647,34.37800626,16.81295905,33.41595318,-26.30034994,0.366,0.37844605,0.01244605,20.44732647,2.544884377,124.4604952,1.077,1.082304304,0.005304304,343.7800626,18.23514066,53.04304305,30,17,S,D,U,TRUE
3,G,BUW,equisetum,3.447,,96.39552417,-23.98282191,0.09188048,1.240248838,2.665520151,35.98052911,13.49850201,96.45887833,-24.08261783,0.366,0.401440246,0.035440246,26.65520151,9.446668856,354.4024551,1.077,1.084742658,0.007742658,359.8052911,27.85849396,77.42658223,28,17,B,W,U,TRUE
3,H,SCW,equisetum,3.487,,3.184982633,-26.42212102,0.089161176,1.264804784,2.556959455,36.27200413,14.18560004,3.2483368,-26.52191694,0.366,0.367438995,0.001438995,25.56959455,0.367945267,14.38995314,1.077,1.082060689,0.005060689,362.7200413,18.35613337,50.60689039,31,17,S,W,C,FALSE
3,A,BCD,bryophyte,4.131,,-0.128992654,-28.46578233,0.056905577,1.184874212,1.377525468,28.68250332,20.821759,-0.065638487,-28.56557825,0.366,0.366229699,2.29699e-4,13.77525468,0.031641661,2.296992841,1.077,1.079813605,0.002813605,286.8250332,8.07012384,28.13605127,25,17,B,D,C,FALSE
3,B,BCW,bryophyte,3.745,,-0.156268115,-28.44088331,0.042619046,1.200396513,1.138025264,32.05331143,28.16572921,-0.092913947,-28.54067923,0.366,0.366219746,2.19746e-4,11.38025264,0.025007665,2.197461292,1.077,1.079840983,0.002840983,320.5331143,9.10629182,28.40983166,27,17,B,W,C,FALSE
3,C,BUD,bryophyte,3.85,,218.9675955,-24.12773684,0.05491748,1.192504584,1.426428054,30.97414505,21.71448112,219.0309497,-24.22753275,0.366,0.446116658,0.080116658,14.26428054,11.42806485,801.16657970000006,1.077,1.084583331,0.007583331,309.7414505,23.48871855,75.83330714,26,17,B,D,U,TRUE
3,D,SUW,bryophyte,3.033,,261.8534962,-25.19052681,0.032177133,1.046642688,1.06090119,34.50849613,32.5275308,261.9168504,-25.29032273,0.366,0.461738718,0.095738718,10.6090119,10.15693195,957.3871772,1.077,1.083414825,0.006414825,345.0849613,22.13659554,64.1482476,29,17,S,W,U,TRUE
3,E,SCD,bryophyte,3.178,,-1.762514399,-28.91072086,0.027480581,1.073290944,0.864713066,33.77252814,39.05634074,-1.699160231,-29.01051677,0.366,0.365633603,-3.66397e-4,8.647130659,-0.031682796,-3.663966382,1.077,1.079324365,0.002324365,337.7252814,7.849967013,23.24364637,32,17,S,D,C,FALSE
3,F,SUD,bryophyte,3.337,,26.39146338,-28.41455607,0.033385483,1.178200699,1.000463992,35.30718306,35.2908084,26.45481755,-28.51435199,0.366,0.375906403,0.009906403,10.00463992,0.991099938,99.06402881,1.077,1.079869932,0.002869932,353.0718306,10.13292008,28.69931612,30,17,S,D,U,TRUE
3,G,BUW,bryophyte,3.279,,543.8321956,-19.57226218,0.046920341,1.190961834,1.430934447,36.32088545,25.38263407,543.8955497,-19.67205809,0.366,0.56433321,0.19833321,14.30934447,28.38018221,1983.332099,1.077,1.089591627,0.012591627,363.2088545,45.73390345,125.916268,28,17,B,W,U,TRUE
3,H,SCW,bryophyte,3.027,,-0.994428863,-28.19957421,0.03541081,1.109812986,1.169831834,36.66379207,31.34107911,-0.931074696,-28.29937013,0.366,0.36591389,-8.61e-5,11.69831834,-0.010073437,-0.861101293,1.077,1.080106317,0.003106317,366.6379207,11.38893583,31.06316937,31,17,S,W,C,FALSE
3,A,BCD,graminoid,3.347,,0.474308977,-30.17055763,0.047482866,1.255335862,1.418669441,37.50630002,26.43765978,0.537663144,-30.27035354,0.366,0.366449851,4.49851e-4,14.18669441,0.063818994,4.498510497,1.077,1.077939061,9.39061e-4,375.0630002,3.522071369,9.390612687,25,17,B,D,C,FALSE
3,B,BCW,graminoid,3.864,,1.443833817,-29.16258725,0.05281517,1.41861241,1.366852216,36.7135717,26.85994233,1.507187984,-29.26238317,0.366,0.36680364,8.0364e-4,13.66852216,0.109845694,8.036398755,1.077,1.079047418,0.002047418,367.135717,7.516803037,20.47418077,27,17,B,W,C,FALSE
3,C,BUD,graminoid,3.418,,38.3849344,-28.85181479,0.08026895,1.334628463,2.348418656,39.04705861,16.62695811,38.19898307,-29.35672112,0.366,0.380190978,0.014190978,23.48418656,3.332635731,141.9097793,1.077,1.078943686,0.001943686,390.4705861,7.589521373,19.43685809,26,17,B,D,U,TRUE
3,D,SUW,graminoid,3.052,,13.71181465,-29.57102143,0.03245984,1.184669885,1.063559617,38.81618235,36.49648005,13.52586332,-30.07592776,0.366,0.37118916,0.00518916,10.63559617,0.551898111,51.89160082,1.077,1.078152852,0.001152852,388.1618235,4.47493275,11.52852362,29,17,S,W,U,TRUE
3,E,SCD,graminoid,3.392,,-0.658452281,-28.84922033,0.028958539,1.284435873,0.853730511,37.86662361,44.35430518,-0.844403604,-29.35412666,0.366,0.365945517,-5.45e-5,8.537305105,-0.004651344,-0.54482582,1.077,1.078946539,0.001946539,378.6662361,7.370884588,19.46538636,32,17,S,D,C,FALSE
3,F,SUD,graminoid,3.192,,66.83388742,-27.17384756,0.042950373,1.25723403,1.34556305,39.38703101,29.27178404,66.64793609,-27.67875389,0.366,0.390568364,0.024568364,13.4556305,3.305828227,245.6836361,1.077,1.080788715,0.003788715,393.8703101,14.9226236,37.8871502,30,17,S,D,U,TRUE
3,G,BUW,graminoid,3.58,,202.4061719,-26.15110846,0.0642117,1.367619653,1.793622916,38.20166627,21.29860515,202.2202206,-26.65601479,0.366,0.439991671,0.073991671,17.93622916,13.27131563,739.9167081,1.077,1.081913246,0.004913246,382.0166627,18.76942008,49.13246439,28,17,B,W,U,TRUE
3,H,SCW,graminoid,3.832,,-0.416023182,-28.99349616,0.044893651,1.312479688,1.171546215,34.25051377,29.23530744,-0.601974506,-29.4984025,0.366,0.366033983,3.4e-5,11.71546215,0.003981293,0.339832307,1.077,1.078787895,0.001787895,342.5051377,6.12363288,17.8789519,31,17,S,W,C,FALSE
3,B,BCW,salix_stem,3.653,,-1.563236451,-29.6755463,0.082486632,1.557195522,2.258051795,42.62785443,18.87815617,-1.749187774,-30.18045263,0.366,0.365615347,-3.84653e-4,22.58051795,-0.086856534,-3.846525313,1.077,1.078037917,0.001037917,426.2785443,4.424416031,10.3791666,27,17,B,W,C,FALSE
3,D,SUW,salix_stem,3.196,,-2.643145874,-31.08772305,0.067249077,1.459565486,2.104163871,45.66850707,21.70387378,-2.829097198,-31.59262938,0.366,0.365221269,-7.78731e-4,21.04163871,-0.163857827,-7.787312996,1.077,1.076485059,-5.14941e-4,456.6850707,-2.351659478,-5.149411768,29,17,S,W,U,TRUE
3,E,SCD,salix_stem,3.383,,-4.127822976,-30.20540716,0.056024276,1.51938228,1.65605308,44.91227549,27.12007003,-4.313774299,-30.71031349,0.366,0.364679478,-0.001320522,16.5605308,-0.218685504,-13.20522311,1.077,1.077455277,4.55277e-4,449.1227549,2.044751544,4.552767638,32,17,S,D,C,FALSE
3,F,SUD,salix_stem,3.49,,4.468394575,-29.62563213,0.047644863,1.565286496,1.365182316,44.85061594,32.85320608,4.282443252,-30.13053846,0.366,0.367816343,0.001816343,13.65182316,0.247963934,18.16343002,1.077,1.078092802,0.001092802,448.5061594,4.901286015,10.92802387,30,17,S,D,U,TRUE
3,G,BUW,salix_stem,3.371,,40.55429388,-29.31361919,0.081582894,1.470703564,2.420139248,43.62810929,18.02710704,40.36834256,-29.81852552,0.366,0.380982376,0.014982376,24.20139248,3.62594362,149.82376,1.077,1.078435891,0.001435891,436.2810929,6.264521417,14.35891108,28,17,B,W,U,TRUE
3,H,SCW,salix_stem,3.69,,-4.335196812,-29.40459599,0.080733441,1.600874566,2.187898118,43.38413459,19.8291384,-4.521148135,-29.90950232,0.366,0.364603802,-0.001396198,21.87898118,-0.3054739,-13.9619801,1.077,1.078335853,0.001335853,433.8413459,5.795484684,13.35853472,31,17,S,W,C,FALSE
3,B,BCW,salix_leaf,3.64,,-1.386009604,-30.34467058,0.081992217,1.552364272,2.25253343,42.64737012,18.93306868,-1.571960927,-30.84957691,0.366,0.365680021,-3.1998e-4,22.5253343,-0.072076452,-3.199794999,1.077,1.07730214,3.0214e-4,426.4737012,1.288548833,3.021402795,27,17,B,W,C,FALSE
3,D,SUW,salix_leaf,3.587,,-3.304659416,-31.73862378,0.06143057,1.552450199,1.712589069,43.27990519,25.27162293,-3.490610739,-32.24353011,0.366,0.364979869,-0.001020131,17.12589069,-0.174706566,-10.20131271,1.077,1.075769299,-0.001230701,432.7990519,-5.326462589,-12.30701076,29,17,S,W,U,TRUE
3,E,SCD,salix_leaf,3.248,,-4.194943721,-30.27875617,0.047362358,1.453215283,1.45820067,44.74184983,30.68291681,-4.380895044,-30.7836625,0.366,0.364654984,-0.001345016,14.5820067,-0.196130363,-13.45016273,1.077,1.077374621,3.74621e-4,447.4184983,1.676123523,3.746209709,32,17,S,D,C,FALSE
3,F,SUD,salix_leaf,3.235,,7.460560765,-30.10765871,0.050201943,1.452564655,1.551837494,44.90153495,28.93443103,7.274609441,-30.61256504,0.366,0.368908175,0.002908175,15.51837494,0.451301475,29.08174835,1.077,1.077562762,5.62762e-4,449.0153495,2.52688946,5.627623783,30,17,S,D,U,TRUE
3,G,BUW,salix_leaf,3.291,,0.923525931,-31.37564602,0.074034096,1.406894335,2.249592704,42.74975191,19.00332972,0.737574608,-31.88055235,0.366,0.366522801,5.22801e-4,22.49592704,0.117608897,5.228008478,1.077,1.076168447,-8.31553e-4,427.4975191,-3.554868565,-8.315530281,28,17,B,W,U,TRUE
3,H,SCW,salix_leaf,3.295,,-4.421486575,-30.34818675,0.049806416,1.441160287,1.511575614,43.73779323,28.93523343,-4.607437899,-30.85309308,0.366,0.364572313,-0.001427687,15.11575614,-0.215805724,-14.27687253,1.077,1.0772982739999999,2.98274e-4,437.3779323,1.3045839,2.982738276,31,17,S,W,C,FALSE
4,A,BCW,equisetum,3.46,,1.792803932,-25.22050493,0.059682777,1.329040345,1.724935758,38.41157066,22.26840651,1.606852608,-25.72541127,0.366,0.366840008,8.40008e-4,17.24935758,0.144896036,8.400083014,1.077,1.08293645,0.00593645,384.1157066,22.80283646,59.36449894,35,16.3,B,W,C,FALSE
4,B,SCW,equisetum,3.701,,1.126034302,-27.9496118,0.074031553,1.198394412,2.000312166,32.38028674,16.18761675,0.940082979,-28.45451813,0.366,0.366596698,5.96698e-4,20.00312166,0.119358262,5.966981757,1.077,1.079935723,0.002935723,323.8028674,9.505953979,29.35722607,40,16.3,S,W,C,FALSE
4,C,BCD,equisetum,3.688,,2.456464116,-26.45718422,0.087212016,1.304446089,2.36475097,35.37001327,14.95718311,2.270512792,-26.96209055,0.366,0.367082183,0.001082183,23.6475097,0.255909231,10.82182583,1.077,1.08157671,0.00457671,353.7001327,16.18782903,45.76709913,36,16.3,B,D,C,FALSE
4,D,SUD,equisetum,3.25,,2.496947222,-27.86149493,0.049853535,1.173905026,1.533954919,36.12015463,23.54707703,2.310995899,-28.36640126,0.366,0.367096955,0.001096955,15.33954919,0.16826797,10.96955116,1.077,1.080032612,0.003032612,361.2015463,10.95384268,30.32612345,39,16.3,S,D,U,TRUE
4,E,BUW,equisetum,3.485,,1.979241253,-25.76667957,0.048802268,1.204676396,1.400352011,34.5674719,24.68484469,1.79328993,-26.2715859,0.366,0.366908041,9.08041e-4,14.00352011,0.127157664,9.080407137,1.077,1.082335931,0.005335931,345.674719,18.44496306,53.35930586,33,16.3,B,W,U,TRUE
4,F,SUW,equisetum,3.457,,1.263296197,-26.48894608,0.098551771,1.356628034,2.850788876,39.24292839,13.76563825,1.077344874,-26.99385242,0.366,0.366646786,6.46786e-4,28.50788876,0.184385133,6.467863505,1.077,1.081541787,0.004541787,392.4292839,17.82330206,45.41786964,37,16.3,S,W,U,TRUE
4,G,BUD,equisetum,3.3,,27.7748362,-24.58427376,0.080900735,1.249174077,2.451537426,37.85375991,15.44082481,27.58888487,-25.0891801,0.366,0.376320156,0.010320156,24.51537426,2.530024873,103.2015602,1.077,1.083635977,0.006635977,378.5375991,25.11966884,66.35977217,34,16.3,B,D,U,TRUE
4,H,SCD,equisetum,3.174,,2.476331137,-28.27232284,0.059548594,1.002933181,1.876137173,31.59839888,16.8422647,2.290379813,-28.77722917,0.366,0.367089432,0.001089432,18.76137173,0.204392421,10.89432181,1.077,1.079580881,0.002580881,315.9839888,8.155170725,25.80880998,38,16.3,S,D,C,FALSE
4,A,BCW,bryophyte,3.321,,-0.400161258,-28.1288268,0.038447811,1.186023711,1.157717874,35.71284888,30.84762676,-0.586112582,-28.63373314,0.366,0.366039771,3.98e-5,11.57717874,0.004604414,0.39771466,1.077,1.079738664,0.002738664,357.1284888,9.780550986,27.38664456,35,16.3,B,W,C,FALSE
4,B,SCW,bryophyte,3.537,,-1.471438379,-29.34108056,0.037518715,1.32005716,1.06074964,37.32137858,35.18396534,-1.657389703,-29.8459869,0.366,0.365648846,-3.51154e-4,10.6074964,-0.037248635,-3.511538739,1.077,1.078405695,0.001405695,373.2137858,5.246246556,14.0569474,40,16.3,S,W,C,FALSE
4,C,BCD,bryophyte,3.175,,-0.17965289,-27.84650525,0.043453747,1.189318987,1.368621947,37.45886573,27.36976841,-0.365604214,-28.35141158,0.366,0.366120238,1.20238e-4,13.68621947,0.016456029,1.202379477,1.077,1.080049094,0.003049094,374.5886573,11.421561670000001,30.49094373,36,16.3,B,D,C,FALSE
4,D,SUD,bryophyte,3.576,,26.63332057,-27.99072701,0.038188343,1.224684965,1.067906686,34.24734243,32.06960202,26.44736924,-28.49563334,0.366,0.375903685,0.009903685,10.67906686,1.057621189,99.03685431,1.077,1.079890514,0.002890514,342.4734243,9.899241985,28.90513916,39,16.3,S,D,U,TRUE
4,E,BUW,bryophyte,3.866,,133.0677326,-26.43496561,0.048446494,1.183896408,1.253142625,30.62329042,24.43719479,132.8817813,-26.93987194,0.366,0.414720251,0.048720251,12.53142625,6.105342362,487.2025133,1.077,1.08160114,0.00460114,306.2329042,14.09020405,46.01139803,33,16.3,B,W,U,TRUE
4,F,SUW,bryophyte,3.318,,148.3082807,-26.94049706,0.037925181,1.172507138,1.143013302,35.33776787,30.91632249,148.1223293,-27.44540339,0.366,0.420275994,0.054275994,11.43013302,6.203818361,542.7599441,1.077,1.081045293,0.004045293,353.3776787,14.29516232,40.45292948,37,16.3,S,W,U,TRUE
4,G,BUD,bryophyte,3.832,,10.37426343,-28.28115672,0.044429799,1.217563069,1.159441507,31.77356651,27.40419962,10.18831211,-28.78606305,0.366,0.369971353,0.003971353,11.59441507,0.460455103,39.71352585,1.077,1.079571168,0.002571168,317.7356651,8.169516275,25.71167537,34,16.3,B,D,U,TRUE
4,H,SCD,bryophyte,3.674,,-0.333427507,-28.65793136,0.053343721,1.329628792,1.451924917,36.19022297,24.92568489,-0.51937883,-29.16283769,0.366,0.366064124,6.41e-5,14.51924917,0.009310255,0.641235269,1.077,1.079156876,0.002156876,361.9022297,7.805783092,21.56876209,38,16.3,S,D,C,FALSE
4,A,BCW,graminoid,3.393,,0.499674806,-29.06916572,0.051444762,1.255616247,1.516202837,37.0060786,24.40707648,0.313723482,-29.57407205,0.366,0.366368133,3.68133e-4,15.16202837,0.055816427,3.681329822,1.077,1.07870469,0.00170469,370.060786,6.308388938,17.04689926,35,16.3,B,W,C,FALSE
4,B,SCW,graminoid,3.513,,-0.142474962,-29.10682838,0.040512491,1.296747139,1.153216362,36.91281351,32.00857594,-0.328426285,-29.61173471,0.366,0.366133805,1.33805e-4,11.53216362,0.015430573,1.338046633,1.077,1.078663277,0.001663277,369.1281351,6.139621548,16.63276506,40,16.3,S,W,C,FALSE
4,C,BCD,graminoid,3.17,,0.463756103,-29.39521223,0.047624813,1.208010517,1.502360018,38.10758728,25.36515005,0.27780478,-29.90011856,0.366,0.366355026,3.55026e-4,15.02360018,0.053337662,3.550258366,1.077,1.078346172,0.001346172,381.0758728,5.129935992,13.46171815,36,16.3,B,D,C,FALSE
4,D,SUD,graminoid,3.356,,41.40925155,-27.24882187,0.045568099,1.322522406,1.357809876,39.40769982,29.02298806,41.22330023,-27.7537282,0.366,0.381294267,0.015294267,13.57809876,2.076670719,152.942673,1.077,1.080706278,0.003706278,394.0769982,14.60558744,37.06277581,39,16.3,S,D,U,TRUE
4,E,BUW,graminoid,3.32,,30.34985113,-28.58292058,0.04490267,1.281343198,1.352490056,38.59467462,28.53601359,30.16389981,-29.08782691,0.366,0.377259612,0.011259612,13.52490056,1.522851293,112.5961175,1.077,1.079239356,0.002239356,385.9467462,8.642722916,22.39356336,33,16.3,B,W,U,TRUE
4,F,SUW,graminoid,3.61,,3.306094894,-27.96919786,0.058405302,1.396575718,1.617875396,38.68630798,23.91179696,3.12014357,-28.47410419,0.366,0.367392217,0.001392217,16.17875396,0.225243384,13.92217127,1.077,1.079914187,0.002914187,386.8630798,11.27391178,29.14186535,37,16.3,S,W,U,TRUE
4,G,BUD,graminoid,3.636,,1.158574571,-29.24444355,0.049290001,1.312422174,1.355610596,36.09521931,26.62653967,0.972623247,-29.74934988,0.366,0.366608572,6.08572e-4,13.55610596,0.082498724,6.085724346,1.077,1.078511956,0.001511956,360.9521931,5.457438937,15.11956165,34,16.3,B,D,U,TRUE
4,H,SCD,graminoid,3.841,,-0.296661647,-28.43399129,0.063046289,1.421192073,1.641402984,37.00057467,22.54204179,-0.48261297,-28.93889762,0.366,0.36607754,7.75e-5,16.41402984,0.01272742,0.775398882,1.077,1.079403115,0.002403115,370.0057467,8.891664149,24.03115149,38,16.3,S,D,C,FALSE
3,B,BCW,lichen,3.406,,-0.329352417,-26.69701502,0.11182236,1.355287935,3.283099246,39.79119009,12.12000829,-0.51530374,-27.20192135,0.366,0.366065611,6.56e-5,32.83099246,0.021540605,0.656105827,1.077,1.081313009,0.004313009,397.9119009,17.16197796,43.13009467,27,17,B,W,C,FALSE
3,E,SCD,lichen,3.475,det var alt der var,-1.249761831,-30.3128927,0.065381451,1.377529089,1.881480592,39.64112485,21.06911175,-1.435713154,-30.81779903,0.366,0.36572974,-2.7026e-4,18.81480592,-0.050848983,-2.702604728,1.077,1.077337084,3.37084e-4,396.4112485,1.336238196,3.370838242,32,17,S,D,C,FALSE
3,F,SUD,lichen,3.317,,-0.49612311,-25.53212049,0.135307314,1.307282357,4.079207531,39.41158749,9.66157941,-0.682074434,-26.03702682,0.366,0.366004754,4.75e-6,40.79207531,0.001939112,0.047536495,1.077,1.082593829,0.005593829,394.1158749,22.04616934,55.93829314,30,17,S,D,U,TRUE
3,H,SCW,lichen,3.692,,-1.249100613,-29.77410589,0.095787014,1.453362566,2.594447836,39.36518326,15.17285594,-1.4350519370000001,-30.27901223,0.366,0.365729981,-2.70019e-4,25.94447836,-0.070055069,-2.70019184,1.077,1.07792954,9.2954e-4,393.6518326,3.659151783,9.295401366,31,17,S,W,C,FALSE
4,D,SUD,lichen,3.195,,-0.851324072,-25.15876935,0.071356586,1.202908721,2.233382973,37.64972524,16.85771124,-1.037275395,-25.66367568,0.366,0.365875136,-1.24864e-4,22.33382973,-0.02788699,-1.248643432,1.077,1.083004328,0.006004328,376.4972524,22.60612898,60.04327744,39,16.3,S,D,U,TRUE
4,F,SUW,lichen,3.937,,0.289649475,-25.45211736,0.128706727,1.44850304,3.269157398,36.7920508,11.25429165,0.103698152,-25.95702369,0.366,0.366291492,2.91492e-4,32.69157398,0.095293417,2.914922867,1.077,1.082681793,0.005681793,367.920508,20.90448092,56.81792797,37,16.3,S,W,U,TRUE
4,H,SCD,lichen,3.666,,-0.485713308,-26.75129463,0.117984715,1.435242737,3.21835011,39.15010194,12.16464977,-0.671664631,-27.25620096,0.366,0.366008552,8.55e-6,32.1835011,0.00275244,0.085523326,1.077,1.081253327,0.004253327,391.5010194,16.65182003,42.53327376,38,16.3,S,D,C,FALSE
4,A,BCW,salix_stem,3.484,,-1.343775247,-29.54782039,0.0549692,1.505448152,1.577761199,43.21033732,27.38712129,-1.52972657,-30.05272672,0.366,0.365695433,-3.04567e-4,15.77761199,-0.048053477,-3.045674911,1.077,1.078178364,0.001178364,432.1033732,5.091751569,11.78364226,35,16.3,B,W,C,FALSE
4,B,SCW,salix_stem,3.836,,-6.034610083,-29.81239581,0.073997735,1.642615044,1.929033765,42.82103868,22.19817997,-6.220561406,-30.31730214,0.366,0.363983641,-0.002016359,19.29033765,-0.388962479,-20.16359102,1.077,1.077887436,8.87436e-4,428.2103868,3.800094549,8.874363318,40,16.3,S,W,C,FALSE
4,C,BCD,salix_stem,3.486,,-1.11828011,-28.93496591,0.087593849,1.523732011,2.512732317,43.71004047,17.39542258,-1.304231434,-29.43987224,0.366,0.365777719,-2.22281e-4,25.12732317,-0.055853191,-2.22280703,1.077,1.078852254,0.001852254,437.1004047,8.096210615,18.52254203,36,16.3,B,D,C,FALSE
4,D,SUD,salix_stem,4.104,,1.474372012,-29.13018553,0.077092053,1.762674696,1.878461337,42.95016316,22.86454467,1.288420689,-29.63509186,0.366,0.36672381,7.2381e-4,18.78461337,0.135964878,7.238098304,1.077,1.078637593,0.001637593,429.5016316,7.033489678,16.37593238,39,16.3,S,D,U,TRUE
4,E,BUW,salix_stem,3.889,,-3.221339309,-28.54892685,0.066137192,1.677473423,1.700622057,43.13379848,25.36354171,-3.407290632,-29.05383318,0.366,0.365010274,-9.89726e-4,17.00622057,-0.168314983,-9.897259768,1.077,1.079276735,0.0022767350000000002,431.3379848,9.820422906,22.76735009,33,16.3,B,W,U,TRUE
5,C,SCW,equisetum,3.469,,2.901581256,-27.12826679,0.065941324,1.116444216,1.900874146,32.18345967,16.93087348,2.715629933,-27.63317312,0.366,0.367244608,0.001244608,19.00874146,0.236584375,12.44608307,1.077,1.080838833,0.003838833,321.8345967,12.35469255,38.38832952,46,16.3,S,W,C,FALSE
5,D,BUD,equisetum,3.24,,-0.609522503,-25.58523969,0.043592733,1.114246839,1.345454729,34.39033455,25.5603803,-0.795473826,-26.09014603,0.366,0.365963373,-3.66e-5,13.45454729,-0.004928051,-0.366274001,1.077,1.082535425,0.005535425,343.9033455,19.03651051,55.35424636,41,16.3,B,D,U,TRUE
5,F,BCW,equisetum,3.207,,1.266255688,-27.34299368,0.065124338,1.148090981,2.030693407,35.79953169,17.6292155,1.080304364,-27.84790001,0.366,0.366647866,6.47866e-4,20.30693407,0.131561782,6.478662963,1.077,1.080602731,0.003602731,357.9953169,12.89760996,36.02731474,43,16.3,B,W,C,FALSE
5,G,SCD,equisetum,3.079,,1.563169043,-27.3183219,0.058689021,1.04060765,1.906106566,33.79693569,17.73087418,1.377217719,-27.82322824,0.366,0.366756213,7.56213e-4,19.06106566,0.144142187,7.562126368,1.077,1.080629859,0.003629859,337.9693569,12.26781184,36.29859214,47,16.3,S,D,C,FALSE
5,H,BUW,equisetum,3.243,,1.301056861,-24.22365015,0.057995512,1.233114979,1.788329064,38.02389699,21.26224851,1.115105537,-24.72855648,0.366,0.366660566,6.60566e-4,17.88329064,0.11813086,6.605655679,1.077,1.084032473,0.007032473,380.2389699,26.74020471,70.32473478,42,16.3,B,W,U,TRUE
5,A,SUW,bryophyte,3.056,,-1.606119657,-26.42942754,0.029648052,1.07780211,0.970158775,35.26839366,36.35321822,-1.792070981,-26.93433387,0.366,0.365599699,-4.00301e-4,9.701587751,-0.038835586,-4.003013409,1.077,1.081607229,0.004607229,352.6839366,16.24895676,46.07229044,45,16.3,S,W,U,TRUE
5,B,SUD,bryophyte,3.698,,16.22935706,-27.04351312,0.037973637,1.271316951,1.026869568,34.37850056,33.47893601,16.04340573,-27.54841945,0.366,0.372107743,0.006107743,10.26869568,0.627185503,61.07742623,1.077,1.080932023,0.003932023,343.7850056,13.51770534,39.32022957,48,16.3,S,D,U,TRUE
5,C,SCW,bryophyte,3.014,,-1.352023471,-28.48138957,0.028306572,1.047157434,0.939169613,34.74311327,36.99343843,-1.537974794,-28.9862959,0.366,0.365692423,-3.07577e-4,9.391696134,-0.028886735,-3.075774029,1.077,1.079350997,0.002350997,347.4311327,8.168096468,23.50997277,46,16.3,S,W,C,FALSE
5,D,BUD,bryophyte,3.232,,32.19291486,-26.49897636,0.025402968,1.185587489,0.785982924,36.68278122,46.67121908,32.00696354,-27.0038827,0.366,0.377932015,0.011932015,7.859829237,0.937836014,119.3201514,1.077,1.081530758,0.004530758,366.8278122,16.62008199,45.3075842,41,16.3,B,D,U,TRUE
5,E,BCD,bryophyte,3.357,,-0.259837207,-27.86269174,0.026052466,1.243922802,0.776063937,37.05459643,47.74683462,-0.44578853,-28.36759807,0.366,0.366090978,9.1e-5,7.760639366,0.007060445,0.909776226,1.077,1.080031296,0.003031296,370.5459643,11.23234642,30.31296386,44,16.3,B,D,C,FALSE
5,G,SCD,bryophyte,3.529,,-2.684862222,-27.15008056,0.031550708,1.217369253,0.894041043,34.49615339,38.58452992,-2.870813545,-27.65498689,0.366,0.365206046,-7.93954e-4,8.940410433,-0.070982784,-7.93954423,1.077,1.080814848,0.003814848,344.9615339,13.15975755,38.1484782,47,16.3,S,D,C,FALSE
5,H,BUW,bryophyte,3.151,,1.259796082,-27.60753651,0.027692237,1.070465122,0.87883965,33.97223492,38.65578313,1.073844759,-28.11244284,0.366,0.366645509,6.45509e-4,8.788396501,0.056729901,6.455091257,1.077,1.080311854,0.003311854,339.7223492,11.25110711,33.11853675,42,16.3,B,W,U,TRUE
5,C,SCW,lichen,3.389,,-0.671231228,-27.51782974,0.089860325,1.381554329,2.651529225,40.76584034,15.3744639,-0.857182551,-28.02273607,0.366,0.365940854,-5.91e-5,26.51529225,-0.015682683,-0.591458051,1.077,1.080410491,0.003410491,407.6584034,13.90315257,34.10490856,46,16.3,S,W,C,FALSE
5,D,BUD,lichen,3.545,,-1.008670751,-29.20543053,0.018776388,1.380585801,0.529658323,38.94459241,73.52776439,-1.194622075,-29.71033686,0.366,0.365817717,-1.82283e-4,5.296583233,-0.009654746,-1.822825409,1.077,1.078554855,0.001554855,389.4459241,6.05531772,15.54854563,41,16.3,B,D,U,TRUE
5,A,SUW,lichen,3.718,,-0.932720517,-22.26424469,0.13491478,1.424388245,3.628692316,38.31060367,10.55768865,-1.11867184,-22.76915102,0.366,0.365845433,-1.54567e-4,36.28692316,-0.056087658,-1.545671362,1.077,1.086186733,0.009186733,383.1060367,35.19492911,91.86733108,45,16.3,S,W,U,TRUE
5,B,SUD,graminoid,3.325,,84.50006353,-26.55425088,0.028435417,1.322875309,0.855200498,39.78572359,46.5221006,84.31411221,-27.05915721,0.366,0.397011405,0.031011405,8.552004978,2.65209686,310.1140454,1.077,1.081469983,0.004469983,397.8572359,17.78414946,44.69982662,48,16.3,S,D,U,TRUE
5,C,SCW,graminoid,3.134,,-1.124301839,-27.76238968,0.033909489,1.141440172,1.081987538,36.42119246,33.6613789,-1.310253162,-28.26729601,0.366,0.365775522,-2.24478e-4,10.81987538,-0.024288254,-2.244781264,1.077,1.080141584,0.0031415840000000002,364.2119246,11.44202443,31.41584242,46,16.3,S,W,C,FALSE
5,D,BUD,graminoid,3.542,,-0.45914069,-27.99187237,0.056739335,1.375250384,1.601901042,38.82694476,24.23804202,-0.645092013,-28.4967787,0.366,0.366018249,1.82e-5,16.01901042,0.002923318,0.182490529,1.077,1.079889255,0.002889255,388.2694476,11.2180926,28.89254528,41,16.3,B,D,U,TRUE
5,E,BCD,graminoid,3.658,,0.575528158,-27.76967154,0.060691327,1.440722967,1.659139619,39.38553764,23.73853122,0.389576834,-28.27457787,0.366,0.366395813,3.95813e-4,16.59139619,0.065670858,3.95812727,1.077,1.080133577,0.003133577,393.8553764,12.34176316,31.33577424,44,16.3,B,D,C,FALSE
5,F,BCW,graminoid,3.565,,2.072416895,-28.2198195,0.064675154,1.407918044,1.81416981,39.49279225,21.76907147,1.886465571,-28.72472583,0.366,0.366942041,9.42041e-4,18.1416981,0.170902268,9.42041187,1.077,1.079638612,0.002638612,394.9279225,10.42061547,26.3861198,43,16.3,B,W,C,FALSE
5,G,SCD,graminoid,3.419,,-0.730800478,-27.92063982,0.03838221,1.168964789,1.122615084,34.19025414,30.45590124,-0.916751802,-28.42554615,0.366,0.365919117,-8.09e-5,11.22615084,-0.009080103,-0.808834946,1.077,1.079967579,0.002967579,341.9025414,10.14622814,29.67579036,47,16.3,S,D,C,FALSE
5,A,SUW,salix_stem,3.75,,-3.016344393,-29.1823025,0.058076015,1.670788847,1.548693726,44.55436924,28.76899964,-3.202295716,-29.68720883,0.366,0.365085081,-9.14919e-4,15.48693726,-0.141692934,-9.149190132,1.077,1.078580286,0.001580286,445.5436924,7.040864294,15.80285932,45,16.3,S,W,U,TRUE
5,B,SUD,salix_stem,3.14,,-2.090913775,-28.58198393,0.055771581,1.423539547,1.776164997,45.33565435,25.52446109,-2.276865098,-29.08689026,0.366,0.365422789,-5.77211e-4,17.76164997,-0.102522247,-5.772112817,1.077,1.079240386,0.002240386,453.3565435,10.15693766,22.40386249,48,16.3,S,D,U,TRUE
5,C,SCW,salix_stem,4.062,,-7.484560764,-29.64685657,0.072365655,1.752231307,1.78152769,43.13715674,24.21357634,-7.670512087,-30.1517629,0.366,0.363454509,-0.002545491,17.8152769,-0.453486228,-25.45490764,1.077,1.078069464,0.001069464,431.3715674,4.613363428,10.69463956,46,16.3,S,W,C,FALSE
5,D,BUD,salix_stem,3.89,,13.33231155,-29.51784178,0.056760537,1.696819012,1.459139762,43.62002601,29.89434401,13.14636022,-30.02274811,0.366,0.371050688,0.005050688,14.59139762,0.73696601,50.50688285,1.077,1.078211329,0.001211329,436.2002601,5.28381887,12.11328684,41,16.3,B,D,U,TRUE
5,E,BCD,salix_stem,3.325,,-0.974933966,-29.00916997,0.077439173,1.46583292,2.328997683,44.08520059,18.92882974,-1.160885289,-29.5140763,0.366,0.365830029,-1.69971e-4,23.28997683,-0.039586316,-1.699714689,1.077,1.07877066,0.00177066,440.8520059,7.805992264,17.70660484,44,16.3,B,D,C,FALSE
5,F,BCW,salix_stem,3.998,,-3.477462451,-27.48307646,0.086497675,1.678108128,2.163523634,41.97369004,19.40061545,-3.663413775,-27.98798279,0.366,0.364916809,-0.001083191,21.63523634,-0.234350904,-10.83190865,1.077,1.080448704,0.003448704,419.7369004,14.47548249,34.48703813,43,16.3,B,W,C,FALSE
5,G,SCD,salix_stem,3.294,,-4.554896711,-28.19642145,0.04642269,1.432234479,1.40931055,43.48009953,30.8520358,-4.740848035,-28.70132778,0.366,0.364523628,-0.001476372,14.0931055,-0.208066651,-14.76371911,1.077,1.0796643399999999,0.00266434,434.8009953,11.58457553,26.643397,47,16.3,S,D,C,FALSE
5,H,BUW,salix_stem,3.323,,-1.932561253,-29.55025877,0.067972745,1.426454741,2.045523472,42.92671504,20.98568685,-2.118512576,-30.0551651,0.366,0.365480574,-5.19426e-4,20.45523472,-0.106249721,-5.194255789,1.077,1.078175683,0.001175683,429.2671504,5.046820822,11.75682979,42,16.3,B,W,U,TRUE
5,A,SUW,salix_leaf,3.354,,0.289440767,-29.44368706,0.039642802,1.466991969,1.181955926,43.73857989,37.00525452,0.103489443,-29.94859339,0.366,0.366291416,2.91416e-4,11.81955926,0.034444102,2.914161264,1.077,1.078292869,0.001292869,437.3857989,5.65482567,12.92869061,45,16.3,S,W,U,TRUE
5,B,SUD,salix_leaf,3.192,,-5.35890478,-27.85818715,0.062560291,1.435897415,1.959908859,44.98425484,22.95221772,-5.156257805,-29.25220707,0.366,0.364372034,-0.001627966,19.59908859,-0.319066403,-16.27965513,1.077,1.079058608,0.002058608,449.8425484,9.260492531,20.5860752,48,16.3,S,D,U,TRUE
5,C,SCW,salix_leaf,3.654,,-6.425620198,-29.31486409,0.057500138,1.574239102,1.57362173,43.08262458,27.37800563,-6.222973223,-30.70888401,0.366,0.363982761,-0.002017239,15.7362173,-0.317437151,-20.17239243,1.077,1.077456849,4.56849e-4,430.8262458,1.968223855,4.568486423,46,16.3,S,W,C,FALSE
5,D,BUD,salix_leaf,3.195,,0.191904281,-27.77502785,0.081963311,1.442316806,2.565361839,45.14293603,17.59710282,0.394551257,-29.16904776,0.366,0.366397628,3.97628e-4,25.65361839,0.102005957,3.976279493,1.077,1.079150048,0.002150048,451.4293603,9.705946817,21.50047753,41,16.3,B,D,U,TRUE
5,F,BCW,salix_leaf,3.205,,-2.079533306,-28.13592011,0.071655379,1.438283152,2.23573725,44.8762294,20.0722287,-1.876886331,-29.52994002,0.366,0.365568748,-4.31252e-4,22.3573725,-0.096416597,-4.312519157,1.077,1.078753217,0.001753217,448.762294,7.867776625,17.53216955,43,16.3,B,W,C,FALSE
5,G,SCD,salix_leaf,3.982,,-4.205043857,-26.78290988,0.072727301,1.687146017,1.826401333,42.36931234,23.19824869,-4.002396882,-28.17692979,0.366,0.364793107,-0.001206893,18.26401333,-0.220427175,-12.06893422,1.077,1.080240947,0.003240947,423.6931234,13.73166895,32.40946852,47,16.3,S,D,C,FALSE
5,G,SCD,lichen,3.473,,-0.45256592,-26.51450392,0.073104634,1.346886606,2.104941954,38.78164718,18.4240934,-0.249918945,-27.90852383,0.366,0.366162453,1.62453e-4,21.04941954,0.034195416,1.624530128,1.077,1.080536073,0.003536073,387.8164718,13.71347263,35.36072763,47,16.3,S,D,C,FALSE
6,A,SCD,equisetum,3.453,,1.325609731,-26.22038644,0.089558331,1.29839905,2.59363832,37.60205764,14.49780308,1.528256706,-27.61440635,0.366,0.366811328,8.11328e-4,25.9363832,0.210429145,8.113280244,1.077,1.080859468,0.003859468,376.0205764,14.51239295,38.5946777,53,17,S,D,C,FALSE
6,B,BUD,equisetum,3.079,,2.712289248,-25.21419216,0.053455001,1.151184073,1.736115666,37.38824531,21.5355728,2.914936223,-26.60821207,0.366,0.367317336,0.001317336,17.36115666,0.228704786,13.17336111,1.077,1.081965806,0.004965806,373.8824531,18.5662784,49.65806296,49,17,B,D,U,TRUE
6,C,SUD,equisetum,2.869,,1.023511505,-26.70349744,0.037072622,0.925837091,1.292179243,32.27037611,24.97360662,1.22615848,-28.09751735,0.366,0.36670109,7.0109e-4,12.92179243,0.090593368,7.010897979,1.077,1.080328265,0.003328265,322.7037611,10.74043642,33.28265028,55,17,S,D,U,TRUE
6,D,SCW,equisetum,3.559,,0.419575414,-26.77398627,0.06325877,1.140437148,1.77743101,32.04375241,18.02812724,0.62222239,-28.16800618,0.366,0.366480708,4.80708e-4,17.7743101,0.085442463,4.807076218,1.077,1.080250759,0.003250759,320.4375241,10.41665117,32.50758848,54,17,S,W,C,FALSE
6,E,BCW,equisetum,3.712,,1.515283642,-26.29358482,0.085439021,1.283077217,2.301697763,34.56565779,15.01746161,1.717930618,-27.68760473,0.366,0.366880542,8.80542e-4,23.01697763,0.202674047,8.805415323,1.077,1.080778983,0.003778983,345.6565779,13.06230385,37.78983155,50,17,B,W,C,FALSE
6,G,SUW,equisetum,3.858,,1.078378036,-25.75246267,0.081177728,1.299745175,2.104140184,33.68961054,16.01110553,1.281025012,-27.14648258,0.366,0.366721111,7.21111e-4,21.04140184,0.151731881,7.211110827,1.077,1.081373966,0.004373966,336.8961054,14.73572116,43.73966017,56,17,S,W,U,TRUE
6,A,SCD,bryophyte,3.264,,-4.440398769,-27.80739159,0.028114782,1.223950876,0.861359728,37.49849497,43.53407034,-4.237751793,-29.2014115,0.366,0.36470722,-0.00129278,8.613597276,-0.111354854,-12.927799,1.077,1.079114461,0.002114461,374.9849497,7.928911575,21.14461282,53,17,S,D,C,FALSE
6,B,BUD,bryophyte,3.269,,7.790823893,-27.86831633,0.030543955,1.209386715,0.934351638,36.99561686,39.5949612,7.993470868,-29.26233624,0.366,0.369170481,0.003170481,9.343516381,0.296234458,31.70481496,1.077,1.07904747,0.00204747,369.9561686,7.574740393,20.47469683,49,17,B,D,U,TRUE
6,C,SUD,bryophyte,3.126,,2.638984172,-27.49531325,0.034261501,1.183373346,1.096017322,37.8558332,34.53944792,2.841631148,-28.88933316,0.366,0.367290587,0.001290587,10.96017322,0.141450544,12.90586756,1.077,1.079457615,0.002457615,378.558332,9.303505695,24.57614827,55,17,S,D,U,TRUE
6,D,SCW,bryophyte,3.956,,-0.685117201,-26.8698287,0.040624772,1.39601731,1.026915376,35.28860742,34.36369563,-0.482470226,-28.26384861,0.366,0.366077592,7.76e-5,10.26915376,0.007968039,0.775919776,1.077,1.080145375,0.003145375,352.8860742,11.09958983,31.45374849,54,17,S,W,C,FALSE
6,E,BCW,bryophyte,3.331,,-1.032695817,-28.05972523,0.031267224,1.248527333,0.938673799,37.48205743,39.93086573,-0.830048842,-29.45374515,0.366,0.365950756,-4.92e-5,9.386737989,-0.004622435,-0.492443215,1.077,1.078837,0.001837,374.8205743,6.885453073,18.36999766,50,17,B,W,C,FALSE
6,F,BUW,bryophyte,3.139,,1.387012184,-26.66608703,0.026739323,1.12043546,0.851842074,35.69402549,41.90216305,1.589659159,-28.06010694,0.366,0.366833734,8.33734e-4,8.518420744,0.071020993,8.33734275,1.077,1.0803694,0.0033694,356.9402549,12.02674386,33.69399694,51,17,B,W,U,TRUE
6,G,SUW,bryophyte,3.224,,-2.30309682,-27.57343166,0.027938376,1.105905865,0.866574941,34.30229111,39.58375609,-2.100449845,-28.96745157,0.366,0.365487166,-5.12834e-4,8.665749415,-0.044440924,-5.128341654,1.077,1.079371718,0.002371718,343.0229111,8.135536125,23.71717999,56,17,S,W,U,TRUE
6,H,BCD,bryophyte,3.286,,2.461345653,-28.48061951,0.032702857,1.249358995,0.995217803,38.02066328,38.20335928,2.663992629,-29.87463942,0.366,0.367225766,0.001225766,9.952178028,0.121990374,12.25765594,1.077,1.078374189,0.001374189,380.2066328,5.224756066,13.74188563,52,17,B,D,C,FALSE
6,A,SCD,lichen,3.277,,-0.176277479,-24.66386687,0.119666094,1.315410167,3.651696476,40.14068256,10.99233817,0.026369496,-26.05788678,0.366,0.366263274,2.63274e-4,36.51696476,0.09613972,2.632741276,1.077,1.082570894,0.005570894,401.4068256,22.36194778,55.70893756,53,17,S,D,C,FALSE
6,C,SUD,lichen,3.189,,-0.337886801,-25.73420056,0.118594248,1.337934746,3.718853807,41.95468002,11.28161584,-0.135239825,-27.12822047,0.366,0.366204301,2.04301e-4,37.18853807,0.075976513,2.043008855,1.077,1.081394046,0.004394046,419.5468002,18.43507822,43.94045721,55,17,S,D,U,TRUE
6,D,SCW,lichen,3.135,,-0.876478253,-24.41146417,0.082607565,1.232386053,2.635010046,39.31055991,14.91856168,-0.673831278,-25.80548408,0.366,0.366007762,7.76e-6,26.35010046,0.002045214,0.077616929,1.077,1.08284841,0.00584841,393.1055991,22.99042814,58.48410246,54,17,S,W,C,FALSE
6,A,SCD,graminoid,3.231,,-1.094173298,-27.18796501,0.03348003,1.278376817,1.036212617,39.5659801,38.183264200000004,-0.891526322,-28.58198492,0.366,0.365928322,-7.17e-5,10.36212617,-0.007427401,-0.716783476,1.077,1.079795565,0.002795565,395.659801,11.0609267,27.95564947,53,17,S,D,C,FALSE
6,B,BUD,graminoid,3.277,,-0.611720698,-27.87293252,0.036522414,1.264343777,1.114507605,38.5823551,34.61829684,-0.409073722,-29.26695243,0.366,0.366104375,1.04375e-4,11.14507605,0.011632712,1.043753472,1.077,1.079042394,0.002042394,385.823551,7.880036319,20.42393809,49,17,B,D,U,TRUE
6,C,SUD,graminoid,3.446,,16.73560427,-28.03649027,0.036221621,1.356132763,1.051120749,39.35382364,37.43986947,16.93825124,-29.43051018,0.366,0.372434243,0.006434243,10.51120749,0.676316659,64.34243257,1.077,1.078862549,0.001862549,393.5382364,7.329840815,18.62548575,55,17,S,D,U,TRUE
6,D,SCW,graminoid,3.498,,-0.286228151,-27.11656213,0.04792535,1.276436826,1.370078605,36.49047531,26.63385529,-0.083581175,-28.51058204,0.366,0.366223152,2.23152e-4,13.70078605,0.030573547,2.2315177410000002,1.077,1.079874077,0.002874077,364.9047531,10.48764321,28.74076898,54,17,S,W,C,FALSE
6,E,BCW,graminoid,3.561,,-1.253729423,-27.63745671,0.042177076,1.323217329,1.184416611,37.1585883,31.37290372,-1.051082448,-29.03147662,0.366,0.365870097,-1.29903e-4,11.84416611,-0.015385897,-1.299027442,1.077,1.079301318,0.002301318,371.585883,8.551371777,23.01317722,50,17,B,W,C,FALSE
6,F,BUW,graminoid,3.368,,3.745017287,-27.09721297,0.067834484,1.377402004,2.014088,40.89673408,20.30533625,3.947664262,-28.49123289,0.366,0.367694182,0.001694182,20.14088,0.34122311,16.94181735,1.077,1.079895352,0.002895352,408.9673408,11.84104608,28.95352489,51,17,B,W,U,TRUE
6,G,SUW,graminoid,3.955,,-1.255645125,-26.13412997,0.06263988,1.574819226,1.583814927,39.81843807,25.14084025,-1.05299815,-27.52814988,0.366,0.365869398,-1.30602e-4,15.83814927,-0.02068491,-1.306018127,1.077,1.08095431,0.00395431,398.1843807,15.74544526,39.54310119,56,17,S,W,U,TRUE
6,H,BCD,graminoid,3.773,,3.369451711,-26.89767774,0.054094134,1.450598034,1.433716784,38.44680715,26.81617987,3.572098687,-28.29169765,0.366,0.367557137,0.001557137,14.33716784,0.22324935,15.57137036,1.077,1.080114753,0.003114753,384.4680715,11.97523178,31.14753256,52,17,B,D,C,FALSE
6,A,SCD,salix_stem,3.9,,-5.508574633,-27.63653588,0.076973796,1.713107468,1.973687065,43.92583252,22.25572295,-5.305927658,-29.03055579,0.366,0.364317416,-0.001682584,19.73687065,-0.332089421,-16.82583966,1.077,1.07930233,0.00230233,439.2583252,10.11317726,23.02330243,53,17,S,D,C,FALSE
6,C,SUD,salix_stem,3.194,,7.702218996,-28.01375645,0.059335914,1.443092803,1.857730555,45.18136514,24.32073102,7.904865972,-29.40777636,0.366,0.36913815,0.00313815,18.57730555,0.582983782,31.38150368,1.077,1.078887546,0.001887546,451.8136514,8.52819199,18.87546329,55,17,S,D,U,TRUE
6,D,SCW,salix_stem,3.202,,-5.574742362,-28.67420582,0.042716685,1.470444106,1.334062605,45.92267664,34.42317959,-5.372095386,-30.06822573,0.366,0.36429327,-0.00170673,13.34062605,-0.22768851,-17.06730324,1.077,1.078161322,0.001161322,459.2267664,5.33309922,11.61321511,54,17,S,W,C,FALSE
6,G,SUW,salix_stem,3.628,,-7.27224303,-27.5742399,0.05734908,1.625306465,1.580735388,44.7989654,28.34058486,-7.069596055,-28.96825982,0.366,0.363673803,-0.002326197,15.80735388,-0.367710241,-23.26197314,1.077,1.079370829,0.002370829,447.989654,10.62106986,23.70829274,56,17,S,W,U,TRUE
6,H,BCD,salix_stem,3.489,,-2.414702264,-28.20683732,0.087304753,1.494885354,2.502285833,42.84566792,17.1226114,-2.212055288,-29.60085724,0.366,0.365446439,-5.53561e-4,25.02285833,-0.138516785,-5.535610005,1.077,1.078675237,0.001675237,428.4566792,7.177665909,16.75237254,52,17,B,D,C,FALSE
6,A,SCD,salix_leaf,3.648,,-5.085732528,-28.45893821,0.050074751,1.613182598,1.372663144,44.22101419,32.21548884,-4.883085553,-29.85295813,0.366,0.364471722,-0.001528278,13.72663144,-0.209781082,-15.28277951,1.077,1.078398029,0.001398029,442.2101419,6.18222696,13.98029212,53,17,S,D,C,FALSE
6,C,SUD,salix_leaf,3.332,,-5.341151596,-29.54120939,0.045455901,1.475660912,1.364222718,44.28754237,32.46357195,-5.138504621,-30.9352293,0.366,0.364378513,-0.001621487,13.64222718,-0.221206929,-16.21486915,1.077,1.077207955,2.07955e-4,442.8754237,0.920982378,2.079551785,55,17,S,D,U,TRUE
6,D,SCW,salix_leaf,3.919,,-4.951030516,-29.13763087,0.053635343,1.672585743,1.368597691,42.67889113,31.18439511,-4.748383541,-30.53165078,0.366,0.364520878,-0.001479122,13.68597691,-0.202432269,-14.79121805,1.077,1.077651737,6.51737e-4,426.7889113,2.781539928,6.517366908,54,17,S,W,C,FALSE
6,G,SUW,salix_leaf,3.643,,-6.279778327,-27.45938752,0.062340328,1.593379698,1.711236006,43.73811963,25.55937315,-6.077131352,-28.85340743,0.366,0.364035983,-0.001964017,17.11236006,-0.336089723,-19.64017363,1.077,1.079497118,0.002497118,437.3811963,10.92192329,24.97117705,56,17,S,W,U,TRUE
5,E,BCD,salix_leaf,3.254,,-1.88732935,-28.98621762,0.058812226,1.410653656,1.807382474,43.35137234,23.98572133,-1.684682375,-30.38023753,0.366,0.365638887,-3.61113e-4,18.07382474,-0.065267008,-3.611134258,1.077,1.077818232,8.18232e-4,433.5137234,3.54714862,8.182321407,44,16.3,B,D,C,FALSE
2,G,BUW,lichen,0.418,det var alt der var,-1.999450787,-24.4141479,0.017119354,0.182314184,4.095539351,43.61583356,10.64959455,-1.796803811,-25.80816781,0.366,0.365597972,-4.02028e-4,40.95539351,-0.164652326,-4.020284314,1.077,1.082845459,0.005845459,436.1583356,25.49545886,58.45459498,18,17,B,W,U,TRUE
2,G,BUW,salix_leaf,1.326,det var alt der var,-2.150180556,-28.56183095,0.028559885,0.653542537,2.153837479,49.28676746,22.8832342,-1.94753358,-29.95585087,0.366,0.365542968,-4.57032e-4,21.53837479,-0.098437335,-4.570323225,1.077,1.078284889,0.001284889,492.8676746,6.332801369,12.84888763,18,17,B,W,U,TRUE
4,A,BCW,lichen,1.475,det var alt der var,-1.933453709,-22.15399002,0.040115502,0.582466476,2.719695058,39.4892526,14.51973539,-1.730806733,-23.54800993,0.366,0.365622055,-3.77945e-4,27.19695058,-0.102789509,-3.77944979,1.077,1.085330431,0.008330431,394.892526,32.89625084,83.30431366,35,16.3,B,W,C,FALSE
4,B,SCW,lichen,1.86,det var alt der var,-1.461912596,-23.31909276,0.078880775,0.798306531,4.240901872,42.91970598,10.12041949,-1.25926562,-24.71311267,0.366,0.365794128,-2.05872e-4,42.40901872,-0.087308284,-2.058719736,1.077,1.084049453,0.007049453,429.1970598,30.25604702,70.49453468,40,16.3,S,W,C,FALSE
6,E,BCW,salix_stem,1.049,det var alt der var,-1.754269542,-27.65732634,0.012615957,0.446208005,1.202665155,42.53651145,35.36854067,-1.551622567,-29.05134625,0.366,0.365687442,-3.12558e-4,12.02665155,-0.037590225,-3.125576985,1.077,1.07927947,0.00227947,425.3651145,9.696068384,22.79469579,50,17,B,W,C,FALSE
