nr,run,treatment,layer,LOI,tray,well,6-8mg,beriget,comment,Sample Number,Name,Height (nA),N15,Height (nA),13C,Weight,PEAnA,PEA15N,PEAnA,PEA13C,gnsnSTD N weight,gnsnSTD C weight,1nA to x mgN STD,1nA to x mgC STD,mg N in sample,mg C in sample,%N,%C,C/N,d15Nkorr,d13Ckorr
1,1,BCD,top,,0,A1,7.835,0,,119,EliseLabSoil_tray0_1.raw,5.6184835,-0.74848704,4.8902225,-28.81832026,7.835,3.758303639,2.071619848,2.689876417,-25.56835382,1.553666667,1.553666667,0.01165776,0.265752742,0.065498929,1.299590038,0.835978679,16.58698198,19.84139357,-0.840106889,-29.27996644
2,1,BCD,middle,19.92031873,0,A2,7.632,0,,120,EliseLabSoil_tray0_2.raw,2.89325775,0.302357935,2.24856025,-26.66093572,7.632,3.758303639,2.071619848,2.689876417,-25.56835382,1.553666667,1.553666667,0.01165776,0.265752742,0.033728903,0.597561052,0.441940554,7.829678354,17.71658719,0.210738087,-27.1225819
3,1,BCD,bottom,,0,A3,7.558,0,,121,EliseLabSoil_tray0_3.raw,1.954751625,0.880667392,1.223152375,-24.97974037,7.558,3.758303639,2.071619848,2.689876417,-25.56835382,1.553666667,1.553666667,0.01165776,0.265752742,0.022788024,0.325056098,0.301508658,4.300821613,14.26433869,0.789047543,-25.44138655
19,1,BCW,top,,0,A4,6.348,0,,122,EliseLabSoil_tray0_4.raw,4.5876645,-0.371105272,4.340697,-28.13824309,6.348,3.758303639,2.071619848,2.689876417,-25.56835382,1.553666667,1.553666667,0.01165776,0.265752742,0.053481889,1.15355213,0.842499834,18.17189871,21.56902348,-0.46272512,-28.59988927
20,1,BCW,middle,11.95219124,0,A5,7.421,0,,123,EliseLabSoil_tray0_5.raw,2.639076,-0.066432029,1.82198525,-26.79494903,7.421,3.758303639,2.071619848,2.689876417,-25.56835382,1.553666667,1.553666667,0.01165776,0.265752742,0.030765713,0.484197576,0.414576382,6.524694462,15.73822036,-0.158051878,-27.2565952
21,1,BCW,bottom,,0,A6,7.907,0,,124,EliseLabSoil_tray0_6.raw,2.35990625,0.571279599,1.438348,-25.53253369,7.907,3.758303639,2.071619848,2.689876417,-25.56835382,1.553666667,1.553666667,0.01165776,0.265752742,0.02751122,0.382244925,0.347934988,4.834259832,13.89414687,0.479659751,-25.99417986
37,1,BUD,top,,0,A7,6.417,0,,125,EliseLabSoil_tray0_7.raw,4.9585875,-0.432952835,4.203603,-27.94078119,6.417,3.758303639,2.071619848,2.689876417,-25.56835382,1.553666667,1.553666667,0.01165776,0.265752742,0.057806021,1.117119023,0.900826252,17.40874277,19.32530577,-0.524572683,-28.40242736
38,1,BUD,middle,16.07142857,0,A8,6.991,0,,126,EliseLabSoil_tray0_8.raw,2.445921,-0.191690835,2.04697025,-26.52688023,6.991,3.758303639,2.071619848,2.689876417,-25.56835382,1.553666667,1.553666667,0.01165776,0.265752742,0.028513959,0.543987957,0.407866669,7.781261003,19.07795268,-0.283310683,-26.9885264
39,1,BUD,bottom,,0,A9,8.197,0,,127,EliseLabSoil_tray0_9.raw,2.03960725,0.194345664,1.324812375,-25.30788414,8.197,3.758303639,2.071619848,2.689876417,-25.56835382,1.553666667,1.553666667,0.01165776,0.265752742,0.023777251,0.352072521,0.290072598,4.295138725,14.80711643,0.102725816,-25.76953031
55,1,BUW,top,,0,A10,6.307,0,,128,EliseLabSoil_tray0_10.raw,5.1494425,-0.916412156,4.4407735,-28.13851294,6.307,3.758303639,2.071619848,2.689876417,-25.56835382,1.553666667,1.553666667,0.01165776,0.265752742,0.060030962,1.180147734,0.951814845,18.71171292,19.65898412,-1.008032004,-28.60015912
56,1,BUW,middle,18.09145129,0,A11,8.137,0,,129,EliseLabSoil_tray0_11.raw,3.51352425,0.030054339,2.834649,-26.80513742,8.137,3.758303639,2.071619848,2.689876417,-25.56835382,1.553666667,1.553666667,0.01165776,0.265752742,0.040959821,0.753315744,0.503377421,9.257905178,18.39157815,-0.06156551,-27.2667836
57,1,BUW,bottom,,0,A12,8.528,0,,130,EliseLabSoil_tray0_12.raw,1.047468625,2.888360707,0.572817125,-23.16578022,8.528,3.758303639,2.071619848,2.689876417,-25.56835382,1.553666667,1.553666667,0.01165776,0.265752742,0.012211137,0.152227722,0.143188759,1.785034259,12.46630167,2.796740859,-23.62742639
,,,,,,,1.324,,PEACH,131,peach 1324u.raw,3.11618675,2.113763161,2.2606745,-25.70273247,1.324,3.758303639,2.071619848,2.689876417,-25.56835382,1.553666667,1.553666667,0.01165776,0.265752742,0.036327756,0.600780447,2.743788197,45.3761667,16.53778041,2.022143312,-26.16437864
73,1,SCD,top,,0,B1,6.665,0,,132,EliseLabSoil_tray0_13.raw,4.9237535,-0.928470267,5.702659,-28.52786445,6.665,3.758303639,2.071619848,2.689876417,-25.56835382,1.553666667,1.553666667,0.01165776,0.265752742,0.057399934,1.515497266,0.861214317,22.73814352,26.40242165,-1.020090115,-28.98951062
74,1,SCD,middle,20.03968254,0,B2,8.078,0,,133,EliseLabSoil_tray0_14.raw,4.03823625,-0.311868266,2.8631295,-26.73087114,8.078,3.758303639,2.071619848,2.689876417,-25.56835382,1.553666667,1.553666667,0.01165776,0.265752742,0.047076787,0.760884515,0.582777755,9.419219055,16.16262627,-0.403488114,-27.19251731
75,1,SCD,bottom,,0,B3,8.225,0,,134,EliseLabSoil_tray0_15.raw,3.40629175,0.81559576,2.044646125,-25.67380621,8.225,3.758303639,2.071619848,2.689876417,-25.56835382,1.553666667,1.553666667,0.01165776,0.265752742,0.03970973,0.543370314,0.482793071,6.606326007,13.68355598,0.723975912,-26.13545238
91,1,SCW,top,,0,B4,6.204,0,,135,EliseLabSoil_tray0_16.raw,5.3500395,-0.168822626,5.3385805,-27.72010421,6.204,3.758303639,2.071619848,2.689876417,-25.56835382,1.553666667,1.553666667,0.01165776,0.265752742,0.062369474,1.418742406,1.005310669,22.86818837,22.74738455,-0.260442474,-28.18175038
92,1,SCW,middle,20.79207921,0,B5,8.372,0,,136,EliseLabSoil_tray0_17.raw,3.4288615,0.995563146,2.65270525,-26.88697218,8.372,3.758303639,2.071619848,2.689876417,-25.56835382,1.553666667,1.553666667,0.01165776,0.265752742,0.039972843,0.704963694,0.477458705,8.420493238,17.63606601,0.903943297,-27.34861836
93,1,SCW,bottom,,0,B6,6.287,0,,137,EliseLabSoil_tray0_18.raw,1.543985375,2.468885278,1.091637625,-25.7279754,6.287,3.758303639,2.071619848,2.689876417,-25.56835382,1.553666667,1.553666667,0.01165776,0.265752742,0.01799941,0.290105692,0.286295693,4.61437398,16.11751102,2.377265429,-26.18962157
109,1,SUD,top,,0,B7,6.151,0,,138,EliseLabSoil_tray0_19.raw,5.8064535,-1.103098179,5.0874565,-29.01936574,6.151,3.758303639,2.071619848,2.689876417,-25.56835382,1.553666667,1.553666667,0.01165776,0.265752742,0.067690239,1.352005515,1.100475346,21.98025548,19.97341927,-1.194718028,-29.48101192
110,1,SUD,middle,20.3187251,0,B8,7.875,0,,139,EliseLabSoil_tray0_20.raw,3.48156575,0.012972775,2.501813,-27.0739143,7.875,3.758303639,2.071619848,2.689876417,-25.56835382,1.553666667,1.553666667,0.01165776,0.265752742,0.040587256,0.664863665,0.51539373,8.442713202,16.38109412,-0.078647074,-27.53556048
111,1,SUD,bottom,,0,B9,6.733,0,,140,EliseLabSoil_tray0_21.raw,3.1522085,0.236193037,1.971749,-26.45221608,6.733,3.758303639,2.071619848,2.689876417,-25.56835382,1.553666667,1.553666667,0.01165776,0.265752742,0.036747689,0.523997703,0.545784771,7.782529382,14.25933774,0.144573189,-26.91386226
127,1,SUW,top,,0,B10,6.492,0,,141,EliseLabSoil_tray0_22.raw,6.8828545,0.928937279,5.8472615,-28.87123282,6.492,3.758303639,2.071619848,2.689876417,-25.56835382,1.553666667,1.553666667,0.01165776,0.265752742,0.080238663,1.553925777,1.235962146,23.93601012,19.36629709,0.83731743,-29.33287899
128,1,SUW,middle,19.20792079,0,B11,6.891,0,,142,EliseLabSoil_tray0_23.raw,2.703765,-0.083230225,1.835389125,-26.05408468,6.891,3.758303639,2.071619848,2.689876417,-25.56835382,1.553666667,1.553666667,0.01165776,0.265752742,0.031519842,0.487759693,0.457405923,7.078213504,15.47468703,-0.174850073,-26.51573086
129,1,SUW,bottom,,0,B12,6.529,0,,143,EliseLabSoil_tray0_24.raw,2.097678,0.809968191,1.341881625,-25.47601593,6.529,3.758303639,2.071619848,2.689876417,-25.56835382,1.553666667,1.553666667,0.01165776,0.265752742,0.024454226,0.356608721,0.374547797,5.461919456,14.58270346,0.718348342,-25.9376621
,,,,,,,1.441,,PEACH,144,peach 1441u.raw,3.39128475,2.546544446,2.4673745,-25.8620844,1.441,3.758303639,2.071619848,2.689876417,-25.56835382,1.553666667,1.553666667,0.01165776,0.265752742,0.039534782,0.655711539,2.743565722,45.50392359,16.58568746,2.454924597,-26.32373058
,,,,,,,1.31,,PEACH,145,peach 1310 eft ASH RED.raw,3.1629505,0.321426747,2.26009725,-25.74611088,1.31,3.758303639,2.071619848,2.689876417,-25.56835382,1.553666667,1.553666667,0.01165776,0.265752742,0.036872916,0.600627041,2.814726434,45.84939247,16.28911141,0.229806899,-26.20775706
4,2,BCD,top,,1,A4,7.129,1,,146,EliseLabSoil_tray1_4.raw,6.5199915,158.3815402,6.4772795,-27.60524553,7.129,3.758303639,2.071619848,2.689876417,-25.56835382,1.553666667,1.553666667,0.01165776,0.265752742,0.076008493,1.721354788,1.066187304,24.1458099,22.64687433,158.2899203,-28.0668917
5,2,BCD,middle,14.54183267,1,A5,7.483,1,,147,EliseLabSoil_tray1_5.raw,2.7969715,53.36249923,1.900776875,-25.09372374,7.483,3.758303639,2.071619848,2.689876417,-25.56835382,1.553666667,1.553666667,0.01165776,0.265752742,0.032606421,0.505136666,0.435739959,6.750456587,15.49193837,53.27087938,-25.55536991
6,2,BCD,bottom,,1,A6,7.616,1,,148,EliseLabSoil_tray1_6.raw,2.15183175,2.573104134,1.327128875,-24.93353747,7.616,3.758303639,2.071619848,2.689876417,-25.56835382,1.553666667,1.553666667,0.01165776,0.265752742,0.025085537,0.352688138,0.329379426,4.630884158,14.05942144,2.481484286,-25.39518364
7,3,BCD,top,,1,A7,6.132,1,,149,EliseLabSoil_tray1_7.raw,4.7044805,169.5213214,4.0359515,-24.53949234,6.132,3.758303639,2.071619848,2.689876417,-25.56835382,1.553666667,1.553666667,0.01165776,0.265752742,0.054843702,1.072565178,0.89438523,17.49127817,19.55676099,169.4297016,-25.00113852
8,3,BCD,middle,21.51394422,1,A8,7.214,1,,150,EliseLabSoil_tray1_8.raw,4.2313495,10.90986051,2.94318375,-26.85895794,7.214,3.758303639,2.071619848,2.689876417,-25.56835382,1.553666667,1.553666667,0.01165776,0.265752742,0.049328055,0.782159152,0.683782297,10.84223942,15.85627395,10.81824066,-27.32060412
9,3,BCD,bottom,,1,A9,7.789,1,,151,EliseLabSoil_tray1_9.raw,2.59888175,1.693261149,1.493147625,-24.95732814,7.789,3.758303639,2.071619848,2.689876417,-25.56835382,1.553666667,1.553666667,0.01165776,0.265752742,0.030297138,0.396808076,0.388973404,5.094467525,13.097213,1.6016413,-25.41897432
10,4,BCD,top,,1,A10,6.594,1,,152,EliseLabSoil_tray1_10.raw,5.5507065,55.97569984,4.9314725,-26.82182813,6.594,3.758303639,2.071619848,2.689876417,-25.56835382,1.553666667,1.553666667,0.01165776,0.265752742,0.064708802,1.310552339,0.981328503,19.87492173,20.25307699,55.88407999,-27.2834743
11,4,BCD,middle,22.31075697,1,A11,6.859,1,,153,EliseLabSoil_tray1_11.raw,4.209648,60.47446477,3.32568875,-25.22130277,6.859,3.758303639,2.071619848,2.689876417,-25.56835382,1.553666667,1.553666667,0.01165776,0.265752742,0.049075064,0.883810904,0.71548424,12.88541922,18.00936834,60.38284492,-25.68294894
12,4,BCD,bottom,,1,A12,7.065,1,,154,EliseLabSoil_tray1_12.raw,3.02267675,0.661124233,1.908250125,-25.54356708,7.065,3.758303639,2.071619848,2.689876417,-25.56835382,1.553666667,1.553666667,0.01165776,0.265752742,0.035237639,0.507122703,0.498763463,7.177957581,14.39150643,0.569504384,-26.00521326
13,5,BCD,top,,1,B1,6.204,1,,155,EliseLabSoil_tray1_13.raw,4.9101765,55.36910388,5.6065665,-28.02341908,6.204,3.758303639,2.071619848,2.689876417,-25.56835382,1.553666667,1.553666667,0.01165776,0.265752742,0.057241657,1.489960421,0.922657266,24.01612541,26.02930285,55.27748403,-28.48506525
14,5,BCD,middle,16.46825397,1,B2,7.186,1,,156,EliseLabSoil_tray1_14.raw,2.066360375,3.357233292,1.412505375,-25.57513264,7.186,3.758303639,2.071619848,2.689876417,-25.56835382,1.553666667,1.553666667,0.01165776,0.265752742,0.024089132,0.375377176,0.335223105,5.223729147,15.5828434,3.265613443,-26.03677881
15,5,BCD,bottom,,1,B3,6.566,1,,157,EliseLabSoil_tray1_15.raw,2.880961,0.860972757,2.002011625,-26.22621253,6.566,3.758303639,2.071619848,2.689876417,-25.56835382,1.553666667,1.553666667,0.01165776,0.265752742,0.033585551,0.532040079,0.511507013,8.102955815,15.84133864,0.769352909,-26.6878587
16,6,BCD,top,,1,B4,6.177,1,,158,EliseLabSoil_tray1_16.raw,4.658765,56.20055531,5.7606615,-29.35444611,6.177,3.758303639,2.071619848,2.689876417,-25.56835382,1.553666667,1.553666667,0.01165776,0.265752742,0.054310762,1.530911589,0.879241735,24.78406329,28.18799687,56.10893546,-29.81609228
17,6,BCD,middle,13.2,1,B5,6.636,1,,159,EliseLabSoil_tray1_17.raw,1.554733125,83.2718612,1.286763,-24.27705648,6.636,3.758303639,2.071619848,2.689876417,-25.56835382,1.553666667,1.553666667,0.01165776,0.265752742,0.018124705,0.341960796,0.273126957,5.153116268,18.86710972,83.18024136,-24.73870265
18,6,BCD,bottom,,1,B6,7.292,1,,160,EliseLabSoil_tray1_18.raw,1.361557375,2.012265478,0.787391813,-24.19857748,7.292,3.758303639,2.071619848,2.689876417,-25.56835382,1.553666667,1.553666667,0.01165776,0.265752742,0.015872708,0.209251533,0.217672908,2.86960413,13.18310192,1.92064563,-24.66022365
,,,,,,,1.224,,PEACH,161,peach 1224u.raw,2.98629125,1.913373639,2.132255,-25.64063445,1.224,3.758303639,2.071619848,2.689876417,-25.56835382,1.553666667,1.553666667,0.01165776,0.265752742,0.034813465,0.566652613,2.844237355,46.29514811,16.27682304,1.82175379,-26.10228063
22,2,BCW,top,,1,B10,6.963,1,,162,EliseLabSoil_tray1_22.raw,4.943116,155.2611773,4.5390095,-25.65342681,6.963,3.758303639,2.071619848,2.689876417,-25.56835382,1.553666667,1.553666667,0.01165776,0.265752742,0.057625658,1.206254221,0.827598127,17.32377166,20.93258925,155.1695575,-26.11507299
23,2,BCW,middle,19.68190855,1,B11,7.865,1,,163,EliseLabSoil_tray1_23.raw,3.58784575,93.27925539,2.8181485,-25.2085073,7.865,3.758303639,2.071619848,2.689876417,-25.56835382,1.553666667,1.553666667,0.01165776,0.265752742,0.041826243,0.748930691,0.531802199,9.522322838,17.90576057,93.18763554,-25.67015347
24,2,BCW,bottom,,1,B12,6.307,1,,164,EliseLabSoil_tray1_24.raw,2.20511175,2.023039916,1.502234875,-25.98261532,6.307,3.758303639,2.071619848,2.689876417,-25.56835382,1.553666667,1.553666667,0.01165776,0.265752742,0.025706662,0.399223037,0.407589385,6.329840449,15.52994433,1.931420067,-26.44426149
25,3,BCW,top,,1,C1,7.746,1,,165,EliseLabSoil_tray1_25.raw,7.1115185,800.7237952,5.8796825,-17.80335762,7.746,3.758303639,2.071619848,2.689876417,-25.56835382,1.553666667,1.553666667,0.01165776,0.265752742,0.082904372,1.562541746,1.070286244,20.17224046,18.84751914,800.6321754,-18.2650038
26,3,BCW,middle,12.35059761,1,C2,8.049,1,,166,EliseLabSoil_tray1_26.raw,2.315957,74.88069961,1.6630425,-24.12677364,8.049,3.758303639,2.071619848,2.689876417,-25.56835382,1.553666667,1.553666667,0.01165776,0.265752742,0.02699887,0.441958104,0.335431355,5.49084488,16.36950393,74.78907976,-24.58841981
27,3,BCW,bottom,,1,C3,7.891,1,,167,EliseLabSoil_tray1_27.raw,1.722862375,1.147091773,1.13083325,-24.69460397,7.891,3.758303639,2.071619848,2.689876417,-25.56835382,1.553666667,1.553666667,0.01165776,0.265752742,0.020084715,0.300522037,0.254526869,3.808415117,14.96272331,1.055471924,-25.15625015
28,4,BCW,top,,1,C4,6.321,1,,168,EliseLabSoil_tray1_28.raw,5.3556585,153.0643995,4.714076,-25.63287863,6.321,3.758303639,2.071619848,2.689876417,-25.56835382,1.553666667,1.553666667,0.01165776,0.265752742,0.062434979,1.252778623,0.987738947,19.8193106,20.06533271,152.9727796,-26.0945248
29,4,BCW,middle,21.82539683,1,C5,6.829,1,,169,EliseLabSoil_tray1_29.raw,4.1190255,102.2946515,3.101187,-24.38559885,6.829,3.758303639,2.071619848,2.689876417,-25.56835382,1.553666667,1.553666667,0.01165776,0.265752742,0.048018609,0.824148949,0.703157252,12.06836943,17.16311594,102.2030316,-24.84724502
30,4,BCW,bottom,,1,C6,6.404,1,,170,EliseLabSoil_tray1_30.raw,2.81128625,-0.194939292,1.784609625,-26.01699698,6.404,3.758303639,2.071619848,2.689876417,-25.56835382,1.553666667,1.553666667,0.01165776,0.265752742,0.032773299,0.474264901,0.511762945,7.405760481,14.47107601,-0.286559141,-26.47864315
31,5,BCW,top,,1,C7,6.379,1,,171,EliseLabSoil_tray1_31.raw,4.8465125,266.9224358,5.8598805,-26.25883145,6.379,3.758303639,2.071619848,2.689876417,-25.56835382,1.553666667,1.553666667,0.01165776,0.265752742,0.056499477,1.557279311,0.885710569,24.41259305,27.56272071,266.8308159,-26.72047762
32,5,BCW,middle,14.71172962,1,C8,7.441,1,,172,EliseLabSoil_tray1_32.raw,2.48278125,47.25901005,2.00918825,-25.29451596,7.441,3.758303639,2.071619848,2.689876417,-25.56835382,1.553666667,1.553666667,0.01165776,0.265752742,0.028943667,0.533947287,0.388975497,7.175746359,18.44781076,47.1673902,-25.75616213
33,5,BCW,bottom,,1,C9,7.278,1,,173,EliseLabSoil_tray1_33.raw,3.3239535,0.652789267,2.15835525,-26.2263519,7.278,3.758303639,2.071619848,2.689876417,-25.56835382,1.553666667,1.553666667,0.01165776,0.265752742,0.038749851,0.573588826,0.532424437,7.881132535,14.80234938,0.561169419,-26.68799807
34,6,BCW,top,,1,C10,6.337,1,,174,EliseLabSoil_tray1_34.raw,4.0713945,413.4534965,5.648402,-24.58963222,6.337,3.758303639,2.071619848,2.689876417,-25.56835382,1.553666667,1.553666667,0.01165776,0.265752742,0.047463338,1.501078319,0.748987501,23.68752279,31.62605884,413.3618767,-25.0512784
35,6,BCW,middle,13.8,1,C11,6.974,1,,175,EliseLabSoil_tray1_35.raw,2.1654245,71.37833835,1.64584575,-24.1328456,6.974,3.758303639,2.071619848,2.689876417,-25.56835382,1.553666667,1.553666667,0.01165776,0.265752742,0.025243998,0.437388021,0.361973015,6.271695167,17.32641636,71.2867185,-24.59449177
36,6,BCW,bottom,,1,C12,6.116,1,,176,EliseLabSoil_tray1_36.raw,1.440859625,1.036554249,0.958352813,-24.68570907,6.116,3.758303639,2.071619848,2.689876417,-25.56835382,1.553666667,1.553666667,0.01165776,0.265752742,0.016797195,0.254684888,0.274643476,4.164239498,15.16234631,0.944934401,-25.14735525
,,,,,,,1.342,,PEACH,177,peach 1342u.raw,3.27444875,1.970194054,2.327599,-25.85282246,1.342,3.758303639,2.071619848,2.689876417,-25.56835382,1.553666667,1.553666667,0.01165776,0.265752742,0.038172736,0.618565816,2.844466175,46.09283282,16.20438774,1.878574205,-26.31446863
40,2,BUD,top,,1,D4,6.452,1,,178,EliseLabSoil_tray1_40.raw,5.950194,139.2431094,4.9376135,-26.28429058,6.452,3.758303639,2.071619848,2.689876417,-25.56835382,1.553666667,1.553666667,0.01165776,0.265752742,0.069365931,1.312184326,1.07510742,20.3376368,18.91684164,139.1514896,-26.74593676
41,2,BUD,middle,13.88888889,1,D5,7.018,1,,179,EliseLabSoil_tray1_41.raw,2.23028075,174.738473,1.683242875,-21.37426553,7.018,3.758303639,2.071619848,2.689876417,-25.56835382,1.553666667,1.553666667,0.01165776,0.265752742,0.026000077,0.447326409,0.370477011,6.373987026,17.20481119,174.6468532,-21.83591171
42,2,BUD,bottom,,1,D6,6.954,1,,180,EliseLabSoil_tray1_42.raw,1.116923375,2.705493323,0.637295125,-23.74110971,6.954,3.758303639,2.071619848,2.689876417,-25.56835382,1.553666667,1.553666667,0.01165776,0.265752742,0.013020824,0.169362927,0.187242222,2.435474934,13.00708201,2.613873475,-24.20275588
43,3,BUD,top,,1,D7,6.042,1,,181,EliseLabSoil_tray1_43.raw,4.4026015,192.1115447,3.882729,-24.27211757,6.042,3.758303639,2.071619848,2.689876417,-25.56835382,1.553666667,1.553666667,0.01165776,0.265752742,0.05132447,1.031845878,0.849461594,17.0778861,20.10436518,192.0199248,-24.73376374
44,3,BUD,middle,14.77045908,1,D8,6.831,1,,182,EliseLabSoil_tray1_44.raw,2.200921,27.30277787,1.606018625,-25.04633901,6.831,3.758303639,2.071619848,2.689876417,-25.56835382,1.553666667,1.553666667,0.01165776,0.265752742,0.025657808,0.426803853,0.37560837,6.248043526,16.634463,27.21115803,-25.50798518
45,3,BUD,bottom,,1,D9,7.137,1,,183,EliseLabSoil_tray1_45.raw,2.093896125,1.626343782,1.339478,-25.32994147,7.137,3.758303639,2.071619848,2.689876417,-25.56835382,1.553666667,1.553666667,0.01165776,0.265752742,0.024410137,0.355969951,0.342022383,4.987669207,14.58287368,1.534723934,-25.79158764
46,4,BUD,top,,1,D10,6.845,1,,184,EliseLabSoil_tray1_46.raw,6.1656485,267.8106851,5.3465125,-24.06092672,6.845,3.758303639,2.071619848,2.689876417,-25.56835382,1.553666667,1.553666667,0.01165776,0.265752742,0.071877647,1.420850357,1.0500752,20.75749243,19.76762467,267.7190653,-24.5225729
47,4,BUD,middle,16.2,1,D11,6.277,1,,185,EliseLabSoil_tray1_47.raw,2.870677,44.93651667,2.233855,-24.80178814,6.277,3.758303639,2.071619848,2.689876417,-25.56835382,1.553666667,1.553666667,0.01165776,0.265752742,0.033465662,0.593653091,0.533147397,9.457592663,17.73917066,44.84489682,-25.26343431
48,4,BUD,bottom,,1,D12,8.039,1,,186,EliseLabSoil_tray1_48.raw,2.15484225,1.971038779,1.359150125,-25.29002367,8.039,3.758303639,2.071619848,2.689876417,-25.56835382,1.553666667,1.553666667,0.01165776,0.265752742,0.025120633,0.361197872,0.312484547,4.493069691,14.37853402,1.879418931,-25.75166984
49,5,BUD,top,,1,E1,6.121,1,,187,EliseLabSoil_tray1_49.raw,4.2615415,215.9716353,6.076103,-25.76240625,6.121,3.758303639,2.071619848,2.689876417,-25.56835382,1.553666667,1.553666667,0.01165776,0.265752742,0.049680026,1.614741033,0.81163251,26.38034689,32.50282184,215.8800154,-26.22405242
50,5,BUD,middle,14.74103586,1,E2,7.526,1,,188,EliseLabSoil_tray1_50.raw,2.9613475,77.90982538,2.13725275,-24.51916137,7.526,3.758303639,2.071619848,2.689876417,-25.56835382,1.553666667,1.553666667,0.01165776,0.265752742,0.034522677,0.567980779,0.458712158,7.546914412,16.45239675,77.81820554,-24.98080754
51,5,BUD,bottom,,1,E3,7.776,1,,189,EliseLabSoil_tray1_51.raw,2.087260625,1.433262668,1.320102875,-25.31969111,7.776,3.758303639,2.071619848,2.689876417,-25.56835382,1.553666667,1.553666667,0.01165776,0.265752742,0.024332782,0.350820959,0.312921584,4.511586403,14.4176261,1.34164282,-25.78133728
52,6,BUD,top,,1,E4,6.454,1,,190,EliseLabSoil_tray1_52.raw,5.08648,172.9480482,4.607539,-25.66385547,6.454,3.758303639,2.071619848,2.689876417,-25.56835382,1.553666667,1.553666667,0.01165776,0.265752742,0.059296961,1.224466123,0.918762947,18.97220519,20.64972826,172.8564284,-26.12550164
53,6,BUD,middle,19.72111554,1,E5,6.629,1,,191,EliseLabSoil_tray1_53.raw,3.9404935,94.78102179,3.50301275,-25.18562189,6.629,3.758303639,2.071619848,2.689876417,-25.56835382,1.553666667,1.553666667,0.01165776,0.265752742,0.045937326,0.930935244,0.692975194,14.04337371,20.26533394,94.68940194,-25.64726806
54,6,BUD,bottom,,1,E6,7.984,1,,192,EliseLabSoil_tray1_54.raw,3.84316125,-0.31800463,2.89428525,-26.15673475,7.984,3.758303639,2.071619848,2.689876417,-25.56835382,1.553666667,1.553666667,0.01165776,0.265752742,0.04480265,0.769164241,0.561155431,9.633820657,17.16782931,-0.409624478,-26.61838093
,,,,,,,1.391,,PEACH,193,peach 1391u.raw,3.36878175,1.93291068,2.409944,-25.7536046,1.391,3.758303639,2.071619848,2.689876417,-25.56835382,1.553666667,1.553666667,0.01165776,0.265752742,0.039272447,0.640449226,2.823324766,46.04235989,16.3078511,1.841290831,-26.21525078
58,2,BUW,top,,1,E10,6.942,1,,194,EliseLabSoil_tray1_58.raw,6.4940045,130.3393788,5.1297675,-26.80558416,6.942,3.758303639,2.071619848,2.689876417,-25.56835382,1.553666667,1.553666667,0.01165776,0.265752742,0.075705543,1.363249779,1.090543687,19.63770929,18.00726512,130.247759,-27.26723033
59,2,BUW,middle,11.02204409,1,E11,7.645,1,,195,EliseLabSoil_tray1_59.raw,1.96198725,23.97962454,1.349812375,-25.23819821,7.645,3.758303639,2.071619848,2.689876417,-25.56835382,1.553666667,1.553666667,0.01165776,0.265752742,0.022872376,0.35871634,0.299180844,4.692169259,15.683388,23.88800469,-25.69984439
60,2,BUW,bottom,,1,E12,7.943,1,,196,EliseLabSoil_tray1_60.raw,3.138865,0.254661632,1.9045205,-26.55315656,7.943,3.758303639,2.071619848,2.689876417,-25.56835382,1.553666667,1.553666667,0.01165776,0.265752742,0.036592133,0.506131545,0.46068404,6.372045135,13.83170368,0.163041784,-27.01480273
61,3,BUW,top,,1,F1,7.005,1,,197,EliseLabSoil_tray1_61.raw,6.132465,151.8986772,4.8543855,-25.67236968,7.005,3.758303639,2.071619848,2.689876417,-25.56835382,1.553666667,1.553666667,0.01165776,0.265752742,0.071490802,1.290066257,1.020568197,18.41636342,18.04520606,151.8070574,-26.13401586
62,3,BUW,middle,16.53386454,1,F2,8.029,1,,198,EliseLabSoil_tray1_62.raw,3.6769095,48.37276145,2.7671045,-25.92719555,8.029,3.758303639,2.071619848,2.689876417,-25.56835382,1.553666667,1.553666667,0.01165776,0.265752742,0.042864527,0.735365608,0.5338713,9.158869202,17.15557513,48.2811416,-26.38884173
63,3,BUW,bottom,,1,F3,7.693,1,,199,EliseLabSoil_tray1_63.raw,2.094281,0.532925979,1.311839875,-25.54145509,7.693,3.758303639,2.071619848,2.689876417,-25.56835382,1.553666667,1.553666667,0.01165776,0.265752742,0.024414624,0.348625044,0.317361553,4.531717715,14.27935324,0.441306131,-26.00310127
64,4,BUW,top,,1,F4,6.413,1,,200,EliseLabSoil_tray1_64.raw,5.5628185,69.57140667,5.088244,-27.30544276,6.413,3.758303639,2.071619848,2.689876417,-25.56835382,1.553666667,1.553666667,0.01165776,0.265752742,0.06485,1.352214795,1.011227199,21.0855262,20.85142311,69.47978682,-27.76708893
65,4,BUW,middle,17.1314741,1,F5,7.229,1,,201,EliseLabSoil_tray1_65.raw,2.83069575,31.33758835,1.973547375,-25.37167812,7.229,3.758303639,2.071619848,2.689876417,-25.56835382,1.553666667,1.553666667,0.01165776,0.265752742,0.03299957,0.524475626,0.45648873,7.255161521,15.89340775,31.2459685,-25.8333243
66,4,BUW,bottom,,1,F6,8.352,1,,202,EliseLabSoil_tray1_66.raw,1.250732125,2.954184494,0.682806563,-23.6568059,8.352,3.758303639,2.071619848,2.689876417,-25.56835382,1.553666667,1.553666667,0.01165776,0.265752742,0.014580734,0.181457716,0.174577758,2.172625913,12.44503275,2.862564646,-24.11845207
67,5,BUW,top,,1,F7,6.389,1,,203,EliseLabSoil_tray1_67.raw,3.3663875,385.6935441,4.359223,-22.36757574,6.389,3.758303639,2.071619848,2.689876417,-25.56835382,1.553666667,1.553666667,0.01165776,0.265752742,0.039244536,1.158475465,0.614251618,18.13234411,29.51940795,385.6019242,-22.82922192
68,5,BUW,middle,22.35528942,1,F8,6.242,1,,204,EliseLabSoil_tray1_68.raw,4.575041,93.31121954,3.77665675,-24.74189741,6.242,3.758303639,2.071619848,2.689876417,-25.56835382,1.553666667,1.553666667,0.01165776,0.265752742,0.053334728,1.003656887,0.854449339,16.07909143,18.81807463,93.21959969,-25.20354358
69,5,BUW,bottom,,1,F9,6.417,1,,205,EliseLabSoil_tray1_69.raw,1.734207875,0.649051178,1.13824525,-24.47005646,6.417,3.758303639,2.071619848,2.689876417,-25.56835382,1.553666667,1.553666667,0.01165776,0.265752742,0.020216978,0.302491796,0.315053426,4.713912985,14.96226543,0.557431329,-24.93170263
70,6,BUW,top,,1,F10,6.014,1,,206,EliseLabSoil_tray1_70.raw,3.594066,223.4439882,5.0650085,-25.4194841,6.014,3.758303639,2.071619848,2.689876417,-25.56835382,1.553666667,1.553666667,0.01165776,0.265752742,0.041898757,1.346039897,0.696687015,22.38177414,32.12601018,223.3523684,-25.88113028
71,6,BUW,middle,13.6,1,F11,6.591,1,,207,EliseLabSoil_tray1_71.raw,1.882141125,63.87724513,1.45080025,-24.62893104,6.591,3.758303639,2.071619848,2.689876417,-25.56835382,1.553666667,1.553666667,0.01165776,0.265752742,0.021941549,0.385554145,0.332901663,5.849706335,17.57187478,63.78562528,-25.09057722
72,6,BUW,bottom,,1,F12,6.256,1,,208,EliseLabSoil_tray1_72.raw,1.517729875,1.045997651,1.008710313,-24.93922295,6.256,3.758303639,2.071619848,2.689876417,-25.56835382,1.553666667,1.553666667,0.01165776,0.265752742,0.01769333,0.268067531,0.282821769,4.284966934,15.15076772,0.954377802,-25.40086912
,,,,,,,1.493,,PEACH,209,peach 1493u.raw,3.59625425,2.052820159,2.5769475,-25.8013981,1.493,3.758303639,2.071619848,2.689876417,-25.56835382,1.553666667,1.553666667,0.01165776,0.265752742,0.041924267,0.684830864,2.808055405,45.86944836,16.33495133,1.961200311,-26.26304428
76,2,SCD,top,,1,G4,6.906,1,,210,EliseLabSoil_tray1_76.raw,6.69316,219.009217,5.693672,-25.38835744,6.906,3.758303639,2.071619848,2.689876417,-25.56835382,1.553666667,1.553666667,0.01165776,0.265752742,0.07802725,1.513108946,1.129847229,21.91006293,19.39205793,218.9175971,-25.85000361
77,2,SCD,middle,17.1314741,1,G5,8.344,1,,211,EliseLabSoil_tray1_77.raw,3.13915075,59.93609315,2.372085,-25.24005873,8.344,3.758303639,2.071619848,2.689876417,-25.56835382,1.553666667,1.553666667,0.01165776,0.265752742,0.036595465,0.630388093,0.438584186,7.554986733,17.22585302,59.8444733,-25.70170491
78,2,SCD,bottom,,1,G6,6.674,1,,212,EliseLabSoil_tray1_78.raw,1.956583375,1.46529432,1.261939375,-24.99003218,6.674,3.758303639,2.071619848,2.689876417,-25.56835382,1.553666667,1.553666667,0.01165776,0.265752742,0.022809378,0.335363849,0.341764736,5.024930314,14.70289293,1.373674471,-25.45167835
79,3,SCD,top,,1,G7,6.572,1,,213,EliseLabSoil_tray1_79.raw,6.384729,183.1716475,6.3489615,-27.14602424,6.572,3.758303639,2.071619848,2.689876417,-25.56835382,1.553666667,1.553666667,0.01165776,0.265752742,0.074431635,1.687253927,1.132556836,25.67337078,22.66850543,183.0800276,-27.60767042
80,3,SCD,middle,13.57285429,1,G8,7.645,1,,214,EliseLabSoil_tray1_80.raw,2.18985375,22.40517352,1.51085325,-25.41223382,7.645,3.758303639,2.071619848,2.689876417,-25.56835382,1.553666667,1.553666667,0.01165776,0.265752742,0.025528788,0.401513394,0.333927906,5.25197376,15.72786722,22.31355367,-25.87388
81,3,SCD,bottom,,1,G9,7.905,1,,215,EliseLabSoil_tray1_81.raw,2.12666475,1.397393468,1.3016475,-24.96577424,7.905,3.758303639,2.071619848,2.689876417,-25.56835382,1.553666667,1.553666667,0.01165776,0.265752742,0.024792146,0.345916392,0.313626138,4.37591894,13.95266022,1.30577362,-25.42742042
82,4,SCD,top,,1,G10,6.428,1,,216,EliseLabSoil_tray1_82.raw,5.8338,83.48507928,5.548554,-27.78208404,6.428,3.758303639,2.071619848,2.689876417,-25.56835382,1.553666667,1.553666667,0.01165776,0.265752742,0.068009037,1.47454344,1.058012406,22.93938145,21.68158079,83.39345943,-28.24373022
83,4,SCD,middle,26.94610778,1,G11,7.729,1,,217,EliseLabSoil_tray1_83.raw,3.54545325,65.65497527,2.8535875,-24.83115888,7.729,3.758303639,2.071619848,2.689876417,-25.56835382,1.553666667,1.553666667,0.01165776,0.265752742,0.041332041,0.758348703,0.534765705,9.811731176,18.34771954,65.56335542,-25.29280506
84,4,SCD,bottom,,1,G12,6.602,1,,218,EliseLabSoil_tray1_84.raw,2.016906375,-0.016148015,1.37106125,-25.47535363,6.602,3.758303639,2.071619848,2.689876417,-25.56835382,1.553666667,1.553666667,0.01165776,0.265752742,0.023512609,0.364363287,0.356143736,5.518983439,15.49650569,-0.107767864,-25.9369998
85,5,SCD,top,,1,H1,6.408,1,,219,EliseLabSoil_tray1_85.raw,5.132908,286.3301219,5.1948575,-24.03186401,6.408,3.758303639,2.071619848,2.689876417,-25.56835382,1.553666667,1.553666667,0.01165776,0.265752742,0.059838207,1.380547625,0.93380473,21.54412648,23.07134008,286.238502,-24.49351018
86,5,SCD,middle,30.33932136,1,H2,6.974,1,,220,EliseLabSoil_tray1_86.raw,4.4807815,114.9784996,4.4845485,-24.88410698,6.974,3.758303639,2.071619848,2.689876417,-25.56835382,1.553666667,1.553666667,0.01165776,0.265752742,0.052235873,1.19178106,0.749008792,17.08891684,22.8153755,114.8868797,-25.34575316
87,5,SCD,bottom,,1,H3,8.154,1,,221,EliseLabSoil_tray1_87.raw,3.15385025,0.28937707,2.23686575,-26.11429558,8.154,3.758303639,2.071619848,2.689876417,-25.56835382,1.553666667,1.553666667,0.01165776,0.265752742,0.036766828,0.594453207,0.450905418,7.2903263,16.16819407,0.197757221,-26.57594175
88,6,SCD,top,,1,H4,6.283,1,,222,EliseLabSoil_tray1_88.raw,6.456901,167.3426863,6.442256,-27.22044171,6.283,3.758303639,2.071619848,2.689876417,-25.56835382,1.553666667,1.553666667,0.01165776,0.265752742,0.075272999,1.712047197,1.198042321,27.24888105,22.74450624,167.2510665,-27.68208789
89,6,SCD,middle,17,1,H5,8.54,1,,223,EliseLabSoil_tray1_89.raw,3.9576495,77.98262505,3.2319485,-25.20278944,8.54,3.758303639,2.071619848,2.689876417,-25.56835382,1.553666667,1.553666667,0.01165776,0.265752742,0.046137326,0.858899176,0.54024972,10.0573674,18.6161455,77.8910052,-25.66443562
90,6,SCD,bottom,,1,H6,7.183,1,,224,EliseLabSoil_tray1_90.raw,1.8011985,1.546994398,1.15503125,-24.61723018,7.183,3.758303639,2.071619848,2.689876417,-25.56835382,1.553666667,1.553666667,0.01165776,0.265752742,0.020997939,0.306952722,0.29232826,4.273322035,14.61823099,1.455374549,-25.07887635
,,,,,,,1.447,,PEACH,225,peach 1447u.raw,3.4615535,2.048541395,2.47853425,-25.81574086,1.447,3.758303639,2.071619848,2.689876417,-25.56835382,1.553666667,1.553666667,0.01165776,0.265752742,0.040353958,0.658677273,2.788801537,45.52019855,16.32249479,1.956921547,-26.27738703
94,2,SCW,top,,1,H10,6.181,1,,226,EliseLabSoil_tray1_94.raw,6.673539,101.2333128,5.9930005,-27.4152109,6.181,3.758303639,2.071619848,2.689876417,-25.56835382,1.553666667,1.553666667,0.01165776,0.265752742,0.077798513,1.592656316,1.258671942,25.76696838,20.47155221,101.141693,-27.87685708
95,2,SCW,middle,18.29025845,1,H11,6.168,1,,227,EliseLabSoil_tray1_95.raw,2.76358875,74.31167578,2.13282975,-24.65191283,6.168,3.758303639,2.071619848,2.689876417,-25.56835382,1.553666667,1.553666667,0.01165776,0.265752742,0.032217253,0.566805354,0.522329005,9.189451269,17.59322415,74.22005593,-25.113559
96,2,SCW,bottom,,1,H12,6.552,1,,228,EliseLabSoil_tray1_96.raw,2.8945385,0.624744735,1.814782,-25.33983232,6.552,3.758303639,2.071619848,2.689876417,-25.56835382,1.553666667,1.553666667,0.01165776,0.265752742,0.033743834,0.482283293,0.515015777,7.360856114,14.29248663,0.533124886,-25.8014785
97,3,SCW,top,,2,A1,7.072,1,,232,EliseLabSoil_tray2_1.raw,6.816676,233.2615602,5.5334765,-24.83422042,7.072,3.758303639,2.071619848,2.689876417,-25.56835382,1.553666667,1.553666667,0.01165776,0.265752742,0.079467169,1.470536553,1.123687351,20.79378609,18.50495698,233.1699404,-25.2958666
98,3,SCW,middle,17.16981132,2,A2,8.144,1,,233,EliseLabSoil_tray2_2.raw,2.15972575,40.00954505,1.558115125,-24.95047874,8.144,3.758303639,2.071619848,2.689876417,-25.56835382,1.553666667,1.553666667,0.01165776,0.265752742,0.025177563,0.414073367,0.309154757,5.084397922,16.44612547,39.9179252,-25.41212491
99,3,SCW,bottom,,2,A3,8.498,1,,234,EliseLabSoil_tray2_3.raw,1.21799825,2.88103934,0.670868313,-23.82958046,8.498,3.758303639,2.071619848,2.689876417,-25.56835382,1.553666667,1.553666667,0.01165776,0.265752742,0.014199131,0.178285094,0.167087911,2.097965328,12.55605695,2.789419492,-24.29122664
100,4,SCW,top,,2,A4,6.118,1,,235,EliseLabSoil_tray2_4.raw,5.3152565,160.6525305,6.3092005,-26.93514142,6.118,3.758303639,2.071619848,2.689876417,-25.56835382,1.553666667,1.553666667,0.01165776,0.265752742,0.061963982,1.676687333,1.012814352,27.40580799,27.05906363,160.5609106,-27.3967876
101,4,SCW,middle,20.95808383,2,A5,7.763,1,,236,EliseLabSoil_tray2_5.raw,3.67287275,88.65700818,2.98193325,-25.59941654,7.763,3.758303639,2.071619848,2.689876417,-25.56835382,1.553666667,1.553666667,0.01165776,0.265752742,0.042817467,0.792456938,0.551558254,10.2081275,18.50779573,88.56538833,-26.06106271
102,4,SCW,bottom,,2,A6,6.648,1,,237,EliseLabSoil_tray2_6.raw,0.940779313,2.640457928,0.515495156,-22.37114922,6.648,3.758303639,2.071619848,2.689876417,-25.56835382,1.553666667,1.553666667,0.01165776,0.265752742,0.010967379,0.136994251,0.164972608,2.060683683,12.49106569,2.548838079,-22.83279539
103,5,SCW,top,,2,A7,7.686,1,,238,EliseLabSoil_tray2_7.raw,6.4346975,237.0142755,5.9463845,-25.65108078,7.686,3.758303639,2.071619848,2.689876417,-25.56835382,1.553666667,1.553666667,0.01165776,0.265752742,0.075014156,1.580267986,0.975984335,20.5603433,21.06626362,236.9226556,-26.11272695
104,5,SCW,middle,14.97005988,2,A8,8.074,1,,239,EliseLabSoil_tray2_8.raw,3.3226285,96.07453894,2.57734375,-24.41115539,8.074,3.758303639,2.071619848,2.689876417,-25.56835382,1.553666667,1.553666667,0.01165776,0.265752742,0.038734404,0.684936169,0.479742433,8.48323221,17.68288905,95.98291909,-24.87280156
105,5,SCW,bottom,,2,A9,6.065,1,,240,EliseLabSoil_tray2_9.raw,2.25703125,0.500966767,1.382534125,-25.67010072,6.065,3.758303639,2.071619848,2.689876417,-25.56835382,1.553666667,1.553666667,0.01165776,0.265752742,0.026311928,0.367412235,0.433832276,6.057909886,13.96371415,0.409346918,-26.1317469
106,6,SCW,top,,2,A10,6.119,1,,241,EliseLabSoil_tray2_10.raw,5.876438,339.1886275,6.5307605,-24.07522629,6.119,3.758303639,2.071619848,2.689876417,-25.56835382,1.553666667,1.553666667,0.01165776,0.265752742,0.068506101,1.73556751,1.119563671,28.36358082,25.33449554,339.0970076,-24.53687246
107,6,SCW,middle,18.4,2,A11,7.168,1,,242,EliseLabSoil_tray2_11.raw,3.10361725,80.853675,2.50172975,-24.99212284,7.168,3.758303639,2.071619848,2.689876417,-25.56835382,1.553666667,1.553666667,0.01165776,0.265752742,0.036181224,0.664841541,0.504760373,9.275133102,18.37531946,80.76205515,-25.45376901
108,6,SCW,bottom,,2,A12,7.831,1,,243,EliseLabSoil_tray2_12.raw,2.027484875,9.404516643,1.340008125,-25.17897534,7.831,3.758303639,2.071619848,2.689876417,-25.56835382,1.553666667,1.553666667,0.01165776,0.265752742,0.023635931,0.356110834,0.301825196,4.547450307,15.06650329,9.312896795,-25.64062152
,,,,,,,2.041,,PEACH,244,peach 2041u.raw,4.995416,2.444309493,3.59498575,-24.96233262,2.041,3.758303639,2.071619848,2.689876417,-25.56835382,1.553666667,1.553666667,0.01165776,0.265752742,0.058235358,0.95537732,2.853275767,46.80927587,16.40545103,2.352689645,-25.42397879
112,2,SUD,top,,2,B4,6.872,1,,245,EliseLabSoil_tray2_16.raw,5.497385,240.2069715,5.585459,-24.20657987,6.872,3.758303639,2.071619848,2.689876417,-25.56835382,1.553666667,1.553666667,0.01165776,0.265752742,0.064087192,1.484351045,0.932584288,21.5999861,23.16143041,240.1153516,-24.66822605
113,2,SUD,middle,15.53784861,2,B5,6.672,1,,246,EliseLabSoil_tray2_17.raw,2.1353145,26.62900472,1.566653625,-24.41321477,6.672,3.758303639,2.071619848,2.689876417,-25.56835382,1.553666667,1.553666667,0.01165776,0.265752742,0.024892983,0.416342497,0.373096267,6.240145333,16.72529555,26.53738487,-24.87486095
114,2,SUD,bottom,,2,B6,6.113,1,,247,EliseLabSoil_tray2_18.raw,2.049021,10.03910461,1.3269975,-24.96988548,6.113,3.758303639,2.071619848,2.689876417,-25.56835382,1.553666667,1.553666667,0.01165776,0.265752742,0.023886994,0.352653224,0.390757305,5.768906007,14.763399,9.947484758,-25.43153166
115,3,SUD,top,,2,B7,6.792,1,,248,EliseLabSoil_tray2_19.raw,6.911443,190.5035492,5.958249,-24.23672707,6.792,3.758303639,2.071619848,2.689876417,-25.56835382,1.553666667,1.553666667,0.01165776,0.265752742,0.08057194,1.583421009,1.186277096,23.31303017,19.65226358,190.4119294,-24.69837324
116,3,SUD,middle,14.31411531,2,B8,7.329,1,,249,EliseLabSoil_tray2_20.raw,2.53415025,68.86295828,1.78611,-24.24338925,7.329,3.758303639,2.071619848,2.689876417,-25.56835382,1.553666667,1.553666667,0.01165776,0.265752742,0.029542514,0.47466363,0.403090656,6.476512894,16.06713725,68.77133844,-24.70503542
117,3,SUD,bottom,,2,B9,7.214,1,,250,EliseLabSoil_tray2_21.raw,1.10296625,24.03371875,0.640136188,-25.03582817,7.214,3.758303639,2.071619848,2.689876417,-25.56835382,1.553666667,1.553666667,0.01165776,0.265752742,0.012858115,0.170117947,0.17823836,2.358163946,13.23039522,23.9420989,-25.49747435
118,4,SUD,top,,2,B10,7.133,1,,251,EliseLabSoil_tray2_22.raw,6.285136,235.0361245,5.649947,-23.1788725,7.133,3.758303639,2.071619848,2.689876417,-25.56835382,1.553666667,1.553666667,0.01165776,0.265752742,0.073270604,1.501488907,1.027206,21.04989356,20.49237792,234.9445046,-23.64051867
119,4,SUD,middle,13,2,B11,6.053,1,,252,EliseLabSoil_tray2_23.raw,2.51963225,25.87846109,1.811086625,-25.08879026,6.053,3.758303639,2.071619848,2.689876417,-25.56835382,1.553666667,1.553666667,0.01165776,0.265752742,0.029373267,0.481301237,0.485267914,7.951449472,16.38568973,25.78684124,-25.55043644
120,4,SUD,bottom,,2,B12,6.643,1,,253,EliseLabSoil_tray2_24.raw,1.9507005,14.61776887,1.399916375,-25.47457262,6.643,3.758303639,2.071619848,2.689876417,-25.56835382,1.553666667,1.553666667,0.01165776,0.265752742,0.022740797,0.372031615,0.342327221,5.60035549,16.35965574,14.52614902,-25.93621879
121,5,SUD,top,,2,C1,6.382,1,,254,EliseLabSoil_tray2_25.raw,5.567976,238.430736,5.441501,-23.90027802,6.382,3.758303639,2.071619848,2.689876417,-25.56835382,1.553666667,1.553666667,0.01165776,0.265752742,0.064910125,1.446093811,1.017081247,22.65894408,22.27840121,238.3391162,-24.3619242
122,5,SUD,middle,19.92031873,2,C2,6.393,1,,255,EliseLabSoil_tray2_26.raw,3.0079745,58.65944671,2.70137925,-24.45247836,6.393,3.758303639,2.071619848,2.689876417,-25.56835382,1.553666667,1.553666667,0.01165776,0.265752742,0.035066243,0.717898943,0.548509985,11.2294532,20.47265046,58.56782687,-24.91412454
123,5,SUD,bottom,,2,C3,6.271,1,,256,EliseLabSoil_tray2_27.raw,2.21973375,12.56068077,1.572625875,-24.81801104,6.271,3.758303639,2.071619848,2.689876417,-25.56835382,1.553666667,1.553666667,0.01165776,0.265752742,0.025877122,0.417929638,0.41264746,6.664481556,16.15054543,12.46906092,-25.27965722
124,6,SUD,top,,2,C4,6.418,1,,257,EliseLabSoil_tray2_28.raw,5.810816,391.8433212,6.687015,-22.59766887,6.418,3.758303639,2.071619848,2.689876417,-25.56835382,1.553666667,1.553666667,0.01165776,0.265752742,0.067741096,1.777092572,1.055486063,27.68919557,26.23359659,391.7517013,-23.05931504
125,6,SUD,middle,17.1314741,2,C5,7.477,1,,258,EliseLabSoil_tray2_29.raw,3.2525105,30.87195416,2.5418505,-25.71619781,7.477,3.758303639,2.071619848,2.689876417,-25.56835382,1.553666667,1.553666667,0.01165776,0.265752742,0.037916985,0.67550374,0.507114956,9.034422096,17.81533358,30.78033431,-26.17784398
126,6,SUD,bottom,,2,C6,8.348,1,,259,EliseLabSoil_tray2_30.raw,2.020772125,15.77130582,1.36195625,-24.60031699,8.348,3.758303639,2.071619848,2.689876417,-25.56835382,1.553666667,1.553666667,0.01165776,0.265752742,0.023557675,0.361943608,0.282195442,4.335692476,15.36414781,15.67968597,-25.06196317
,,,,,,,2.361,,PEACH,260,peach 2361u.raw,5.840347,3.233605543,4.11042,-24.73132818,2.361,3.758303639,2.071619848,2.689876417,-25.56835382,1.553666667,1.553666667,0.01165776,0.265752742,0.068085361,1.092355386,2.883750987,46.26664065,16.04390978,3.141985695,-25.19297436
130,2,SUW,top,,2,C10,6.139,1,,261,EliseLabSoil_tray2_34.raw,5.093884,318.0206796,5.1462035,-23.12611021,6.139,3.758303639,2.071619848,2.689876417,-25.56835382,1.553666667,1.553666667,0.01165776,0.265752742,0.059383275,1.367617691,0.967311853,22.27753202,23.03035154,317.9290597,-23.58775638
131,2,SUW,middle,16.46586345,2,C11,7.288,1,,262,EliseLabSoil_tray2_35.raw,2.468941,36.63564118,2.17529775,-25.25907167,7.288,3.758303639,2.071619848,2.689876417,-25.56835382,1.553666667,1.553666667,0.01165776,0.265752742,0.02878232,0.578091342,0.394927558,7.932098541,20.08494566,36.54402133,-25.72071784
132,2,SUW,bottom,,2,C12,6.319,1,,263,EliseLabSoil_tray2_36.raw,1.6201875,4.609399762,1.036782938,-25.27278723,6.319,3.758303639,2.071619848,2.689876417,-25.56835382,1.553666667,1.553666667,0.01165776,0.265752742,0.018887756,0.275527908,0.298904198,4.360308727,14.58764635,4.517779914,-25.73443341
133,3,SUW,top,,2,D1,6.253,1,,264,EliseLabSoil_tray2_37.raw,6.182669,468.1008793,6.0099215,-21.12214319,6.253,3.758303639,2.071619848,2.689876417,-25.56835382,1.553666667,1.553666667,0.01165776,0.265752742,0.072076068,1.597153118,1.152663815,25.54218963,22.15927081,468.0092594,-21.58378936
134,3,SUW,middle,27.65531062,2,D2,6.925,1,,265,EliseLabSoil_tray2_38.raw,5.2917095,23.51627356,4.031094,-26.06569921,6.925,3.758303639,2.071619848,2.689876417,-25.56835382,1.553666667,1.553666667,0.01165776,0.265752742,0.061689477,1.071274284,0.890822769,15.46966475,17.36559199,23.42465371,-26.52734538
135,3,SUW,bottom,,2,D3,6.944,1,,266,EliseLabSoil_tray2_39.raw,2.33323925,15.95203146,1.553387875,-25.68477555,6.944,3.758303639,2.071619848,2.689876417,-25.56835382,1.553666667,1.553666667,0.01165776,0.265752742,0.027200342,0.412817087,0.391709995,5.944946532,15.17690793,15.86041161,-26.14642172
136,4,SUW,top,,2,D4,6.441,1,,267,EliseLabSoil_tray2_40.raw,6.626534,214.0764908,5.587265,-23.72654253,6.441,3.758303639,2.071619848,2.689876417,-25.56835382,1.553666667,1.553666667,0.01165776,0.265752742,0.07725054,1.484830994,1.199356308,23.05280227,19.22097889,213.984871,-24.1881887
137,4,SUW,middle,15.30815109,2,D5,7.445,1,,268,EliseLabSoil_tray2_41.raw,2.52637325,67.66324585,2.036708375,-24.64748727,7.445,3.758303639,2.071619848,2.689876417,-25.56835382,1.553666667,1.553666667,0.01165776,0.265752742,0.029451852,0.541260835,0.395592368,7.27012539,18.37782015,67.571626,-25.10913344
138,4,SUW,bottom,,2,D6,7.084,1,,269,EliseLabSoil_tray2_42.raw,1.105903375,14.92129181,0.659769625,-25.46390197,7.084,3.758303639,2.071619848,2.689876417,-25.56835382,1.553666667,1.553666667,0.01165776,0.265752742,0.012892356,0.175335587,0.181992597,2.475092983,13.59996516,14.82967197,-25.92554815
139,5,SUW,top,,2,D7,6.192,1,,270,EliseLabSoil_tray2_43.raw,5.6823125,127.5531858,4.8768975,-25.15471482,6.192,3.758303639,2.071619848,2.689876417,-25.56835382,1.553666667,1.553666667,0.01165776,0.265752742,0.066243033,1.296048883,1.069816418,20.93102201,19.56505963,127.4615659,-25.616361
140,5,SUW,middle,22.8,2,D8,6.428,1,,271,EliseLabSoil_tray2_44.raw,3.781225,64.74730481,3.564102,-24.25923085,6.428,3.758303639,2.071619848,2.689876417,-25.56835382,1.553666667,1.553666667,0.01165776,0.265752742,0.044080612,0.947169879,0.685759361,14.73506346,21.48722176,64.65568496,-24.72087703
141,5,SUW,bottom,,2,D9,6.419,1,,272,EliseLabSoil_tray2_45.raw,4.0764275,-1.510132384,2.7343255,-25.72032463,6.419,3.758303639,2.071619848,2.689876417,-25.56835382,1.553666667,1.553666667,0.01165776,0.265752742,0.047522011,0.726654499,0.740333564,11.3203692,15.29090366,-1.601752233,-26.18197081
142,6,SUW,top,,2,D10,8.409,1,,273,EliseLabSoil_tray2_46.raw,7.6491545,79.05040007,6.509561,-27.16123632,8.409,3.758303639,2.071619848,2.689876417,-25.56835382,1.553666667,1.553666667,0.01165776,0.265752742,0.089172004,1.729933685,1.060435291,20.57240677,19.39996427,78.95878022,-27.62288249
143,6,SUW,middle,20.35928144,2,D11,6.303,1,,274,EliseLabSoil_tray2_47.raw,3.04986125,72.78248211,2.43754775,-24.65222203,6.303,3.758303639,2.071619848,2.689876417,-25.56835382,1.553666667,1.553666667,0.01165776,0.265752742,0.035554549,0.647784998,0.564089307,10.27740756,18.21946886,72.69086226,-25.1138682
144,6,SUW,bottom,,2,D12,7.011,1,,275,EliseLabSoil_tray2_48.raw,2.882159,0.373284414,1.887517375,-25.78522915,7.011,3.758303639,2.071619848,2.689876417,-25.56835382,1.553666667,1.553666667,0.01165776,0.265752742,0.033599517,0.501612918,0.479240001,7.154655797,14.92917072,0.281664566,-26.24687532
145,2,BCD,top_poop,,2,E1,6.341,1,,276,EliseLabSoil_tray2_49.raw,8.574139,6.684955617,7.2305125,-29.79087542,6.341,3.758303639,2.071619848,2.689876417,-25.56835382,1.553666667,1.553666667,0.01165776,0.265752742,0.09995525,1.921528523,1.576332605,30.30324117,19.22388782,6.593335768,-30.25252159
146,2,BCW,top_poop,,2,E2,7.479,1,,277,EliseLabSoil_tray2_50.raw,19.587158,131.9151862,8.954591,-28.93915893,7.479,3.758303639,2.071619848,2.689876417,-25.56835382,1.553666667,1.553666667,0.01165776,0.265752742,0.228342378,2.379707112,3.053113752,31.81852001,10.42166214,131.8235663,-29.4008051
147,3,BUD,top_poop,,2,E3,6.608,1,,278,EliseLabSoil_tray2_51.raw,9.429651,18.47919511,7.236873,-28.3413107,6.608,3.758303639,2.071619848,2.689876417,-25.56835382,1.553666667,1.553666667,0.01165776,0.265752742,0.109928604,1.923218843,1.663568457,29.10440138,17.49516304,18.38757526,-28.80295688
148,4,SCW,top_poop,,2,E4,6.152,1,,279,EliseLabSoil_tray2_52.raw,8.830666,325.6611047,7.3778725,-23.22388944,6.152,3.758303639,2.071619848,2.689876417,-25.56835382,1.553666667,1.553666667,0.01165776,0.265752742,0.102945781,1.960689847,1.673370946,31.87077124,19.04584953,325.5694848,-23.68553561
,,,,,,,,,PEACH,,,,,,,,,,,,,,,,,,,,,,
,,,,,,,,,PEACH,131,peach 1324u.raw,3.12,2.11,2.26,-25.7,1.324,3.76,2.07,2.69,-25.57,1.55,1.55,0.0117,0.2658,0.036,0.601,2.744,45.38,16.54,2.02,-26.16
,,,,,,,,,PEACH,144,peach 1441u.raw,3.39,2.55,2.47,-25.86,1.441,3.76,2.07,2.69,-25.57,1.55,1.55,0.0117,0.2658,0.04,0.656,2.744,45.5,16.59,2.45,-26.32
,,,,,,,,,PEACH,145,peach 1310 eft ASH RED.raw,3.16,0.32,2.26,-25.75,1.31,3.76,2.07,2.69,-25.57,1.55,1.55,0.0117,0.2658,0.037,0.601,2.815,45.85,16.29,0.23,-26.21
,,,,,,,,,PEACH,161,peach 1224u.raw,2.99,1.91,2.13,-25.64,1.224,3.76,2.07,2.69,-25.57,1.55,1.55,0.0117,0.2658,0.035,0.567,2.844,46.3,16.28,1.82,-26.1
,,,,,,,,,PEACH,177,peach 1342u.raw,3.27,1.97,2.33,-25.85,1.342,3.76,2.07,2.69,-25.57,1.55,1.55,0.0117,0.2658,0.038,0.619,2.844,46.09,16.2,1.88,-26.31
,,,,,,,,,PEACH,209,peach 1493u.raw,3.6,2.05,2.58,-25.8,1.493,3.76,2.07,2.69,-25.57,1.55,1.55,0.0117,0.2658,0.042,0.685,2.808,45.87,16.33,1.96,-26.26
,,,,,,,,,PEACH,225,peach 1447u.raw,3.46,2.05,2.48,-25.82,1.447,3.76,2.07,2.69,-25.57,1.55,1.55,0.0117,0.2658,0.04,0.659,2.789,45.52,16.32,1.96,-26.28
,,,,,,,,,PEACH,244,peach 2041u.raw,5,2.44,3.59,-24.96,2.041,3.76,2.07,2.69,-25.57,1.55,1.55,0.0117,0.2658,0.058,0.955,2.853,46.81,16.41,2.35,-25.42
,,,,,,,,,PEACH,260,peach 2361u.raw,5.84,3.23,4.11,-24.73,2.361,3.76,2.07,2.69,-25.57,1.55,1.55,0.0117,0.2658,0.068,1.092,2.884,46.27,16.04,3.14,-25.19
,,,,,,,,,PEACH,,,,,,,,,,,,,,,,,,,,,,
,,,,,,,,,PEACH,,,3.76,2.07,2.69,-25.57,1.55,3.76,2.07,2.69,-25.57,1.55,1.55,0.0117,0.2658,0.044,0.715,2.82,46.01,16.32,1.98,-26.03
