nr,run,tt,treatment,aboveground,tray,placement,3-4 mg,comment,%N,%C,C/N,d15Nkorr,d13Ckorr,Nat abun (15N),δ15Nkorr,atom% (15N),APE%,N pr DW,15N pr DW,15N pr N ,Nat abun (13C),δ13Ckorr,atom% (13C),APE%,C pr DW,13C pr DW  ,13C pr C 
nr,run,tt,treatment,aboveground,tray,placement,3-4 mg,comment,%N,%C,C/N,d15Nkorr,d13Ckorr,(ATM%),(δ),(% of N),(% excess),(mgN/g DW),(μg/g DW),(μg/g N),(ATM%),(δ),(% of C),(% excess),(mg/g DW),(μg/g DW),(μg/g C)
1.00000000000,1.00000000000,A,SCW,equisetum,1.00000000000,A1,3.96800000000,,2.74212977530,39.88745763148,14.54615970065,-2.33407808366,-27.74479171408,0.36600000000,-2.33407808366,0.36540191065,-0.00059808935,27.42129775304,-0.16400386225,-5.98089352744,1.07700000000,-27.74479171408,1.08071610364,0.00371610364,398.87457631485,14.82259263013,37.16103635151
2.00000000000,1.00000000000,B,BUW,equisetum,1.00000000000,A2,3.64700000000,,2.22853607058,39.23402549044,17.60529075946,-1.79483726063,-27.34273783178,0.36600000000,-1.79483726063,0.36559868920,-0.00040131080,22.28536070575,-0.08943356011,-4.01310803503,1.07700000000,-27.34273783178,1.08115817728,0.00415817728,392.34025490436,16.31420335259,41.58177283279
3.00000000000,1.00000000000,C,BCW,equisetum,1.00000000000,A3,3.48100000000,,2.75649268909,38.76020633572,14.06142178033,0.10772368670,-26.57291104260,0.36600000000,0.10772368670,0.36629296125,0.00029296125,27.56492689093,0.08075455507,2.92961252485,1.07700000000,-26.57291104260,1.08200462031,0.00500462031,387.60206335719,19.39801157607,50.04620307759
4.00000000000,1.00000000000,D,BCD,equisetum,1.00000000000,A4,3.77500000000,,1.77067561761,34.63798102931,19.56201389162,0.15571260013,-26.86122941664,0.36600000000,0.15571260013,0.36631047298,0.00031047298,17.70675617614,0.05497469307,3.10472977206,1.07700000000,-26.86122941664,1.08168760903,0.00468760903,346.37981029310,16.23693128217,46.87609034843
5.00000000000,1.00000000000,E,SUW,equisetum,1.00000000000,A5,3.57600000000,,2.44618255089,37.19294901750,15.20448627352,2.97092372715,-27.95170196279,0.36600000000,2.97092372715,0.36733776620,0.00133776620,24.46182550888,0.32724203242,13.37766195349,1.07700000000,-27.95170196279,1.08048859635,0.00348859635,371.92949017497,12.97511861518,34.88596349022
6.00000000000,1.00000000000,F,SCD,equisetum,1.00000000000,A6,3.52700000000,,2.27409649773,33.97156542661,14.93848896058,1.05556688207,-27.77395312568,0.36600000000,1.05556688207,0.36663883936,0.00063883936,22.74096497728,0.14527823442,6.38839356936,1.07700000000,-27.77395312568,1.08068403939,0.00368403939,339.71565426610,12.51525852427,36.84039392093
7.00000000000,1.00000000000,G,SUD,equisetum,1.00000000000,A7,3.83200000000,,2.14042059303,33.50199269010,15.65206053388,0.04097829045,-28.26562918688,0.36600000000,0.04097829045,0.36626860505,0.00026860505,21.40420593032,0.05749277891,2.68605054080,1.07700000000,-28.26562918688,1.08014341700,0.00314341700,335.01992690104,10.53107334652,31.43417003261
8.00000000000,1.00000000000,H,BUD,equisetum,1.00000000000,A8,3.80500000000,,2.31114759779,35.37644576956,15.30687430062,3.11166746651,-27.30278335855,0.36600000000,3.11166746651,0.36738912416,0.00138912416,23.11147597791,0.32104709737,13.89124163585,1.07700000000,-27.30278335855,1.08120210854,0.00420210854,353.76445769558,14.86556649398,42.02108541603
9.00000000000,1.00000000000,A,SCW,bryophyte,1.00000000000,A9,3.23100000000,,0.81655050729,37.80797745983,46.30206842338,-1.46523993053,-28.85249483147,0.36600000000,-1.46523993053,0.36571896473,-0.00028103527,8.16550507293,-0.02294794917,-2.81035269284,1.07700000000,-28.85249483147,1.07949812118,0.00249812118,378.07977459828,9.44489091331,24.98121176503
10.00000000000,1.00000000000,B,BUW,bryophyte,1.00000000000,A10,3.43700000000,,1.22446685052,32.81074082467,26.79594046245,-0.25386641097,-28.25214343186,0.36600000000,-0.25386641097,0.36616101253,0.00016101253,12.24466850516,0.01971545073,1.61012531451,1.07700000000,-28.25214343186,1.08015824534,0.00315824534,328.10740824666,10.36243694212,31.58245343345
11.00000000000,1.00000000000,C,BCW,bryophyte,1.00000000000,A11,3.29400000000,,1.28049054306,38.09007866120,29.74647401163,-0.11278194757,-28.76403664235,0.36600000000,-0.11278194757,0.36621249605,0.00021249605,12.80490543058,0.02720991791,2.12496047337,1.07700000000,-28.76403664235,1.07959538708,0.00259538708,380.90078661205,9.88584979927,25.95387078929
12.00000000000,1.00000000000,D,BCD,bryophyte,1.00000000000,A12,3.24000000000,,1.33485989700,34.10363914018,25.54847832106,0.44627170190,-29.32321863054,0.36600000000,0.44627170190,0.36641650131,0.00041650131,13.34859897001,0.05559709017,4.16501314431,1.07700000000,-29.32321863054,1.07898052456,0.00198052456,341.03639140181,6.75430947841,19.80524556529
,,,,,,,,PEACH,2.77616359182,47.87221246988,17.24401710728,2.09187497325,-26.03504541059,0.36600000000,2.09187497325,0.36701699650,0.00101699650,27.76163591816,0.28233486523,10.16996498546,1.07700000000,-26.03504541059,1.08259600788,0.00559600788,478.72212469876,26.78932781412,55.96007878469
13.00000000000,1.00000000000,E,SUW,bryophyte,1.00000000000,B1,3.49200000000,,1.13542028732,36.10387716128,31.79780876244,1.26113644570,-29.12522907854,0.36600000000,1.26113644570,0.36671385357,0.00071385357,11.35420287322,0.08105238246,7.13853569187,1.07700000000,-29.12522907854,1.07919822979,0.00219822979,361.03877161277,7.93646182343,21.98229787891
14.00000000000,1.00000000000,F,SCD,bryophyte,1.00000000000,B2,3.61400000000,,0.96463964131,35.99839782904,37.31797480355,-1.88963481333,-28.47090116443,0.36600000000,-1.88963481333,0.36556409594,-0.00043590406,9.64639641314,-0.04204903333,-4.35904057075,1.07700000000,-28.47090116443,1.07991770846,0.00291770846,359.98397829043,10.50328299609,29.17708461908
15.00000000000,1.00000000000,G,SUD,bryophyte,1.00000000000,B3,3.32500000000,,1.07001987734,36.08483976506,33.72352283269,-1.91925088260,-28.57638931948,0.36600000000,-1.91925088260,0.36555328853,-0.00044671147,10.70019877344,-0.04779901565,-4.46711473845,1.07700000000,-28.57638931948,1.07980171767,0.00280171767,360.84839765057,10.10995330804,28.01717666995
16.00000000000,1.00000000000,H,BUD,bryophyte,1.00000000000,B4,4.06900000000,,1.26616441376,34.22785164083,27.03270702358,-0.02911083209,-28.93896456576,0.36600000000,-0.02911083209,0.36624302868,0.00024302868,12.66164413759,0.03077142622,2.43028676893,1.07700000000,-28.93896456576,1.07940304153,0.00240304153,342.27851640832,8.22509490761,24.03041532937
17.00000000000,1.00000000000,A,SCW,lichen,1.00000000000,B5,3.59000000000,,3.92270456465,37.42943433237,9.54174185579,-1.18720141229,-23.20713685354,0.36600000000,-1.18720141229,0.36582042537,-0.00017957463,39.22704564645,-0.07044182080,-1.79574626744,1.07700000000,-23.20713685354,1.08570519967,0.00870519967,374.29434332373,32.58306993068,87.05199667552
18.00000000000,1.00000000000,E,SUW,lichen,1.00000000000,B6,3.28600000000,,3.85370879856,39.49868117788,10.24952409290,-0.12129120989,-24.87596373782,0.36600000000,-0.12129120989,0.36620939091,0.00020939091,38.53708798562,0.08069315951,2.09390910751,1.07700000000,-24.87596373782,1.08387040342,0.00687040342,394.98681177883,27.13718744060,68.70403423950
19.00000000000,1.00000000000,F,SCD,lichen,1.00000000000,B7,3.75100000000,,3.33487020618,39.09115428568,11.72194174553,-0.55512429833,-24.13503968881,0.36600000000,-0.55512429833,0.36605107952,0.00005107952,33.34870206176,0.01703435593,0.51079516976,1.07700000000,-24.13503968881,1.08468502278,0.00768502278,390.91154285684,30.04164112067,76.85022780633
20.00000000000,1.00000000000,G,SUD,lichen,1.00000000000,B8,3.59200000000,,3.02168557689,38.78231539595,12.83466277648,-0.67474937585,-27.12763603921,0.36600000000,-0.67474937585,0.36600742667,0.00000742667,30.21685576892,0.00224410497,0.07426666042,1.07700000000,-27.12763603921,1.08139468832,0.00439468832,387.82315395946,17.04361886206,43.94688323286
21.00000000000,1.00000000000,A,SCW,graminoid,1.00000000000,B9,3.38200000000,,1.28251978220,38.55369023874,30.06089323045,0.52598583630,-28.27580792623,0.36600000000,0.52598583630,0.36644558987,0.00044558987,12.82519782203,0.05714778278,4.45589873731,1.07700000000,-28.27580792623,1.08013222491,0.00313222491,385.53690238740,12.07588288795,31.32224908478
22.00000000000,1.00000000000,B,BUW,graminoid,1.00000000000,B10,3.35300000000,,1.33399587400,38.74128541066,29.04153316049,-0.13608987237,-28.51513544562,0.36600000000,-0.13608987237,0.36620399069,0.00020399069,13.33995873998,0.02721227424,2.03990692672,1.07700000000,-28.51513544562,1.07986907015,0.00286907015,387.41285410661,11.11514654870,28.69070148520
23.00000000000,1.00000000000,C,BCW,graminoid,1.00000000000,B11,3.77800000000,,1.69395082166,37.37254791381,22.06235708612,0.27869691325,-29.15021815502,0.36600000000,0.27869691325,0.36635535139,0.00035535139,16.93950821661,0.06019477728,3.55351386273,1.07700000000,-29.15021815502,1.07917075237,0.00217075237,373.72547913814,8.11265468517,21.70752367188
24.00000000000,1.00000000000,D,BCD,graminoid,1.00000000000,B12,3.19100000000,,1.59523178807,37.20061046294,23.31987786418,1.20867294675,-27.95389576530,0.36600000000,1.20867294675,0.36669470917,0.00069470917,15.95231788074,0.11082221510,6.94709169746,1.07700000000,-27.95389576530,1.08048618416,0.00348618416,372.00610462943,12.96881788331,34.86184157174
,,,,,,,,PEACH,2.76266958894,46.03950858929,16.66486241192,1.97111328226,-26.03884783083,0.36600000000,1.97111328226,0.36697292974,0.00097292974,27.62669588941,0.26878833934,9.72929735836,1.07700000000,-26.03884783083,1.08259182711,0.00559182711,460.39508589292,25.74449723423,55.91827111773
25.00000000000,1.00000000000,E,SUW,graminoid,1.00000000000,C1,3.48300000000,,1.13560381700,37.46024550693,32.98707255667,0.38209551687,-29.27330392928,0.36600000000,0.38209551687,0.36639308271,0.00039308271,11.35603816997,0.04463862263,3.93082710420,1.07700000000,-29.27330392928,1.07903540982,0.00203540982,374.60245506927,7.62469517056,20.35409823769
26.00000000000,1.00000000000,F,SCD,graminoid,1.00000000000,C2,3.24900000000,,0.98870484212,37.35440347206,37.78114749783,-0.40047226180,-28.67099261915,0.36600000000,-0.40047226180,0.36610751413,0.00010751413,9.88704842123,0.01062997455,1.07514134669,1.07700000000,-28.67099261915,1.07969769522,0.00269769522,373.54403472057,10.07707955793,26.97695216969
27.00000000000,1.00000000000,G,SUD,graminoid,1.00000000000,C3,4.12300000000,,1.03923915352,36.53959781610,35.15995109711,-1.21083225883,-29.63098000409,0.36600000000,-1.21083225883,0.36581180211,-0.00018819789,10.39239153524,-0.01955826133,-1.88197887489,1.07700000000,-29.63098000409,1.07864211459,0.00164211459,365.39597816096,6.00022066798,16.42114589815
28.00000000000,1.00000000000,H,BUD,graminoid,1.00000000000,C4,3.40500000000,,1.48716436354,37.52482501451,25.23246652116,-0.14480676256,-29.14094851504,0.36600000000,-0.14480676256,0.36620080979,0.00020080979,14.87164363541,0.02986371628,2.00809789526,1.07700000000,-29.14094851504,1.07918094505,0.00218094505,375.24825014510,8.18395815351,21.80945054466
29.00000000000,1.00000000000,A,SCW,salix_stem,1.00000000000,C5,3.78000000000,,1.40753627631,43.24875901559,30.72656793550,-4.66472776682,-30.34142464722,0.36600000000,-4.66472776682,0.36455140626,-0.00144859374,14.07536276306,-0.20389482344,-14.48593736950,1.07700000000,-30.34142464722,1.07786091107,0.00086091107,432.48759015593,3.72333352725,8.60911067045
30.00000000000,1.00000000000,B,BUW,salix_stem,1.00000000000,C6,3.35900000000,,1.90765050093,43.74318102272,22.93039579385,-1.92991228324,-29.83395897725,0.36600000000,-1.92991228324,0.36554939800,-0.00045060200,19.07650500933,-0.08595911391,-4.50602004219,1.07700000000,-29.83395897725,1.07841892057,0.00141892057,437.43181022723,6.20680994327,14.18920571881
31.00000000000,1.00000000000,C,BCW,salix_stem,1.00000000000,C7,3.99900000000,,1.77338231470,42.04233486595,23.70742874651,-3.73837138376,-30.38914962852,0.36600000000,-3.73837138376,0.36488945544,-0.00111054456,17.73382314695,-0.19694200746,-11.10544555594,1.07700000000,-30.38914962852,1.07780843233,0.00080843233,420.42334865953,3.39883827277,8.08432329844
32.00000000000,1.00000000000,D,BCD,salix_stem,1.00000000000,C8,1.57200000000,det var alt der var,1.44244830305,48.48329193514,33.61180558955,-4.32840841708,-29.96101264981,0.36600000000,-4.32840841708,0.36467413735,-0.00132586265,14.42448303051,-0.19124883284,-13.25862649187,1.07700000000,-29.96101264981,1.07827921288,0.00127921288,484.83291935140,6.20204515410,12.79212880676
33.00000000000,1.00000000000,E,SUW,salix_stem,1.00000000000,C9,3.40800000000,,1.58854997790,43.94995745786,27.66671371327,-3.34935448118,-30.81614328197,0.36600000000,-3.34935448118,0.36503141616,-0.00096858384,15.88549977903,-0.15386438430,-9.68583843388,1.07700000000,-30.81614328197,1.07733890452,0.00033890452,439.49957457859,1.48948392088,3.38904519376
34.00000000000,1.00000000000,F,SCD,salix_stem,1.00000000000,C10,3.65100000000,,1.14708667999,43.58914627845,37.99987135993,-6.25247075591,-30.48155179180,0.36600000000,-6.25247075591,0.36397199625,-0.00202800375,11.47086679994,-0.23262960837,-20.28003745714,1.07700000000,-30.48155179180,1.07770682608,0.00070682608,435.89146278447,3.08099453730,7.06826079505
35.00000000000,1.00000000000,G,SUD,salix_stem,1.00000000000,C11,3.88400000000,,1.17625880764,42.73562114057,36.33181818740,-4.98222069816,-31.29702893946,0.36600000000,-4.98222069816,0.36443554511,-0.00156445489,11.76258807642,-0.18402038382,-15.64454885474,1.07700000000,-31.29702893946,1.07681011102,-0.00018988898,427.35621140573,-0.81150235365,-1.89888980666
36.00000000000,1.00000000000,A,SCW,salix_leaf,1.00000000000,C12,3.13900000000,,1.30042130296,43.50357801416,33.45344921308,-4.64828520714,-30.74506073871,0.36600000000,-4.64828520714,0.36455740656,-0.00144259344,13.00421302959,-0.18759792423,-14.42593441099,1.07700000000,-30.74506073871,1.07741706812,0.00041706812,435.03578014164,1.81439556531,4.17068123619
,,,,,,,,PEACH,2.96317527965,45.54486452230,15.37029038920,1.92931079234,-26.14317086267,0.36600000000,1.92931079234,0.36695767571,0.00095767571,29.63175279648,0.28377610009,9.57675713755,1.07700000000,-26.14317086267,1.08247712365,0.00547712365,455.44864522296,24.94548544153,54.77123645700
37.00000000000,1.00000000000,B,BUW,salix_leaf,1.00000000000,D1,3.43100000000,,2.13908789419,42.67720453703,19.95112246344,-1.07592227722,-30.57852723296,0.36600000000,-1.07592227722,0.36586103283,-0.00013896717,21.39087894189,-0.02972629961,-1.38967172362,1.07700000000,-30.57852723296,1.07760019079,0.00060019079,426.77204537033,2.56144649857,6.00190787180
38.00000000000,1.00000000000,C,BCW,salix_leaf,1.00000000000,D2,3.91600000000,,2.00884327160,41.74158365641,20.77891503365,-3.22207723927,-30.80571504196,0.36600000000,-3.22207723927,0.36507786230,-0.00092213770,20.08843271596,-0.18524301198,-9.22137702816,1.07700000000,-30.80571504196,1.07735037160,0.00035037160,417.41583656410,1.46250655231,3.50371601698
40.00000000000,1.00000000000,E,SUW,salix_leaf,1.00000000000,D3,3.30700000000,,1.46984682419,43.88844944582,29.85919942373,-3.78497215943,-30.61071192000,0.36600000000,-3.78497215943,0.36487244978,-0.00112755022,14.69846824190,-0.16573261061,-11.27550217339,1.07700000000,-30.61071192000,1.07756480009,0.00056480009,438.88449445821,2.47882002120,5.64800090342
41.00000000000,1.00000000000,F,SCD,salix_leaf,1.00000000000,D4,3.49000000000,,1.24112885150,42.95182713506,34.60706524009,-5.85906021765,-30.48453775476,0.36600000000,-5.85906021765,0.36411556294,-0.00188443706,12.41128851495,-0.23388292026,-18.84437058846,1.07700000000,-30.48453775476,1.07770354268,0.00070354268,429.51827135055,3.02184437573,7.03542684279
42.00000000000,1.00000000000,G,SUD,salix_leaf,1.00000000000,D5,3.73000000000,,1.62598631530,43.39585863503,26.68894456664,-5.04903988015,-31.78951800507,0.36600000000,-5.04903988015,0.36441116108,-0.00158883892,16.25986315295,-0.25834303384,-15.88838918319,1.07700000000,-31.78951800507,1.07626855227,-0.00073144773,433.95858635033,-3.17418022281,-7.31447728574
43.00000000000,2.00000000000,A,BUD,equisetum,1.00000000000,D6,3.35800000000,,1.76487090844,33.54574584163,19.00747849669,126.79941345492,-23.62662541114,0.36600000000,126.79941345492,0.41250283037,0.04650283037,17.64870908441,8.20714924832,465.02830371714,1.07700000000,-23.62662541114,1.08524399824,0.00824399824,335.45745841634,27.65510696723,82.43998239832
44.00000000000,2.00000000000,B,BCD,equisetum,1.00000000000,D7,2.65000000000,det var alt der var,2.37623397329,34.88849987440,14.68226625263,3.13969281051,-28.25480281954,0.36600000000,3.13969281051,0.36739935072,0.00139935072,23.76233973290,0.33251847222,13.99350720331,1.07700000000,-28.25480281954,1.08015532120,0.00315532120,348.88499874397,11.00844232396,31.55321198559
45.00000000000,2.00000000000,C,BCW,equisetum,1.00000000000,D8,3.50500000000,,2.85912014551,38.42273110062,13.43865565111,1.88391122977,-26.19920438000,0.36600000000,1.88391122977,0.36694110909,0.00094110909,28.59120145507,0.26907439564,9.41109089316,1.07700000000,-26.19920438000,1.08241551453,0.00541551453,384.22731100620,20.80788584206,54.15514526432
46.00000000000,2.00000000000,D,SCD,equisetum,1.00000000000,D9,3.17200000000,,1.95149728891,32.89566048526,16.85662627982,1.71510318072,-27.08780299369,0.36600000000,1.71510318072,0.36687950978,0.00087950978,19.51497288912,0.17163609492,8.79509778963,1.07700000000,-27.08780299369,1.08143848586,0.00443848586,328.95660485258,14.60069238684,44.38485858457
47.00000000000,2.00000000000,E,SCW,equisetum,1.00000000000,D10,3.29900000000,,2.26097921610,35.72986980772,15.80282983288,1.34382458572,-27.50429968728,0.36600000000,1.34382458572,0.36674402720,0.00074402720,22.60979216101,0.16822300246,7.44027195224,1.07700000000,-27.50429968728,1.08098053431,0.00398053431,357.29869807715,14.22239725849,39.80534307857
48.00000000000,2.00000000000,F,SUD,equisetum,1.00000000000,D11,3.20900000000,,2.19173673544,35.65290237897,16.26696391156,42.41016018293,-24.58681288469,0.36600000000,42.41016018293,0.38172723439,0.01572723439,21.91736735435,3.44699573586,157.27234389665,1.07700000000,-24.58681288469,1.08418831599,0.00718831599,356.52902378968,25.62843282174,71.88315988787
49.00000000000,2.00000000000,G,BUW,equisetum,1.00000000000,D12,3.25400000000,,2.06185401920,35.05257487875,17.00051242829,2.49616736507,-26.88276675926,0.36600000000,2.49616736507,0.36716452526,0.00116452526,20.61854019202,0.24010810867,11.64525259455,1.07700000000,-26.88276675926,1.08166392826,0.00466392826,350.52574878750,16.34826943907,46.63928255090
,,,,,,,,PEACH,2.79602276640,45.03342973393,16.10624572700,2.00877400634,-26.02916062368,0.36600000000,2.00877400634,0.36698667239,0.00098667239,27.96022766401,0.27587584779,9.86672394480,1.07700000000,-26.02916062368,1.08260247821,0.00560247821,450.33429733934,25.22988087926,56.02478209704
50.00000000000,2.00000000000,H,SUW,equisetum,1.00000000000,E1,3.71500000000,,2.18102442218,35.08446156787,16.08623049383,181.88029127321,-21.47051997059,0.36600000000,181.88029127321,0.43257981230,0.06657981230,21.81024422180,14.52121966537,665.79812301461,1.07700000000,-21.47051997059,1.08761445554,0.01061445554,350.84461567868,37.24024574384,106.14455539472
51.00000000000,2.00000000000,A,BUD,bryophyte,1.00000000000,E2,3.25200000000,,1.25848944231,36.41547504969,28.93586058452,136.44315361631,-26.60113101058,0.36600000000,136.44315361631,0.41601855869,0.05001855869,12.58489442307,6.29478280253,500.18558685637,1.07700000000,-26.60113101058,1.08197359203,0.00497359203,364.15475049695,18.11157165370,49.73592031680
52.00000000000,2.00000000000,B,BCD,bryophyte,1.00000000000,E3,4.05100000000,,1.14975816230,34.26529997358,29.80218022995,0.11632293464,-29.30311665912,0.36600000000,0.11632293464,0.36629609922,0.00029609922,11.49758162295,0.03404424958,2.96099220688,1.07700000000,-29.30311665912,1.07900262831,0.00200262831,342.65299973577,6.86206599067,20.02628313765
53.00000000000,2.00000000000,C,BCW,bryophyte,1.00000000000,E4,3.31700000000,,1.34378416094,35.86805603429,26.69182825394,-0.59303266693,-28.50559312882,0.36600000000,-0.59303266693,0.36603724623,0.00003724623,13.43784160945,0.00500508957,0.37246231324,1.07700000000,-28.50559312882,1.07987956252,0.00287956252,358.68056034290,10.32843097110,28.79562516916
54.00000000000,2.00000000000,D,SCD,bryophyte,1.00000000000,E5,3.41100000000,,0.94252493545,34.19887573081,36.28431932623,-1.27893819249,-29.08198400646,0.36600000000,-1.27893819249,0.36578694920,-0.00021305080,9.42524935450,-0.02008056939,-2.13050802533,1.07700000000,-29.08198400646,1.07924578105,0.00224578105,341.98875730806,7.68031870641,22.45781050483
55.00000000000,2.00000000000,E,SCW,bryophyte,1.00000000000,E6,3.24000000000,,1.20287742426,35.93692104346,29.87579641832,-0.98708527974,-28.49937910303,0.36600000000,-0.98708527974,0.36589345078,-0.00010654922,12.02877424262,-0.01281656515,-1.06549220187,1.07700000000,-28.49937910303,1.07988639522,0.00288639522,359.36921043461,10.37281571929,28.86395221991
56.00000000000,2.00000000000,F,SUD,bryophyte,1.00000000000,E7,3.15700000000,,0.87756725648,35.63380106125,40.60520808898,375.21470258419,-24.45968969629,0.36600000000,375.21470258419,0.50298618402,0.13698618402,8.77567256475,12.02145896877,1369.86184022619,1.07700000000,-24.45968969629,1.08432808342,0.00732808342,356.33801061246,26.11274667369,73.28083419675
57.00000000000,2.00000000000,G,BUW,bryophyte,1.00000000000,E8,3.76700000000,,1.56924678165,34.22606484605,21.81050504381,34.67897082205,-27.64689511024,0.36600000000,34.67897082205,0.37890682518,0.01290682518,15.69246781645,2.02539938779,129.06825181867,1.07700000000,-27.64689511024,1.08082374507,0.00382374507,342.26064846054,13.08717465789,38.23745065860
58.00000000000,2.00000000000,H,SUW,bryophyte,1.00000000000,E9,3.45200000000,,1.06593303232,35.98332332507,33.75758348225,130.78613808469,-27.48139521038,0.36600000000,130.78613808469,0.41395626345,0.04795626345,10.65933032321,5.11181653153,479.56263447463,1.07700000000,-27.48139521038,1.08100571863,0.00400571863,359.83323325066,14.41390685867,40.05718629281
59.00000000000,2.00000000000,D,SCD,lichen,1.00000000000,E10,3.42500000000,,1.96995082161,35.60699381318,18.07506736850,-0.71173976439,-30.46336237917,0.36600000000,-0.71173976439,0.36599392835,-0.00000607165,19.69950821607,-0.00119608476,-0.06071647832,1.07700000000,-30.46336237917,1.07772682734,0.00072682734,356.06993813177,2.58801365214,7.26827337832
60.00000000000,2.00000000000,E,SCW,lichen,1.00000000000,E11,3.02700000000,,2.98246223282,36.68819455646,12.30131069313,-0.88996013291,-25.61504303955,0.36600000000,-0.88996013291,0.36592889318,-0.00007110682,29.82462232821,-0.02120734117,-0.71106822204,1.07700000000,-25.61504303955,1.08305779893,0.00605779893,366.88194556459,22.22497058350,60.57798932924
61.00000000000,2.00000000000,F,SUD,lichen,1.00000000000,E12,3.13100000000,,2.48348668438,40.48783481802,16.30281936791,-0.53123223014,-29.17452916134,0.36600000000,-0.53123223014,0.36605979806,0.00005979806,24.83486684377,0.01485076849,0.59798059650,1.07700000000,-29.17452916134,1.07914402052,0.00214402052,404.87834818020,8.68067487566,21.44020522381
,,,,,,,,PEACH,2.77812079534,46.74475067742,16.82603245900,1.87604341021,-26.02344911245,0.36600000000,1.87604341021,0.36693823807,0.00093823807,27.78120795339,0.26065386800,9.38238065240,1.07700000000,-26.02344911245,1.08260875802,0.00560875802,467.44750677417,26.21799954084,56.08758023284
63.00000000000,2.00000000000,A,BUD,graminoid,1.00000000000,F1,3.20200000000,,1.06282761219,40.02392572885,37.65796566604,119.39552904094,-27.72821814043,0.36600000000,119.39552904094,0.40980349690,0.04380349690,10.62827612192,4.65555660160,438.03496900105,1.07700000000,-27.72821814043,1.08073432699,0.00373432699,400.23925728850,14.94624261938,37.34326992470
64.00000000000,2.00000000000,B,BCD,graminoid,1.00000000000,F2,3.24900000000,,1.29527774945,35.36045412285,27.29951482451,-0.15671311167,-28.47045995657,0.36600000000,-0.15671311167,0.36619646501,0.00019646501,12.95277749446,0.02544767589,1.96465012270,1.07700000000,-28.47045995657,1.07991819360,0.00291819360,353.60454122852,10.31886508031,29.18193596852
65.00000000000,2.00000000000,C,BCW,graminoid,1.00000000000,F3,3.31400000000,,0.79702209945,38.35239399107,48.11961176187,-0.92856793517,-28.97890315884,0.36600000000,-0.92856793517,0.36591480462,-0.00008519538,7.97022099448,-0.00679025970,-0.85195375419,1.07700000000,-28.97890315884,1.07935912614,0.00235912614,383.52393991067,9.04781351201,23.59126138023
66.00000000000,2.00000000000,D,SCD,graminoid,1.00000000000,F4,3.31900000000,,1.50592072160,38.87469691131,25.81457068345,-0.36444178355,-28.28983743028,0.36600000000,-0.36444178355,0.36612066213,0.00012066213,15.05920721596,0.01817076076,1.20662133820,1.07700000000,-28.28983743028,1.08011679868,0.00311679868,388.74696911305,12.11646039324,31.16798677782
67.00000000000,2.00000000000,E,SCW,graminoid,1.00000000000,F5,3.66200000000,,1.27618033258,37.45406264807,29.34856594479,-0.10168874323,-30.37946854348,0.36600000000,-0.10168874323,0.36621654410,0.00021654410,12.76180332577,0.02763493171,2.16544096499,1.07700000000,-30.37946854348,1.07781907773,0.00081907773,374.54062648073,3.06777884632,8.19077726000
68.00000000000,2.00000000000,F,SUD,graminoid,1.00000000000,F6,3.35000000000,,1.06073078518,38.69260469465,36.47730907328,37.24064607334,-27.97221509713,0.36600000000,37.24064607334,0.37984136564,0.01384136564,10.60730785183,1.46819626426,138.41365639289,1.07700000000,-27.97221509713,1.08046604116,0.00346604116,386.92604694655,13.41101605433,34.66041162171
69.00000000000,2.00000000000,G,BUW,graminoid,1.00000000000,F7,3.22000000000,,1.73420898473,38.84964124155,22.40193747325,6.35595108580,-29.99656017151,0.36600000000,6.35595108580,0.36857296190,0.00257296190,17.34208984733,0.44620536392,25.72961897015,1.07700000000,-29.99656017151,1.07824012490,0.00124012490,388.49641241548,4.81784075630,12.40124902659
70.00000000000,2.00000000000,H,SUW,graminoid,1.00000000000,F8,3.32900000000,,1.19748223586,38.67912618822,32.30037576325,70.56550433248,-27.90625758205,0.36600000000,70.56550433248,0.39199721403,0.02599721403,11.97482235864,3.11312019821,259.97214029306,1.07700000000,-27.90625758205,1.08053856461,0.00353856461,386.79126188223,13.68685872589,35.38564614745
71.00000000000,2.00000000000,C,BCW,salix_stem,1.00000000000,F9,3.63400000000,,2.28907549416,44.94364687442,19.63397318660,-1.39727602649,-31.03841795994,0.36600000000,-1.39727602649,0.36574376585,-0.00025623415,22.89075494159,-0.05865393117,-2.56234149200,1.07700000000,-31.03841795994,1.07709448661,0.00009448661,449.43646874425,0.42465728346,0.94486610009
72.00000000000,2.00000000000,D,SCD,salix_stem,1.00000000000,F10,3.51300000000,,2.48466871212,44.77586505731,18.02085921512,-5.20587370541,-30.23374134324,0.36600000000,-5.20587370541,0.36435392835,-0.00164607165,24.84668712120,-0.40899427254,-16.46071649479,1.07700000000,-30.23374134324,1.07797932021,0.00097932021,447.75865057311,4.38499094914,9.79320208225
73.00000000000,2.00000000000,E,SCW,salix_stem,1.00000000000,F11,3.97300000000,,2.05873949066,43.17394668195,20.97105868805,-4.20060851403,-29.85625320265,0.36600000000,-4.20060851403,0.36472077456,-0.00127922544,20.58739490656,-0.26335919394,-12.79225444198,1.07700000000,-29.85625320265,1.07839440596,0.00139440596,431.73946681946,6.02020086859,13.94405962685
74.00000000000,2.00000000000,F,SUD,salix_stem,1.00000000000,F12,3.81700000000,,1.12144715655,44.02440669035,39.25678212575,19.89305177040,-30.10565423049,0.36600000000,19.89305177040,0.37351234068,0.00751234068,11.21447156553,0.84246930974,75.12340682437,1.07700000000,-30.10565423049,1.07812016512,0.00112016512,440.24406690351,4.93146047296,11.20165118328
,,,,,,,,PEACH,2.84000719223,46.71779923100,16.44988764778,1.97477027701,-25.99853276983,0.36600000000,1.97477027701,0.36697426420,0.00097426420,28.40007192226,0.27669173314,9.74264198674,1.07700000000,-25.99853276983,1.08263615356,0.00563615356,467.17799231001,26.33086905979,56.36153563141
75.00000000000,2.00000000000,G,BUW,salix_stem,1.00000000000,G1,3.20600000000,,2.22029561796,43.10983021876,19.41625694798,38.97013036982,-30.15043741921,0.36600000000,38.97013036982,0.38047229950,0.01447229950,22.20295617959,3.21327831536,144.72299496401,1.07700000000,-30.15043741921,1.07807092146,0.00107092146,431.09830218757,4.61672422067,10.70921457413
76.00000000000,2.00000000000,H,SUW,salix_stem,1.00000000000,G2,3.82500000000,,1.71400247546,43.69172322440,25.49105024646,19.24861479718,-29.08083172851,0.36600000000,19.24861479718,0.37327721146,0.00727721146,17.14002475456,1.24731584492,72.77211455549,1.07700000000,-29.08083172851,1.07924704807,0.00224704807,436.91723224405,9.81774022392,22.47048067548
77.00000000000,2.00000000000,D,SCD,salix_leaf,1.00000000000,G3,3.32400000000,,1.54242562618,44.13957218768,28.61698576476,-4.58564416952,-30.68213766424,0.36600000000,-4.58564416952,0.36458026581,-0.00141973419,15.42425626183,-0.21898343924,-14.19734187024,1.07700000000,-30.68213766424,1.07748625933,0.00048625933,441.39572187682,2.14632788254,4.86259330611
78.00000000000,2.00000000000,E,SCW,salix_leaf,1.00000000000,G4,3.97400000000,,1.78077711563,42.14071066365,23.66422518230,-3.62297361819,-29.77507793937,0.36600000000,-3.62297361819,0.36493156664,-0.00106843336,17.80777115626,-0.19026416838,-10.68433363778,1.07700000000,-29.77507793937,1.07848366578,0.00148366578,421.40710663653,6.25227304842,14.83665783029
79.00000000000,2.00000000000,F,SUD,salix_leaf,1.00000000000,G5,3.86900000000,,1.35625008745,42.93422956355,31.65657275230,17.75848531047,-29.98894457077,0.36600000000,17.75848531047,0.37273351867,0.00673351867,13.56250087446,0.91323352848,67.33518669835,1.07700000000,-29.98894457077,1.07824849900,0.00124849900,429.34229563547,5.36033428203,12.48499003365
81.00000000000,2.00000000000,H,SUW,salix_leaf,1.00000000000,G6,3.42800000000,,1.53369649646,43.68169093806,28.48131363597,-4.55898016921,-30.49283022070,0.36600000000,-4.55898016921,0.36458999616,-0.00141000384,15.33696496459,-0.21625179513,-14.10003841207,1.07700000000,-30.49283022070,1.07769442420,0.00069442420,436.81690938058,3.03336234279,6.94424203288
82.00000000000,3.00000000000,A,BCD,equisetum,1.00000000000,G7,3.16800000000,,2.19751967619,35.66069213984,16.22770095128,1.61716354679,-27.80474956096,0.36600000000,1.61716354679,0.36684377084,0.00084377084,21.97519676195,0.18542030330,8.43770844506,1.07700000000,-27.80474956096,1.08065017735,0.00365017735,356.60692139844,13.01678506159,36.50177346682
83.00000000000,3.00000000000,B,BCW,equisetum,1.00000000000,G8,3.45900000000,,2.18227121210,36.09477125010,16.54000247536,2.37774330938,-27.44954442019,0.36600000000,2.37774330938,0.36712131164,0.00112131164,21.82271212104,0.24470061207,11.21311644114,1.07700000000,-27.44954442019,1.08104073973,0.00404073973,360.94771250097,14.58495763253,40.40739732488
84.00000000000,3.00000000000,C,BUD,equisetum,1.00000000000,G9,3.31200000000,,2.26781916145,36.34059820081,16.02446915458,19.25764565027,-25.90307103469,0.36600000000,19.25764565027,0.37328050646,0.00728050646,22.67819161449,1.65108720542,72.80506459613,1.07700000000,-25.90307103469,1.08274111368,0.00574111368,363.40598200813,20.86355055242,57.41113681490
85.00000000000,3.00000000000,D,SUW,equisetum,1.00000000000,G10,3.37300000000,,2.41192110212,34.96936121608,14.49855104521,8.81027451473,-26.29325563945,0.36600000000,8.81027451473,0.36946852480,0.00346852480,24.11921102118,0.83658081500,34.68524796548,1.07700000000,-26.29325563945,1.08231210455,0.00531210455,349.69361216075,18.57609026893,53.12104546078
86.00000000000,3.00000000000,E,SCD,equisetum,1.00000000000,G11,3.33600000000,,1.77935341732,31.70171790872,17.81642567475,0.44131484102,-27.57111655614,0.36600000000,0.44131484102,0.36641469250,0.00041469250,17.79353417316,0.07378845190,4.14692501132,1.07700000000,-27.57111655614,1.08090706661,0.00390706661,317.01717908723,12.38607235326,39.07066610372
87.00000000000,3.00000000000,F,SUD,equisetum,1.00000000000,G12,3.76100000000,,2.04473264690,34.37800626443,16.81295905194,33.41595317868,-26.30034994166,0.36600000000,33.41595317868,0.37844604952,0.01244604952,20.44732646897,2.54488437712,124.46049516468,1.07700000000,-26.30034994166,1.08230430431,0.00530430431,343.78006264435,18.23514066331,53.04304305214
,,,,,,,,PEACH,2.78800764879,46.50974874959,16.68207358392,1.97684112994,-25.95669138975,0.36600000000,1.97684112994,0.36697501987,0.00097501987,27.88007648786,0.27183628478,9.75019867308,1.07700000000,-25.95669138975,1.08268215816,0.00568215816,465.09748749591,26.42757484656,56.82158161903
88.00000000000,3.00000000000,G,BUW,equisetum,1.00000000000,H1,3.44700000000,,2.66552015076,35.98052911172,13.49850200965,96.45887833303,-24.08261782886,0.36600000000,96.45887833303,0.40144024551,0.03544024551,26.65520150755,9.44666885591,354.40245511681,1.07700000000,-24.08261782886,1.08474265822,0.00774265822,359.80529111717,27.85849395914,77.42658222908
89.00000000000,3.00000000000,H,SCW,equisetum,1.00000000000,H2,3.48700000000,,2.55695945464,36.27200413400,14.18560003688,3.24833680027,-26.52191693688,0.36600000000,3.24833680027,0.36743899531,0.00143899531,25.56959454637,0.36794526729,14.38995313821,1.07700000000,-26.52191693688,1.08206068904,0.00506068904,362.72004133999,18.35613337395,50.60689038890
90.00000000000,3.00000000000,A,BCD,bryophyte,1.00000000000,H3,4.13100000000,,1.37752546845,28.68250332029,20.82175899986,-0.06563848705,-28.56557824671,0.36600000000,-0.06563848705,0.36622969928,0.00022969928,13.77525468453,0.03164166139,2.29699284088,1.07700000000,-28.56557824671,1.07981360513,0.00281360513,286.82503320289,8.07012384026,28.13605127188
91.00000000000,3.00000000000,B,BCW,bryophyte,1.00000000000,H4,3.74500000000,,1.13802526431,32.05331143030,28.16572921140,-0.09291394732,-28.54067922814,0.36600000000,-0.09291394732,0.36621974613,0.00021974613,11.38025264310,0.02500766467,2.19746129160,1.07700000000,-28.54067922814,1.07984098317,0.00284098317,320.53311430299,9.10629182021,28.40983166440
92.00000000000,3.00000000000,C,BUD,bryophyte,1.00000000000,H5,3.85000000000,,1.42642805397,30.97414505112,21.71448112290,219.03094965622,-24.22753275311,0.36600000000,219.03094965622,0.44611665797,0.08011665797,14.26428053971,11.42806485117,801.16657965043,1.07700000000,-24.22753275311,1.08458333071,0.00758333071,309.74145051121,23.48871855177,75.83330714376
93.00000000000,3.00000000000,D,SUW,bryophyte,1.00000000000,H6,3.03300000000,,1.06090118968,34.50849612798,32.52753080451,261.91685040607,-25.29032272786,0.36600000000,261.91685040607,0.46173871772,0.09573871772,10.60901189684,10.15693195249,957.38717717133,1.07700000000,-25.29032272786,1.08341482476,0.00641482476,345.08496127978,22.13659553892,64.14824759915
94.00000000000,3.00000000000,E,SCD,bryophyte,1.00000000000,H7,3.17800000000,,0.86471306585,33.77252814190,39.05634073959,-1.69916023145,-29.01051677241,0.36600000000,-1.69916023145,0.36563360336,-0.00036639664,8.64713065852,-0.03168279604,-3.66396638231,1.07700000000,-29.01051677241,1.07932436464,0.00232436464,337.72528141897,7.84996701278,23.24364637377
95.00000000000,3.00000000000,F,SUD,bryophyte,1.00000000000,H8,3.33700000000,,1.00046399230,35.30718306223,35.29080839896,26.45481754509,-28.51435198528,0.36600000000,26.45481754509,0.37590640288,0.00990640288,10.00463992297,0.99109993754,99.06402880816,1.07700000000,-28.51435198528,1.07986993161,0.00286993161,353.07183062227,10.13292007929,28.69931611771
96.00000000000,3.00000000000,G,BUW,bryophyte,1.00000000000,H9,3.27900000000,,1.43093444717,36.32088544920,25.38263406896,543.89554972315,-19.67205809214,0.36600000000,543.89554972315,0.56433320993,0.19833320993,14.30934447170,28.38018221051,1983.33209928913,1.07700000000,-19.67205809214,1.08959162680,0.01259162680,363.20885449201,45.73390345464,125.91626797923
97.00000000000,3.00000000000,H,SCW,bryophyte,1.00000000000,H10,3.02700000000,,1.16983183445,36.66379206692,31.34107910844,-0.93107469584,-28.29937012773,0.36600000000,-0.93107469584,0.36591388987,-0.00008611013,11.69831834445,-0.01007343705,-0.86110129286,1.07700000000,-28.29937012773,1.08010631694,0.00310631694,366.63792066922,11.38893582622,31.06316936730
98.00000000000,3.00000000000,A,BCD,graminoid,1.00000000000,H11,3.34700000000,,1.41866944139,37.50630002492,26.43765977520,0.53766314430,-30.27035354227,0.36600000000,0.53766314430,0.36644985105,0.00044985105,14.18669441389,0.06381899374,4.49851049681,1.07700000000,-30.27035354227,1.07793906127,0.00093906127,375.06300024918,3.52207136872,9.39061268743
99.00000000000,3.00000000000,B,BCW,graminoid,1.00000000000,H12,3.86400000000,,1.36685221580,36.71357169645,26.85994233468,1.50718798428,-29.26238317003,0.36600000000,1.50718798428,0.36680363988,0.00080363988,13.66852215801,0.10984569445,8.03639875505,1.07700000000,-29.26238317003,1.07904741808,0.00204741808,367.13571696445,7.51680303711,20.47418077235
,,,,,,,,PEACH,2.81297972682,44.50512175254,15.82134465037,2.01127212866,-26.01510200020,0.36600000000,2.01127212866,0.36698758398,0.00098758398,28.12979726821,0.27780537043,9.87583976457,1.07700000000,-26.01510200020,1.08261793568,0.00561793568,445.05121752535,25.00269115244,56.17935681980
100.00000000000,3.00000000000,C,BUD,graminoid,2.00000000000,A1,3.41800000000,,2.34841865564,39.04705861367,16.62695811066,38.19898307378,-29.35672112478,0.36600000000,38.19898307378,0.38019097793,0.01419097793,23.48418655643,3.33263573139,141.90977930553,1.07700000000,-29.35672112478,1.07894368581,0.00194368581,390.47058613674,7.58952137288,19.43685809467
101.00000000000,3.00000000000,D,SUW,graminoid,2.00000000000,A2,3.05200000000,,1.06355961699,38.81618234665,36.49648005293,13.52586332418,-30.07592776055,0.36600000000,13.52586332418,0.37118916008,0.00518916008,10.63559616992,0.55189811093,51.89160081965,1.07700000000,-30.07592776055,1.07815285236,0.00115285236,388.16182346651,4.47493274951,11.52852361817
102.00000000000,3.00000000000,E,SCD,graminoid,2.00000000000,A3,3.39200000000,,0.85373051052,37.86662360602,44.35430518115,-0.84440360440,-29.35412666134,0.36600000000,-0.84440360440,0.36594551742,-0.00005448258,8.53730510519,-0.00465134425,-0.54482582000,1.07700000000,-29.35412666134,1.07894653864,0.00194653864,378.66623606017,7.37088458758,19.46538636312
103.00000000000,3.00000000000,F,SUD,graminoid,2.00000000000,A4,3.19200000000,,1.34556304998,39.38703101022,29.27178403917,66.64793609330,-27.67875389383,0.36600000000,66.64793609330,0.39056836361,0.02456836361,13.45563049984,3.30582822699,245.68363608330,1.07700000000,-27.67875389383,1.08078871502,0.00378871502,393.87031010224,14.92262359789,37.88715019931
104.00000000000,3.00000000000,G,BUW,graminoid,2.00000000000,A5,3.58000000000,,1.79362291568,38.20166627367,21.29860515262,202.22022055567,-26.65601479181,0.36600000000,202.22022055567,0.43999167081,0.07399167081,17.93622915676,13.27131563383,739.91670812419,1.07700000000,-26.65601479181,1.08191324644,0.00491324644,382.01666273666,18.76942007884,49.13246439143
105.00000000000,3.00000000000,H,SCW,graminoid,2.00000000000,A6,3.83200000000,,1.17154621484,34.25051376619,29.23530743581,-0.60197450556,-29.49840249553,0.36600000000,-0.60197450556,0.36603398323,0.00003398323,11.71546214843,0.00398129253,0.33983230730,1.07700000000,-29.49840249553,1.07878789519,0.00178789519,342.50513766186,6.12363288038,17.87895189598
106.00000000000,3.00000000000,B,BCW,salix_stem,2.00000000000,A7,3.65300000000,,2.25805179450,42.62785442713,18.87815617470,-1.74918777443,-30.18045262918,0.36600000000,-1.74918777443,0.36561534747,-0.00038465253,22.58051794500,-0.08685653385,-3.84652531279,1.07700000000,-30.18045262918,1.07803791666,0.00103791666,426.27854427128,4.42441603090,10.37916660446
107.00000000000,3.00000000000,D,SUW,salix_stem,2.00000000000,A8,3.19600000000,,2.10416387089,45.66850707216,21.70387378280,-2.82909719780,-31.59262937679,0.36600000000,-2.82909719780,0.36522126870,-0.00077873130,21.04163870892,-0.16385782658,-7.78731299640,1.07700000000,-31.59262937679,1.07648505882,-0.00051494118,456.68507072161,-2.35165947751,-5.14941176815
108.00000000000,3.00000000000,E,SCD,salix_stem,2.00000000000,A9,3.38300000000,,1.65605307953,44.91227549174,27.12007003082,-4.31377429896,-30.71031348596,0.36600000000,-4.31377429896,0.36467947769,-0.00132052231,16.56053079535,-0.21868550404,-13.20522311414,1.07700000000,-30.71031348596,1.07745527676,0.00045527676,449.12275491737,2.04475154401,4.55276763786
109.00000000000,3.00000000000,F,SUD,salix_stem,2.00000000000,A10,3.49000000000,,1.36518231553,44.85061594304,32.85320607584,4.28244325203,-30.13053846175,0.36600000000,4.28244325203,0.36781634300,0.00181634300,13.65182315525,0.24796393446,18.16343001554,1.07700000000,-30.13053846175,1.07809280239,0.00109280239,448.50615943037,4.90128601468,10.92802386684
110.00000000000,3.00000000000,G,BUW,salix_stem,2.00000000000,A11,3.37100000000,,2.42013924841,43.62810928681,18.02710704167,40.36834255968,-29.81852552272,0.36600000000,40.36834255968,0.38098237600,0.01498237600,24.20139248409,3.62594361961,149.82376001670,1.07700000000,-29.81852552272,1.07843589111,0.00143589111,436.28109286805,6.26452141652,14.35891107575
111.00000000000,3.00000000000,H,SCW,salix_stem,2.00000000000,A12,3.69000000000,,2.18789811805,43.38413459151,19.82913840164,-4.52114813518,-29.90950232069,0.36600000000,-4.52114813518,0.36460380199,-0.00139619801,21.87898118050,-0.30547389985,-13.96198010016,1.07700000000,-29.90950232069,1.07833585347,0.00133585347,433.84134591505,5.79548468423,13.35853472426
,,,,,,,,PEACH,2.89377550843,45.98859890410,15.89224829988,1.73235655900,-26.34067690755,0.36600000000,1.73235655900,0.36688580567,0.00088580567,28.93775508432,0.25633227481,8.85805668283,1.07700000000,-26.34067690755,1.08225996447,0.00525996447,459.88598904100,24.18983961180,52.59964466898
112.00000000000,3.00000000000,B,BCW,salix_leaf,2.00000000000,B1,3.64000000000,,2.25253342969,42.64737012194,18.93306867716,-1.57196092749,-30.84957690701,0.36600000000,-1.57196092749,0.36568002050,-0.00031997950,22.52533429692,-0.07207645204,-3.19979499930,1.07700000000,-30.84957690701,1.07730214028,0.00030214028,426.47370121945,1.28854883284,3.02140279495
113.00000000000,3.00000000000,D,SUW,salix_leaf,2.00000000000,B2,3.58700000000,,1.71258906933,43.27990518950,25.27162292725,-3.49061073901,-32.24353011111,0.36600000000,-3.49061073901,0.36497986873,-0.00102013127,17.12589069332,-0.17470656646,-10.20131271367,1.07700000000,-32.24353011111,1.07576929892,-0.00123070108,432.79905189502,-5.32646258904,-12.30701076105
114.00000000000,3.00000000000,E,SCD,salix_leaf,2.00000000000,B3,3.24800000000,,1.45820066966,44.74184983482,30.68291680676,-4.38089504440,-30.78366249826,0.36600000000,-4.38089504440,0.36465498373,-0.00134501627,14.58200669663,-0.19613036294,-13.45016272588,1.07700000000,-30.78366249826,1.07737462097,0.00037462097,447.41849834818,1.67612352263,3.74620970929
115.00000000000,3.00000000000,F,SUD,salix_leaf,2.00000000000,B4,3.23500000000,,1.55183749440,44.90153494528,28.93443102594,7.27460944137,-30.61256503690,0.36600000000,7.27460944137,0.36890817484,0.00290817484,15.51837494404,0.45130147495,29.08174835164,1.07700000000,-30.61256503690,1.07756276238,0.00056276238,449.01534945280,2.52688945966,5.62762378332
116.00000000000,3.00000000000,G,BUW,salix_leaf,2.00000000000,B5,3.29100000000,,2.24959270438,42.74975190816,19.00332972493,0.73757460786,-31.88055234958,0.36600000000,0.73757460786,0.36652280085,0.00052280085,22.49592704382,0.11760889730,5.22800847770,1.07700000000,-31.88055234958,1.07616844697,-0.00083155303,427.49751908163,-3.55486856487,-8.31553028076
117.00000000000,3.00000000000,H,SCW,salix_leaf,2.00000000000,B6,3.29500000000,,1.51157561381,43.73779323244,28.93523342982,-4.60743789882,-30.85309308059,0.36600000000,-4.60743789882,0.36457231275,-0.00142768725,15.11575613811,-0.21580572362,-14.27687253251,1.07700000000,-30.85309308059,1.07729827383,0.00029827383,437.37793232440,1.30458389996,2.98273827631
118.00000000000,4.00000000000,A,BCW,equisetum,2.00000000000,B7,3.46000000000,,1.72493575789,38.41157065973,22.26840650961,1.60685260850,-25.72541126520,0.36600000000,1.60685260850,0.36684000830,0.00084000830,17.24935757893,0.14489603560,8.40008301406,1.07700000000,-25.72541126520,1.08293644989,0.00593644989,384.11570659731,22.80283645877,59.36449894426
119.00000000000,4.00000000000,B,SCW,equisetum,2.00000000000,B8,3.70100000000,,2.00031216633,32.38028673569,16.18761675339,0.94008297853,-28.45451812726,0.36600000000,0.94008297853,0.36659669818,0.00059669818,20.00312166329,0.11935826205,5.96698175698,1.07700000000,-28.45451812726,1.07993572261,0.00293572261,323.80286735687,9.50595397911,29.35722606999
120.00000000000,4.00000000000,C,BCD,equisetum,2.00000000000,B9,3.68800000000,,2.36475097011,35.37001326769,14.95718310924,2.27051279231,-26.96209054969,0.36600000000,2.27051279231,0.36708218258,0.00108218258,23.64750970110,0.25590923123,10.82182582705,1.07700000000,-26.96209054969,1.08157670991,0.00457670991,353.70013267691,16.18782903452,45.76709913000
121.00000000000,4.00000000000,D,SUD,equisetum,2.00000000000,B10,3.25000000000,,1.53395491870,36.12015463359,23.54707703162,2.31099589851,-28.36640126087,0.36600000000,2.31099589851,0.36709695512,0.00109695512,15.33954918697,0.16826796951,10.96955115554,1.07700000000,-28.36640126087,1.08003261234,0.00303261234,361.20154633593,10.95384268299,30.32612344577
122.00000000000,4.00000000000,E,BUW,equisetum,2.00000000000,B11,3.48500000000,,1.40035201113,34.56747189992,24.68484468566,1.79328993001,-26.27158590081,0.36600000000,1.79328993001,0.36690804071,0.00090804071,14.00352011127,0.12715766396,9.08040713717,1.07700000000,-26.27158590081,1.08233593059,0.00533593059,345.67471899916,18.44496305867,53.35930585862
123.00000000000,4.00000000000,F,SUW,equisetum,2.00000000000,B12,3.45700000000,,2.85078887595,39.24292838608,13.76563824739,1.07734487385,-26.99385241530,0.36600000000,1.07734487385,0.36664678635,0.00064678635,28.50788875955,0.18438513331,6.46786350493,1.07700000000,-26.99385241530,1.08154178696,0.00454178696,392.42928386079,17.82330205766,45.41786964090
,,,,,,,,PEACH,2.86395345506,46.81035081319,16.34466186260,1.68834318427,-26.33058814917,0.36600000000,1.68834318427,0.36686974485,0.00086974485,28.63953455060,0.24909087699,8.69744850593,1.07700000000,-26.33058814917,1.08227105715,0.00527105715,468.10350813191,24.67400341303,52.71057145352
124.00000000000,4.00000000000,G,BUD,equisetum,2.00000000000,C1,3.30000000000,,2.45153742555,37.85375991275,15.44082481392,27.58888487371,-25.08918009580,0.36600000000,27.58888487371,0.37632015602,0.01032015602,24.51537425554,2.53002487263,103.20156022317,1.07700000000,-25.08918009580,1.08363597722,0.00663597722,378.53759912754,25.11966883590,66.35977217005
125.00000000000,4.00000000000,H,SCD,equisetum,2.00000000000,C2,3.17400000000,,1.87613717313,31.59839888476,16.84226470074,2.29037981343,-28.77722916607,0.36600000000,2.29037981343,0.36708943218,0.00108943218,18.76137173130,0.20439242118,10.89432180670,1.07700000000,-28.77722916607,1.07958088100,0.00258088100,315.98398884765,8.15517072487,25.80880997992
126.00000000000,4.00000000000,A,BCW,bryophyte,2.00000000000,C3,3.32100000000,,1.15771787436,35.71284887992,30.84762675853,-0.58611258179,-28.63373313567,0.36600000000,-0.58611258179,0.36603977147,0.00003977147,11.57717874360,0.00460441370,0.39771465961,1.07700000000,-28.63373313567,1.07973866446,0.00273866446,357.12848879920,9.78055098617,27.38664456330
127.00000000000,4.00000000000,B,SCW,bryophyte,2.00000000000,C4,3.53700000000,,1.06074964026,37.32137858083,35.18396534324,-1.65738970279,-29.84598689529,0.36600000000,-1.65738970279,0.36564884613,-0.00035115387,10.60749640262,-0.03724863454,-3.51153873908,1.07700000000,-29.84598689529,1.07840569474,0.00140569474,373.21378580830,5.24624655616,14.05694740026
128.00000000000,4.00000000000,C,BCD,bryophyte,2.00000000000,C5,3.17500000000,,1.36862194698,37.45886572766,27.36976840853,-0.36560421362,-28.35141157842,0.36600000000,-0.36560421362,0.36612023795,0.00012023795,13.68621946979,0.01645602941,1.20237947733,1.07700000000,-28.35141157842,1.08004909437,0.00304909437,374.58865727659,11.42156167254,30.49094373434
129.00000000000,4.00000000000,D,SUD,bryophyte,2.00000000000,C6,3.57600000000,,1.06790668625,34.24734242593,32.06960202315,26.44736924313,-28.49563334333,0.36600000000,26.44736924313,0.37590368543,0.00990368543,10.67906686251,1.05762118901,99.03685430854,1.07700000000,-28.49563334333,1.07989051392,0.00289051392,342.47342425925,9.89924198550,28.90513915615
130.00000000000,4.00000000000,E,BUW,bryophyte,2.00000000000,C7,3.86600000000,,1.25314262466,30.62329041849,24.43719479007,132.88178127330,-26.93987194039,0.36600000000,132.88178127330,0.41472025133,0.04872025133,12.53142624657,6.10534236248,487.20251329368,1.07700000000,-26.93987194039,1.08160113980,0.00460113980,306.23290418486,14.09020404519,46.01139803281
131.00000000000,4.00000000000,F,SUW,bryophyte,2.00000000000,C8,3.31800000000,,1.14301330245,35.33776787372,30.91632249432,148.12232934063,-27.44540338690,0.36600000000,148.12232934063,0.42027599441,0.05427599441,11.43013302446,6.20381836086,542.75994405152,1.07700000000,-27.44540338690,1.08104529295,0.00404529295,353.37767873724,14.29516231601,40.45292947504
132.00000000000,4.00000000000,G,BUD,bryophyte,2.00000000000,C9,3.83200000000,,1.15944150714,31.77356650676,27.40419961786,10.18831210943,-28.78606304942,0.36600000000,10.18831210943,0.36997135259,0.00397135259,11.59441507135,0.46045510267,39.71352585167,1.07700000000,-28.78606304942,1.07957116754,0.00257116754,317.73566506760,8.16951627520,25.71167537474
133.00000000000,4.00000000000,H,SCD,bryophyte,2.00000000000,C10,3.67400000000,,1.45192491677,36.19022296657,24.92568489496,-0.51937883033,-29.16283768846,0.36600000000,-0.51937883033,0.36606412353,0.00006412353,14.51924916771,0.00931025465,0.64123526901,1.07700000000,-29.16283768846,1.07915687621,0.00215687621,361.90222966566,7.80578309206,21.56876209154
134.00000000000,4.00000000000,A,BCW,graminoid,2.00000000000,C11,3.39300000000,,1.51620283699,37.00607859705,24.40707647694,0.31372348242,-29.57407205345,0.36600000000,0.31372348242,0.36636813298,0.00036813298,15.16202836993,0.05581642719,3.68132982152,1.07700000000,-29.57407205345,1.07870468993,0.00170468993,370.06078597050,6.30838893810,17.04689925887
135.00000000000,4.00000000000,B,SCW,graminoid,2.00000000000,C12,3.51300000000,,1.15321636250,36.91281350908,32.00857593558,-0.32842628489,-29.61173470958,0.36600000000,-0.32842628489,0.36613380466,0.00013380466,11.53216362495,0.01543057270,1.33804663252,1.07700000000,-29.61173470958,1.07866327651,0.00166327651,369.12813509076,6.13962154762,16.63276505896
,,,,,,,,PEACH,2.86255551639,46.13231593073,16.11578034612,1.74844389714,-26.39815601887,0.36600000000,1.74844389714,0.36689167606,0.00089167606,28.62555516391,0.25524722242,8.91676059946,1.07700000000,-26.39815601887,1.08219676563,0.00519676563,461.32315930726,23.97388339373,51.96765631651
136.00000000000,4.00000000000,C,BCD,graminoid,2.00000000000,D1,3.17000000000,,1.50236001759,38.10758727836,25.36515005207,0.27780477987,-29.90011856347,0.36600000000,0.27780477987,0.36635502584,0.00035502584,15.02360017588,0.05333766220,3.55025836553,1.07700000000,-29.90011856347,1.07834617181,0.00134617181,381.07587278361,5.12993599172,13.46171814617
137.00000000000,4.00000000000,D,SUD,graminoid,2.00000000000,D2,3.35600000000,,1.35780987585,39.40769981857,29.02298806304,41.22330022652,-27.75372820018,0.36600000000,41.22330022652,0.38129426730,0.01529426730,13.57809875847,2.07667071890,152.94267303846,1.07700000000,-27.75372820018,1.08070627758,0.00370627758,394.07699818575,14.60558743718,37.06277581391
138.00000000000,4.00000000000,E,BUW,graminoid,2.00000000000,D3,3.32000000000,,1.35249005607,38.59467462409,28.53601359273,30.16389981143,-29.08782690812,0.36600000000,30.16389981143,0.37725961175,0.01125961175,13.52490056072,1.52285129279,112.59611750607,1.07700000000,-29.08782690812,1.07923935634,0.00223935634,385.94674624087,8.64272291601,22.39356336123
139.00000000000,4.00000000000,F,SUW,graminoid,2.00000000000,D4,3.61000000000,,1.61787539640,38.68630797921,23.91179695619,3.12014357024,-28.47410419431,0.36600000000,3.12014357024,0.36739221713,0.00139221713,16.17875396403,0.22524338361,13.92217126939,1.07700000000,-28.47410419431,1.07991418654,0.00291418654,386.86307979214,11.27391178066,29.14186535121
140.00000000000,4.00000000000,G,BUD,graminoid,2.00000000000,D5,3.63600000000,,1.35561059632,36.09521931452,26.62653966590,0.97262324716,-29.74934988023,0.36600000000,0.97262324716,0.36660857243,0.00060857243,13.55610596323,0.08249872410,6.08572434641,1.07700000000,-29.74934988023,1.07851195617,0.00151195617,360.95219314520,5.45743893706,15.11956165028
141.00000000000,4.00000000000,H,SCD,graminoid,2.00000000000,D6,3.84100000000,,1.64140298401,37.00057466610,22.54204179389,-0.48261297046,-28.93889761631,0.36600000000,-0.48261297046,0.36607753989,0.00007753989,16.41402984007,0.01272742039,0.77539888203,1.07700000000,-28.93889761631,1.07940311515,0.00240311515,370.00574666105,8.89166414913,24.03115148715
142.00000000000,3.00000000000,B,BCW,lichen,2.00000000000,D7,3.40600000000,,3.28309924607,39.79119009206,12.12000829390,-0.51530374045,-27.20192134873,0.36600000000,-0.51530374045,0.36606561058,0.00006561058,32.83099246069,0.02154060546,0.65610582691,1.07700000000,-27.20192134873,1.08131300947,0.00431300947,397.91190092063,17.16197795873,43.13009467428
143.00000000000,3.00000000000,E,SCD,lichen,2.00000000000,D8,3.47500000000,det var alt der var,1.88148059201,39.64112484909,21.06911175027,-1.43571315395,-30.81779903393,0.36600000000,-1.43571315395,0.36572973953,-0.00027026047,18.81480592013,-0.05084898343,-2.70260472792,1.07700000000,-30.81779903393,1.07733708382,0.00033708382,396.41124849086,1.33623819587,3.37083824175
144.00000000000,3.00000000000,F,SUD,lichen,2.00000000000,D9,3.31700000000,,4.07920753073,39.41158748912,9.66157941027,-0.68207443365,-26.03702682140,0.36600000000,-0.68207443365,0.36600475365,0.00000475365,40.79207530728,0.00193911230,0.04753649550,1.07700000000,-26.03702682140,1.08259382931,0.00559382931,394.11587489116,22.04616934229,55.93829314382
145.00000000000,3.00000000000,H,SCW,lichen,2.00000000000,D10,3.69200000000,,2.59444783631,39.36518325989,15.17285593834,-1.43505193665,-30.27901222561,0.36600000000,-1.43505193665,0.36572998082,-0.00027001918,25.94447836312,-0.07005506876,-2.70019183975,1.07700000000,-30.27901222561,1.07792954014,0.00092954014,393.65183259887,3.65915178255,9.29540136622
148.00000000000,4.00000000000,D,SUD,lichen,2.00000000000,D11,3.19500000000,,2.23338297252,37.64972523769,16.85771123939,-1.03727539527,-25.66367568074,0.36600000000,-1.03727539527,0.36587513566,-0.00012486434,22.33382972519,-0.02788698979,-1.24864343173,1.07700000000,-25.66367568074,1.08300432774,0.00600432774,376.49725237695,22.60612898146,60.04327744424
149.00000000000,4.00000000000,F,SUW,lichen,2.00000000000,D12,3.93700000000,,3.26915739804,36.79205079933,11.25429164756,0.10369815182,-25.95702369089,0.36600000000,0.10369815182,0.36629149229,0.00029149229,32.69157398041,0.09529341655,2.91492286697,1.07700000000,-25.95702369089,1.08268179280,0.00568179280,367.92050799328,20.90448092171,56.81792796961
,,,,,,,,PEACH,2.86340705219,46.43922385464,16.21817052489,1.84077990933,-26.30664817785,0.36600000000,1.84077990933,0.36692537016,0.00092537016,28.63407052193,0.26497114349,9.25370157519,1.07700000000,-26.30664817785,1.08229737934,0.00529737934,464.39223854644,24.60061852059,52.97379344149
150.00000000000,4.00000000000,H,SCD,lichen,2.00000000000,E1,3.66600000000,,3.21835011023,39.15010193533,12.16464977221,-0.67166463129,-27.25620095709,0.36600000000,-0.67166463129,0.36600855233,0.00000855233,32.18350110234,0.00275244006,0.08552332621,1.07700000000,-27.25620095709,1.08125332738,0.00425332738,391.50101935333,16.65182003299,42.53327375876
151.00000000000,4.00000000000,A,BCW,salix_stem,2.00000000000,E2,3.48400000000,,1.57776119902,43.21033732044,27.38712128768,-1.52972656990,-30.05272671847,0.36600000000,-1.52972656990,0.36569543251,-0.00030456749,15.77761199015,-0.04805347699,-3.04567491061,1.07700000000,-30.05272671847,1.07817836423,0.00117836423,432.10337320439,5.09175156941,11.78364226053
152.00000000000,4.00000000000,B,SCW,salix_stem,2.00000000000,E3,3.83600000000,,1.92903376482,42.82103867797,22.19817996916,-6.22056140613,-30.31730213885,0.36600000000,-6.22056140613,0.36398364090,-0.00201635910,19.29033764815,-0.38896247891,-20.16359101640,1.07700000000,-30.31730213885,1.07788743633,0.00088743633,428.21038677967,3.80009454901,8.87436331844
153.00000000000,4.00000000000,C,BCD,salix_stem,2.00000000000,E4,3.48600000000,,2.51273231657,43.71004046671,17.39542257583,-1.30423143363,-29.43987224026,0.36600000000,-1.30423143363,0.36577771930,-0.00022228070,25.12732316572,-0.05585319058,-2.22280702990,1.07700000000,-29.43987224026,1.07885225420,0.00185225420,437.10040466715,8.09621061485,18.52254202560
154.00000000000,4.00000000000,D,SUD,salix_stem,2.00000000000,E5,4.10400000000,,1.87846133715,42.95016316052,22.86454467338,1.28842068910,-29.63509185852,0.36600000000,1.28842068910,0.36672380983,0.00072380983,18.78461337152,0.13596487819,7.23809830435,1.07700000000,-29.63509185852,1.07863759324,0.00163759324,429.50163160516,7.03348967763,16.37593238318
155.00000000000,4.00000000000,E,BUW,salix_stem,2.00000000000,E6,3.88900000000,,1.70062205716,43.13379848273,25.36354171182,-3.40729063198,-29.05383318265,0.36600000000,-3.40729063198,0.36501027402,-0.00098972598,17.00622057157,-0.16831498267,-9.89725976809,1.07700000000,-29.05383318265,1.07927673501,0.00227673501,431.33798482727,9.82042290623,22.76735008664
,,,,,,,,PEACH,2.78725885807,45.09081706670,16.17747735775,-2.11632263957,-32.23252071664,0.36600000000,-2.11632263957,0.36548137357,-0.00051862643,27.87258858075,-0.14455461164,-5.18626431909,1.07700000000,-32.23252071664,1.07578140544,-0.00121859456,450.90817066704,-5.49474244592,-12.18594561680
156.00000000000,4.00000000000,F,SUW,salix_stem,2.00000000000,E7,3.99700000000,,1.58213960490,43.52205332151,27.50835209911,10.41770704519,-35.15098268554,0.36600000000,10.41770704519,0.37005505529,0.00405505529,15.82139604899,0.64156635688,40.55055286502,1.07700000000,-35.15098268554,1.07257200605,-0.00442799395,435.22053321508,-19.27153888446,-44.27993951044
157.00000000000,4.00000000000,H,SCD,salix_stem,2.00000000000,E8,3.72900000000,,2.06112623639,43.36327256572,21.03863014314,-5.39456183753,-34.11657088388,0.36600000000,-5.39456183753,0.36428507107,-0.00171492893,20.61126236389,-0.35346850125,-17.14928930661,1.07700000000,-34.11657088388,1.07370956075,-0.00329043925,433.63272565717,-14.26842140292,-32.90439249319
158.00000000000,4.00000000000,B,SCW,salix_leaf,2.00000000000,E9,3.70900000000,,0.99878027195,42.95423923329,43.00669570630,1.46851320463,-36.83817737649,0.36600000000,1.46851320463,0.36678952713,0.00078952713,9.98780271952,0.07885641207,7.89527129067,1.07700000000,-36.83817737649,1.07071652227,-0.00628347773,429.54239233286,-26.99020057491,-62.83477732739
159.00000000000,4.00000000000,C,BCD,salix_leaf,2.00000000000,E10,3.82000000000,,2.31165510377,41.66029260539,18.02184613846,0.22545974091,-38.19505197012,0.36600000000,0.22545974091,0.36633592453,0.00033592453,23.11655103773,0.07765416465,3.35924526647,1.07700000000,-38.19505197012,1.06922425584,-0.00777574416,416.60292605386,-32.39397771143,-77.75744164418
160.00000000000,4.00000000000,D,SUD,salix_leaf,2.00000000000,E11,3.46300000000,,1.47820659799,43.84626175049,29.66179545542,-3.66169737972,-37.44667226037,0.36600000000,-3.66169737972,0.36491743548,-0.00108256452,14.78206597992,-0.16002540090,-10.82564515138,1.07700000000,-37.44667226037,1.07004731603,-0.00695268397,438.46261750488,-30.48492010024,-69.52683965104
161.00000000000,4.00000000000,E,BUW,salix_leaf,2.00000000000,E12,3.10900000000,,1.09497653530,43.56073805812,39.78234843734,13.61483082972,-38.16591217242,0.36600000000,13.61483082972,0.37122162219,0.00522162219,10.94976535303,0.57175537702,52.21622186247,1.07700000000,-38.16591217242,1.06925630374,-0.00774369626,435.60738058120,-33.73211244960,-77.43696262583
,,,,,,,,PEACH,2.79352843875,45.32046212205,16.22337596186,1.72289155933,-35.39561871373,0.36600000000,1.72289155933,0.36688235182,0.00088235182,27.93528438754,0.24648748961,8.82351817816,1.07700000000,-35.39561871373,1.07230297314,-0.00469702686,453.20462122049,-21.28714281073,-46.97026864688
162.00000000000,4.00000000000,F,SUW,salix_leaf,2.00000000000,F1,3.40700000000,,1.23375306860,44.78612950650,36.30072390211,-3.31451451701,-39.54580496322,0.36600000000,-3.31451451701,0.36504413000,-0.00095587000,12.33753068597,-0.11793075505,-9.55870003924,1.07700000000,-39.54580496322,1.06773867712,-0.00926132288,447.86129506503,-41.47788061251,-92.61322884909
163.00000000000,4.00000000000,H,SCD,salix_leaf,2.00000000000,F2,3.09300000000,,1.12913213086,44.30308758093,39.23640676782,-3.99242178143,-39.24038299349,0.36600000000,-3.99242178143,0.36479674672,-0.00120325328,11.29132130857,-0.13586319386,-12.03253278774,1.07700000000,-39.24038299349,1.06807458875,-0.00892541125,443.03087580926,-39.54232761252,-89.25411245952
164.00000000000,5.00000000000,A,SUW,equisetum,2.00000000000,F3,3.30000000000,det var alt der var,1.94933384667,34.43199016397,17.66346499486,0.41343876226,-38.66223325849,0.36600000000,0.41343876226,0.36640452021,0.00040452021,19.49333846671,0.07885449386,4.04520210797,1.07700000000,-38.66223325849,1.06871044778,-0.00828955222,344.31990163971,-28.54257803613,-82.89552215891
165.00000000000,5.00000000000,B,SUD,equisetum,2.00000000000,F4,3.30500000000,,1.74272704715,37.03671105939,21.25215828833,1.21032885988,-39.02137438288,0.36600000000,1.21032885988,0.36669531343,0.00069531343,17.42727047150,0.12117415161,6.95313427353,1.07700000000,-39.02137438288,1.06831545916,-0.00868454084,370.36711059390,-32.16468299444,-86.84540844585
166.00000000000,5.00000000000,C,SCW,equisetum,2.00000000000,F5,3.46900000000,,1.90087414631,32.18345966567,16.93087347637,2.71562993276,-27.63317311998,0.36600000000,2.71562993276,0.36724460831,0.00124460831,19.00874146310,0.23658437525,12.44608306688,1.07700000000,-27.63317311998,1.08083883295,0.00383883295,321.83459665671,12.35469254803,38.38832952198
167.00000000000,5.00000000000,D,BUD,equisetum,2.00000000000,F6,3.24000000000,,1.34545472895,34.39033454505,25.56038029746,-0.79547382630,-26.09014602573,0.36600000000,-0.79547382630,0.36596337260,-0.00003662740,13.45454728953,-0.00492805087,-0.36627400115,1.07700000000,-26.09014602573,1.08253542464,0.00553542464,343.90334545047,19.03651050760,55.35424635855
168.00000000000,5.00000000000,F,BCW,equisetum,2.00000000000,F7,3.20700000000,,2.03069340690,35.79953169395,17.62921550460,1.08030436437,-27.84790001235,0.36600000000,1.08030436437,0.36664786630,0.00064786630,20.30693406897,0.13156178164,6.47866296253,1.07700000000,-27.84790001235,1.08060273147,0.00360273147,357.99531693947,12.89760995900,36.02731474049
169.00000000000,5.00000000000,G,SCD,equisetum,2.00000000000,F8,3.07900000000,,1.90610656624,33.79693569123,17.73087417558,1.37721771934,-27.82322823511,0.36600000000,1.37721771934,0.36675621264,0.00075621264,19.06106566238,0.14414218724,7.56212636781,1.07700000000,-27.82322823511,1.08062985921,0.00362985921,337.96935691225,12.26781184368,36.29859214387
170.00000000000,5.00000000000,H,BUW,equisetum,2.00000000000,F9,3.24300000000,,1.78832906429,38.02389698517,21.26224851140,1.11510553738,-24.72855647654,0.36600000000,1.11510553738,0.36666056557,0.00066056557,17.88329064293,0.11813086040,6.60565567940,1.07700000000,-24.72855647654,1.08403247348,0.00703247348,380.23896985165,26.74020470715,70.32473477819
171.00000000000,5.00000000000,A,SUW,bryophyte,2.00000000000,F10,3.05600000000,,0.97015877512,35.26839365699,36.35321821689,-1.79207098074,-26.93433386832,0.36600000000,-1.79207098074,0.36559969866,-0.00040030134,9.70158775121,-0.03883558585,-4.00301340867,1.07700000000,-26.93433386832,1.08160722904,0.00460722904,352.68393656985,16.24895675769,46.07229043579
172.00000000000,5.00000000000,B,SUD,bryophyte,2.00000000000,F11,3.69800000000,,1.02686956818,34.37850055982,33.47893600612,16.04340573324,-27.54841944978,0.36600000000,16.04340573324,0.37210774262,0.00610774262,10.26869568183,0.62718550302,61.07742623348,1.07700000000,-27.54841944978,1.08093202296,0.00393202296,343.78500559819,13.51770534395,39.32022957322
173.00000000000,5.00000000000,C,SCW,bryophyte,2.00000000000,F12,3.01400000000,,0.93916961338,34.74311326776,36.99343842996,-1.53797479425,-28.98629589910,0.36600000000,-1.53797479425,0.36569242260,-0.00030757740,9.39169613377,-0.02888673505,-3.07577402857,1.07700000000,-28.98629589910,1.07935099728,0.00235099728,347.43113267762,8.16809646813,23.50997276835
,,,,,,,,PEACH,2.78944598893,44.91088492437,16.10028840948,2.14218036946,-25.37122860122,0.36600000000,2.14218036946,0.36703535327,0.00103535327,27.89445988926,0.28880620217,10.35353268406,1.07700000000,-25.37122860122,1.08332587003,0.00632587003,449.10884924368,28.41004209028,63.25870028641
174.00000000000,5.00000000000,D,BUD,bryophyte,2.00000000000,G1,3.23200000000,,0.78598292370,36.68278122306,46.67121907740,32.00696353595,-27.00388269548,0.36600000000,32.00696353595,0.37793201514,0.01193201514,7.85982923699,0.93783601415,119.32015135088,1.07700000000,-27.00388269548,1.08153075842,0.00453075842,366.82781223063,16.62008199069,45.30758420313
175.00000000000,5.00000000000,E,BCD,bryophyte,2.00000000000,G2,3.35700000000,,0.77606393657,37.05459643167,47.74683461715,-0.44578853025,-28.36759806734,0.36600000000,-0.44578853025,0.36609097762,0.00009097762,7.76063936569,0.00706044520,0.90977622646,1.07700000000,-28.36759806734,1.08003129639,0.00303129639,370.54596431672,11.23234642455,30.31296385931
176.00000000000,5.00000000000,F,BCW,bryophyte,2.00000000000,G3,3.60500000000,,1.08314459940,38.15584421365,35.22691636432,-1.15796068669,-42.29389758279,0.36600000000,-1.15796068669,0.36583109576,-0.00016890424,10.83144599403,-0.01829477117,-1.68904236587,1.07700000000,-42.29389758279,1.06471614526,-0.01228385474,381.55844213647,-46.87008478208,-122.83854740478
177.00000000000,5.00000000000,G,SCD,bryophyte,2.00000000000,G4,3.52900000000,,0.89404104333,34.49615338690,38.58452992089,-2.87081354535,-27.65498689286,0.36600000000,-2.87081354535,0.36520604558,-0.00079395442,8.94041043331,-0.07098278407,-7.93954423022,1.07700000000,-27.65498689286,1.08081484782,0.00381484782,344.96153386899,13.15975755339,38.14847819637
178.00000000000,5.00000000000,H,BUW,bryophyte,2.00000000000,G5,3.15100000000,,0.87883965005,33.97223491741,38.65578312878,1.07384475866,-28.11244284175,0.36600000000,1.07384475866,0.36664550913,0.00064550913,8.78839650053,0.05672990141,6.45509125700,1.07700000000,-28.11244284175,1.08031185368,0.00331185368,339.72234917409,11.25110710671,33.11853675234
179.00000000000,5.00000000000,C,SCW,lichen,2.00000000000,G6,3.38900000000,,2.65152922461,40.76584034497,15.37446390056,-0.85718255112,-28.02273607015,0.36600000000,-0.85718255112,0.36594085419,-0.00005914581,26.51529224606,-0.01568268306,-0.59145805061,1.07700000000,-28.02273607015,1.08041049086,0.00341049086,407.65840344972,13.90315257475,34.10490856339
180.00000000000,5.00000000000,D,BUD,lichen,2.00000000000,G7,3.54500000000,,0.52965832333,38.94459240526,73.52776439042,-1.19462207468,-29.71033685782,0.36600000000,-1.19462207468,0.36581771746,-0.00018228254,5.29658323330,-0.00965474650,-1.82282540860,1.07700000000,-29.71033685782,1.07855485456,0.00155485456,389.44592405263,6.05531771951,15.54854562734
181.00000000000,5.00000000000,A,SUW,lichen,2.00000000000,G8,3.71800000000,,3.62869231646,38.31060367156,10.55768864661,-1.11867183987,-22.76915101633,0.36600000000,-1.11867183987,0.36584543286,-0.00015456714,36.28692316462,-0.05608765794,-1.54567136169,1.07700000000,-22.76915101633,1.08618673311,0.00918673311,383.10603671560,35.19492911237,91.86733107654
182.00000000000,5.00000000000,A,SUW,graminoid,2.00000000000,G9,3.35300000000,,0.91014740165,38.50001476337,42.30085664542,80.15650704489,-47.22990947939,0.36600000000,80.15650704489,0.39549515704,0.02949515704,9.10147401649,2.68449405416,294.95157040407,1.07700000000,-47.22990947939,1.05928673299,-0.01771326701,385.00014763367,-68.19610412041,-177.13267005106
183.00000000000,5.00000000000,B,SUD,graminoid,2.00000000000,G10,3.32500000000,,0.85520049780,39.78572359021,46.52210059790,84.31411220848,-27.05915721370,0.36600000000,84.31411220848,0.39701140454,0.03101140454,8.55200497804,2.65209685964,310.11404535498,1.07700000000,-27.05915721370,1.08146998266,0.00446998266,397.85723590213,17.78414946360,44.69982661815
184.00000000000,5.00000000000,C,SCW,graminoid,2.00000000000,G11,3.13400000000,,1.08198753756,36.42119246382,33.66137889712,-1.31025316194,-28.26729600667,0.36600000000,-1.31025316194,0.36577552187,-0.00022447813,10.81987537562,-0.02428825352,-2.24478126365,1.07700000000,-28.26729600667,1.08014158424,0.00314158424,364.21192463824,11.44202443043,31.41584241592
185.00000000000,5.00000000000,D,BUD,graminoid,2.00000000000,G12,3.54200000000,,1.60190104193,38.82694476479,24.23804201911,-0.64509201285,-28.49677869794,0.36600000000,-0.64509201285,0.36601824905,0.00001824905,16.01901041931,0.00292331769,0.18249052948,1.07700000000,-28.49677869794,1.07988925453,0.00288925453,388.26944764786,11.21809259574,28.89254527674
,,,,,,,,PEACH,2.74013998053,46.30041847926,16.89709971324,2.05762785423,-26.16270529352,0.36600000000,2.05762785423,0.36700449950,0.00100449950,27.40139980531,0.27524692288,10.04499495759,1.07700000000,-26.16270529352,1.08245564545,0.00545564545,463.00418479257,25.25986676234,54.55645454620
186.00000000000,5.00000000000,E,BCD,graminoid,2.00000000000,H1,3.65800000000,,1.65913961855,39.38553763617,23.73853122169,0.38957683439,-28.27457786997,0.36600000000,0.38957683439,0.36639581273,0.00039581273,16.59139618553,0.06567085769,3.95812726995,1.07700000000,-28.27457786997,1.08013357742,0.00313357742,393.85537636174,12.34176315865,31.33577424449
187.00000000000,5.00000000000,F,BCW,graminoid,2.00000000000,H2,3.56500000000,,1.81416980964,39.49279224666,21.76907147101,1.88646557139,-28.72472582731,0.36600000000,1.88646557139,0.36694204119,0.00094204119,18.14169809643,0.17090226808,9.42041186954,1.07700000000,-28.72472582731,1.07963861198,0.00263861198,394.92792246663,10.42061547436,26.38611979947
188.00000000000,5.00000000000,G,SCD,graminoid,2.00000000000,H3,3.41900000000,,1.12261508432,34.19025413559,30.45590123734,-0.91675180155,-28.42554615427,0.36600000000,-0.91675180155,0.36591911651,-0.00008088349,11.22615084320,-0.00908010311,-0.80883494558,1.07700000000,-28.42554615427,1.07996757904,0.00296757904,341.90254135593,10.14622814114,29.67579036090
189.00000000000,5.00000000000,A,SUW,salix_stem,2.00000000000,H4,3.75000000000,,1.54869372594,44.55436924424,28.76899964017,-3.20229571632,-29.68720883130,0.36600000000,-3.20229571632,0.36508508099,-0.00091491901,15.48693725938,-0.14169293355,-9.14919013230,1.07700000000,-29.68720883130,1.07858028593,0.00158028593,445.54369244237,7.04086429431,15.80285932389
190.00000000000,5.00000000000,B,SUD,salix_stem,2.00000000000,H5,3.14000000000,,1.77616499702,45.33565435292,25.52446108829,-2.27686509793,-29.08689026309,0.36600000000,-2.27686509793,0.36542278872,-0.00057721128,17.76164997024,-0.10252224745,-5.77211281711,1.07700000000,-29.08689026309,1.07924038625,0.00224038625,453.35654352918,10.15693765820,22.40386248565
191.00000000000,5.00000000000,C,SCW,salix_stem,2.00000000000,H6,4.06200000000,,1.78152769036,43.13715673781,24.21357634309,-7.67051208700,-30.15176290037,0.36600000000,-7.67051208700,0.36345450924,-0.00254549076,17.81527690358,-0.45348622819,-25.45490764142,1.07700000000,-30.15176290037,1.07806946396,0.00106946396,431.37156737813,4.61336342784,10.69463955605
192.00000000000,5.00000000000,D,BUD,salix_stem,2.00000000000,H7,3.89000000000,,1.45913976227,43.62002600507,29.89434400536,13.14636022460,-30.02274810838,0.36600000000,13.14636022460,0.37105068829,0.00505068829,14.59139762266,0.73696601040,50.50688285374,1.07700000000,-30.02274810838,1.07821132868,0.00121132868,436.20026005065,5.28381887019,12.11328684117
193.00000000000,5.00000000000,E,BCD,salix_stem,2.00000000000,H8,3.32500000000,,2.32899768263,44.08520059430,18.92882973782,-1.16088528928,-29.51407630435,0.36600000000,-1.16088528928,0.36583002853,-0.00016997147,23.28997682631,-0.03958631572,-1.69971468917,1.07700000000,-29.51407630435,1.07877066048,0.00177066048,440.85200594304,7.80599226373,17.70660484356
194.00000000000,5.00000000000,F,BCW,salix_stem,2.00000000000,H9,3.99800000000,,2.16352363365,41.97369003570,19.40061545106,-3.66341377471,-27.98798278906,0.36600000000,-3.66341377471,0.36491680913,-0.00108319087,21.63523633649,-0.23435090372,-10.83190865470,1.07700000000,-27.98798278906,1.08044870381,0.00344870381,419.73690035699,14.47548248541,34.48703812579
195.00000000000,5.00000000000,G,SCD,salix_stem,2.00000000000,H10,3.29400000000,,1.40931054950,43.48009953149,30.85203580355,-4.74084803458,-28.70132777872,0.36600000000,-4.74084803458,0.36452362809,-0.00147637191,14.09310549500,-0.20806665089,-14.76371910831,1.07700000000,-28.70132777872,1.07966433970,0.00266433970,434.80099531491,11.58457553254,26.64339699624
196.00000000000,5.00000000000,H,BUW,salix_stem,2.00000000000,H11,3.32300000000,,2.04552347212,42.92671503681,20.98568685326,-2.11851257603,-30.05516510307,0.36600000000,-2.11851257603,0.36548057442,-0.00051942558,20.45523472115,-0.10624972137,-5.19425578909,1.07700000000,-30.05516510307,1.07817568298,0.00117568298,429.26715036807,5.04682082194,11.75682979145
197.00000000000,5.00000000000,A,SUW,salix_leaf,2.00000000000,H12,3.35400000000,,1.18195592640,43.73857988926,37.00525452126,0.10348944325,-29.94859339355,0.36600000000,0.10348944325,0.36629141613,0.00029141613,11.81955926398,0.03444410177,2.91416126443,1.07700000000,-29.94859339355,1.07829286906,0.00129286906,437.38579889261,5.65482566995,12.92869060739
,,,,,,,,PEACH,2.73145330594,45.75909683182,16.75265571349,2.65026822657,-25.29999685181,0.36600000000,2.65026822657,0.36722075749,0.00122075749,27.31453305936,0.33344420796,12.20757489188,1.07700000000,-25.29999685181,1.08340418822,0.00640418822,457.59096831824,29.30498689652,64.04188221683
198.00000000000,5.00000000000,B,SUD,salix_leaf,3.00000000000,A1,3.19200000000,,1.95990885930,44.98425484106,22.95221771538,-5.15625780469,-29.25220706559,0.36600000000,-5.15625780469,0.36437203449,-0.00162796551,19.59908859305,-0.31906640319,-16.27965513143,1.07700000000,-29.25220706559,1.07905860752,0.00205860752,449.84254841057,9.26049253066,20.58607520205
199.00000000000,5.00000000000,C,SCW,salix_leaf,3.00000000000,A2,3.65400000000,,1.57362172977,43.08262458471,27.37800563482,-6.22297322296,-30.70888400612,0.36600000000,-6.22297322296,0.36398276076,-0.00201723924,15.73621729770,-0.31743715073,-20.17239243218,1.07700000000,-30.70888400612,1.07745684864,0.00045684864,430.82624584714,1.96822385467,4.56848642264
200.00000000000,5.00000000000,D,BUD,salix_leaf,3.00000000000,A3,3.19500000000,,2.56536183855,45.14293603209,17.59710281556,0.39455125663,-29.16904775870,0.36600000000,0.39455125663,0.36639762795,0.00039762795,25.65361838550,0.10200595671,3.97627949316,1.07700000000,-29.16904775870,1.07915004775,0.00215004775,451.42936032091,9.70594681680,21.50047752744
201.00000000000,5.00000000000,F,BCW,salix_leaf,3.00000000000,A4,3.20500000000,,2.23573724985,44.87622939680,20.07222870215,-1.87688633095,-29.52994001914,0.36600000000,-1.87688633095,0.36556874808,-0.00043125192,22.35737249845,-0.09641659720,-4.31251915709,1.07700000000,-29.52994001914,1.07875321696,0.00175321695,448.76229396805,7.86777662548,17.53216954996
202.00000000000,5.00000000000,G,SCD,salix_leaf,3.00000000000,A5,3.98200000000,,1.82640133320,42.36931233503,23.19824868988,-4.00239688197,-28.17692979472,0.36600000000,-4.00239688197,0.36479310658,-0.00120689342,18.26401333197,-0.22042717542,-12.06893421585,1.07700000000,-28.17692979472,1.08024094685,0.00324094685,423.69312335031,13.73166894507,32.40946852404
203.00000000000,5.00000000000,G,SCD,lichen,3.00000000000,A6,3.47300000000,,2.10494195430,38.78164717795,18.42409340490,-0.24991894473,-27.90852383474,0.36600000000,-0.24991894473,0.36616245301,0.00016245301,21.04941954302,0.03419541623,1.62453012836,1.07700000000,-27.90852383474,1.08053607276,0.00353607276,387.81647177947,13.71347262875,35.36072762930
204.00000000000,6.00000000000,A,SCD,equisetum,3.00000000000,A7,3.45300000000,,2.59363832040,37.60205763511,14.49780308203,1.52825670612,-27.61440635182,0.36600000000,1.52825670612,0.36681132802,0.00081132802,25.93638320395,0.21042914545,8.11328024389,1.07700000000,-27.61440635182,1.08085946777,0.00385946777,376.02057635108,14.51239295110,38.59467769539
205.00000000000,6.00000000000,B,BUD,equisetum,3.00000000000,A8,3.07900000000,,1.73611566567,37.38824530806,21.53557280042,2.91493622294,-26.60821207150,0.36600000000,2.91493622294,0.36731733611,0.00131733611,17.36115665674,0.22870478584,13.17336110517,1.07700000000,-26.60821207150,1.08196580630,0.00496580630,373.88245308062,18.56627839635,49.65806296438
206.00000000000,6.00000000000,C,SUD,equisetum,3.00000000000,A9,2.86900000000,,1.29217924328,32.27037610691,24.97360662218,1.22615848008,-28.09751735160,0.36600000000,1.22615848008,0.36670108980,0.00070108980,12.92179243276,0.09059336845,7.01089797879,1.07700000000,-28.09751735160,1.08032826503,0.00332826503,322.70376106910,10.74043642460,33.28265028278
207.00000000000,6.00000000000,D,SCW,equisetum,3.00000000000,A10,3.55900000000,,1.77743100983,32.04375240677,18.02812724070,0.62222238979,-28.16800617762,0.36600000000,0.62222238979,0.36648070762,0.00048070762,17.77431009830,0.08544246336,4.80707621791,1.07700000000,-28.16800617762,1.08025075885,0.00325075885,320.43752406772,10.41665116737,32.50758848446
208.00000000000,6.00000000000,E,BCW,equisetum,3.00000000000,A11,3.71200000000,,2.30169776255,34.56565779135,15.01746161195,1.71793061759,-27.68760473095,0.36600000000,1.71793061759,0.36688054153,0.00088054153,23.01697762546,0.20267404747,8.80541532294,1.07700000000,-27.68760473095,1.08077898316,0.00377898316,345.65657791350,13.06230385433,37.78983155241
209.00000000000,6.00000000000,G,SUW,equisetum,3.00000000000,A12,3.85800000000,,2.10414018407,33.68961054357,16.01110553309,1.28102501175,-27.14648258027,0.36600000000,1.28102501175,0.36672111108,0.00072111108,21.04140184070,0.15173188063,7.21111082685,1.07700000000,-27.14648258027,1.08137396602,0.00437396602,336.89610543574,14.73572116320,43.73966016656
,,,,,,,,PEACH,2.86583568460,44.77984055802,15.62540406579,2.32582913491,-25.94632979642,0.36600000000,2.32582913491,0.36710236785,0.00110236785,28.65835684599,0.31592051309,11.02367853067,1.07700000000,-25.94632979642,1.08269355073,0.00569355073,447.79840558020,25.49562937864,56.93550727500
210.00000000000,6.00000000000,A,SCD,bryophyte,3.00000000000,B1,3.26400000000,,0.86135972757,37.49849496721,43.53407033919,-4.23775179338,-29.20141149852,0.36600000000,-4.23775179338,0.36470722010,-0.00129277990,8.61359727566,-0.11135485426,-12.92779900159,1.07700000000,-29.20141149852,1.07911446128,0.00211446128,374.98494967213,7.92891157494,21.14461282211
211.00000000000,6.00000000000,B,BUD,bryophyte,3.00000000000,B2,3.26900000000,,0.93435163813,36.99561685832,39.59496119929,7.99347086790,-29.26233623766,0.36600000000,7.99347086790,0.36917048150,0.00317048150,9.34351638132,0.29623445795,31.70481496033,1.07700000000,-29.26233623766,1.07904746968,0.00204746968,369.95616858320,7.57474039267,20.47469683146
212.00000000000,6.00000000000,C,SUD,bryophyte,3.00000000000,B3,3.12600000000,,1.09601732167,37.85583320357,34.53944792223,2.84163114755,-28.88933316113,0.36600000000,2.84163114755,0.36729058676,0.00129058676,10.96017321667,0.14145054393,12.90586755658,1.07700000000,-28.88933316113,1.07945761483,0.00245761483,378.55833203575,9.30350569511,24.57614826513
213.00000000000,6.00000000000,D,SCW,bryophyte,3.00000000000,B4,3.95600000000,,1.02691537617,35.28860742498,34.36369563047,-0.48247022590,-28.26384860817,0.36600000000,-0.48247022590,0.36607759198,0.00007759198,10.26915376171,0.00796803949,0.77591977625,1.07700000000,-28.26384860817,1.08014537485,0.00314537485,352.88607424981,11.09958982562,31.45374849154
214.00000000000,6.00000000000,E,BCW,bryophyte,3.00000000000,B5,3.33100000000,,0.93867379895,37.48205742553,39.93086572516,-0.83004884200,-29.45374514554,0.36600000000,-0.83004884200,0.36595075568,-0.00004924432,9.38673798948,-0.00462243543,-0.49244321456,1.07700000000,-29.45374514554,1.07883699977,0.00183699977,374.82057425530,6.88545307319,18.36999766319
215.00000000000,6.00000000000,F,BUW,bryophyte,3.00000000000,B6,3.13900000000,,0.85184207443,35.69402549445,41.90216304862,1.58965915945,-28.06010694426,0.36600000000,1.58965915945,0.36683373427,0.00083373427,8.51842074430,0.07102099343,8.33734274954,1.07700000000,-28.06010694426,1.08036939969,0.00336939969,356.94025494455,12.02674385711,33.69399693789
216.00000000000,6.00000000000,G,SUW,bryophyte,3.00000000000,B7,3.22400000000,,0.86657494146,34.30229111315,39.58375608638,-2.10044984475,-28.96745156958,0.36600000000,-2.10044984475,0.36548716583,-0.00051283417,8.66574941456,-0.04444092369,-5.12834165431,1.07700000000,-28.96745156958,1.07937171800,0.00237171800,343.02291113154,8.13553612505,23.71717999306
217.00000000000,6.00000000000,H,BCD,bryophyte,3.00000000000,B8,3.28600000000,,0.99521780277,38.02066328329,38.20335928209,2.66399262853,-29.87463942487,0.36600000000,2.66399262853,0.36722576559,0.00122576559,9.95217802774,0.12199037411,12.25765593896,1.07700000000,-29.87463942487,1.07837418856,0.00137418856,380.20663283288,5.22475606572,13.74188563412
218.00000000000,6.00000000000,A,SCD,lichen,3.00000000000,B9,3.27700000000,,3.65169647602,40.14068255861,10.99233817000,0.02636949593,-26.05788677776,0.36600000000,0.02636949593,0.36626327413,0.00026327413,36.51696476020,0.09613972038,2.63274127551,1.07700000000,-26.05788677776,1.08257089376,0.00557089376,401.40682558608,22.36194778305,55.70893756078
219.00000000000,6.00000000000,C,SUD,lichen,3.00000000000,B10,3.18900000000,,3.71885380691,41.95468001936,11.28161584127,-0.13523982544,-27.12822047408,0.36600000000,-0.13523982544,0.36620430089,0.00020430089,37.18853806906,0.07597651258,2.04300885504,1.07700000000,-27.12822047408,1.08139404572,0.00439404572,419.54680019361,18.43507822023,43.94045720698
220.00000000000,6.00000000000,D,SCW,lichen,3.00000000000,B11,3.13500000000,,2.63501004645,39.31055991443,14.91856168345,-0.67383127769,-25.80548408111,0.36600000000,-0.67383127769,0.36600776169,0.00000776169,26.35010046447,0.00204521389,0.07761692946,1.07700000000,-25.80548408111,1.08284841025,0.00584841025,393.10559914432,22.99042813780,58.48410245959
221.00000000000,6.00000000000,A,SCD,graminoid,3.00000000000,B12,3.23100000000,,1.03621261655,39.56598010186,38.18326419673,-0.89152632236,-28.58198492148,0.36600000000,-0.89152632236,0.36592832165,-0.00007167835,10.36212616554,-0.00742740081,-0.71678347624,1.07700000000,-28.58198492148,1.07979556495,0.00279556495,395.65980101864,11.06092670494,27.95564946568
,,,,,,,,PEACH,2.77778956658,47.15088473906,16.97424646792,1.66889584974,-26.01548012976,0.36600000000,1.66889584974,0.36686264837,0.00086264837,27.77789566575,0.23962556350,8.62648367560,1.07700000000,-26.01548012976,1.08261751993,0.00561751993,471.50884739056,26.48710346521,56.17519928162
222.00000000000,6.00000000000,B,BUD,graminoid,3.00000000000,C1,3.27700000000,,1.11450760516,38.58235510182,34.61829683646,-0.40907372230,-29.26695242974,0.36600000000,-0.40907372230,0.36610437535,0.00010437535,11.14507605157,0.01163271182,1.04375347193,1.07700000000,-29.26695242974,1.07904239381,0.00204239381,385.82355101815,7.88003631927,20.42393808900
223.00000000000,6.00000000000,C,SUD,graminoid,3.00000000000,C2,3.44600000000,,1.05112074900,39.35382364308,37.43986947319,16.93825124464,-29.43051018401,0.36600000000,16.93825124464,0.37243424326,0.00643424326,10.51120748999,0.67631665914,64.34243256848,1.07700000000,-29.43051018401,1.07886254857,0.00186254857,393.53823643079,7.32984081462,18.62548574974
224.00000000000,6.00000000000,D,SCW,graminoid,3.00000000000,C3,3.49800000000,,1.37007860515,36.49047530576,26.63385529027,-0.08358117524,-28.51058204185,0.36600000000,-0.08358117524,0.36622315177,0.00022315177,13.70078605146,0.03057354714,2.23151774072,1.07700000000,-28.51058204185,1.07987407690,0.00287407690,364.90475305761,10.48764320839,28.74076898289
225.00000000000,6.00000000000,E,BCW,graminoid,3.00000000000,C4,3.56100000000,,1.18441661112,37.15858830036,31.37290371613,-1.05108244800,-29.03147662298,0.36600000000,-1.05108244800,0.36587009726,-0.00012990274,11.84416611117,-0.01538589680,-1.29902744171,1.07700000000,-29.03147662298,1.07930131772,0.00230131772,371.58588300359,8.55137177702,23.01317721734
226.00000000000,6.00000000000,F,BUW,graminoid,3.00000000000,C5,3.36800000000,,2.01408800021,40.89673408227,20.30533625043,3.94766426195,-28.49123288585,0.36600000000,3.94766426195,0.36769418173,0.00169418173,20.14088000212,0.34122311020,16.94181734664,1.07700000000,-28.49123288585,1.07989535249,0.00289535249,408.96734082272,11.84104608324,28.95352489374
227.00000000000,6.00000000000,G,SUW,graminoid,3.00000000000,C6,3.95500000000,,1.58381492713,39.81843806680,25.14084024897,-1.05299815009,-27.52814988405,0.36600000000,-1.05299815009,0.36586939819,-0.00013060181,15.83814927126,-0.02068491004,-1.30601812687,1.07700000000,-27.52814988405,1.08095431012,0.00395431012,398.18438066805,15.74544525606,39.54310118755
228.00000000000,6.00000000000,H,BCD,graminoid,3.00000000000,C7,3.77300000000,,1.43371678364,38.44680715370,26.81617987073,3.57209868664,-28.29169765429,0.36600000000,3.57209868664,0.36755713704,0.00155713704,14.33716783638,0.22324935028,15.57137035917,1.07700000000,-28.29169765429,1.08011475326,0.00311475326,384.46807153705,11.97523177741,31.14753256242
229.00000000000,6.00000000000,A,SCD,salix_stem,3.00000000000,C8,3.90000000000,,1.97368706542,43.92583251676,22.25572294939,-5.30592765767,-29.03055579347,0.36600000000,-5.30592765767,0.36431741603,-0.00168258397,19.73687065419,-0.33208942110,-16.82583966443,1.07700000000,-29.03055579347,1.07930233024,0.00230233024,439.25832516758,10.11317726321,23.02330242541
230.00000000000,6.00000000000,C,SUD,salix_stem,3.00000000000,C9,3.19400000000,,1.85773055497,45.18136514038,24.32073102285,7.90486597168,-29.40777635899,0.36600000000,7.90486597168,0.36913815037,0.00313815037,18.57730554971,0.58298378247,31.38150368007,1.07700000000,-29.40777635899,1.07888754633,0.00188754633,451.81365140375,8.52819199013,18.87546328808
231.00000000000,6.00000000000,D,SCW,salix_stem,3.00000000000,C10,3.20200000000,,1.33406260511,45.92267664171,34.42317959135,-5.37209538630,-30.06822573456,0.36600000000,-5.37209538630,0.36429326968,-0.00170673032,13.34062605107,-0.22768851029,-17.06730324451,1.07700000000,-30.06822573456,1.07816132151,0.00116132151,459.22676641714,5.33309922044,11.61321510514
233.00000000000,6.00000000000,G,SUW,salix_stem,3.00000000000,C11,3.62800000000,,1.58073538790,44.79896540285,28.34058486058,-7.06959605493,-28.96825981561,0.36600000000,-7.06959605493,0.36367380269,-0.00232619731,15.80735387898,-0.36771024129,-23.26197313654,1.07700000000,-28.96825981561,1.07937082927,0.00237082927,447.98965402845,10.62106986082,23.70829273692
234.00000000000,6.00000000000,H,BCD,salix_stem,3.00000000000,C12,3.48900000000,,2.50228583323,42.84566792201,17.12261139519,-2.21205528831,-29.60085723502,0.36600000000,-2.21205528831,0.36544643900,-0.00055356100,25.02285833225,-0.13851678493,-5.53561000457,1.07700000000,-29.60085723502,1.07867523725,0.00167523725,428.45667922009,7.17766590912,16.75237254367
,,,,,,,,PEACH,2.82116610575,46.33623353640,16.42449675048,0.85871143862,-25.80067909388,0.36600000000,0.85871143862,0.36656700490,0.00056700490,28.21166105746,0.15996150082,5.67004900890,1.07700000000,-25.80067909388,1.08285369331,0.00585369331,463.36233536404,27.12381002199,58.53693309077
235.00000000000,6.00000000000,A,SCD,salix_leaf,3.00000000000,D1,3.64800000000,,1.37266314391,44.22101418755,32.21548883547,-4.88308555295,-29.85295812621,0.36600000000,-4.88308555295,0.36447172205,-0.00152827795,13.72663143912,-0.20978108170,-15.28277951013,1.07700000000,-29.85295812621,1.07839802921,0.00139802921,442.21014187548,6.18222696012,13.98029211611
236.00000000000,6.00000000000,C,SUD,salix_leaf,3.00000000000,D2,3.33200000000,,1.36422271814,44.28754236612,32.46357194992,-5.13850462081,-30.93522930159,0.36600000000,-5.13850462081,0.36437851309,-0.00162148691,13.64222718142,-0.22120692864,-16.21486914876,1.07700000000,-30.93522930159,1.07720795518,0.00020795518,442.87542366120,0.92098237802,2.07955178547
237.00000000000,6.00000000000,D,SCW,salix_leaf,3.00000000000,D3,3.91900000000,,1.36859769057,42.67889113224,31.18439511204,-4.74838354064,-30.53165078282,0.36600000000,-4.74838354064,0.36452087820,-0.00147912180,13.68597690572,-0.20243226861,-14.79121804752,1.07700000000,-30.53165078282,1.07765173669,0.00065173669,426.78891132235,2.78153992752,6.51736690838
238.00000000000,6.00000000000,G,SUW,salix_leaf,3.00000000000,D4,3.64300000000,,1.71123600620,43.73811962694,25.55937314816,-6.07713135191,-28.85340743440,0.36600000000,-6.07713135191,0.36403598264,-0.00196401736,17.11236006197,-0.33608972277,-19.64017362618,1.07700000000,-28.85340743440,1.07949711771,0.00249711771,437.38119626937,10.92192329219,24.97117705413
239.00000000000,5.00000000000,E,BCD,salix_leaf,3.00000000000,D5,3.25400000000,,1.80738247371,43.35137234393,23.98572132600,-1.68468237500,-30.38023753165,0.36600000000,-1.68468237500,0.36563888657,-0.00036111343,18.07382473711,-0.06526700768,-3.61113425811,1.07700000000,-30.38023753165,1.07781823214,0.00081823214,433.51372343925,3.54714861966,8.18232140732
39.00000000000,1.00000000000,D,BCD,salix_leaf,3.00000000000,D6,0.32500000000,too small,,,,,,,,,,,,,,,,,,,
62.00000000000,2.00000000000,G,BUW,lichen,3.00000000000,D7,0.41800000000,det var alt der var,4.09553935126,43.61583356463,10.64959455248,-1.79680381134,-25.80816780914,0.36600000000,-1.79680381134,0.36559797157,-0.00040202843,40.95539351259,-0.16465232609,-4.02028431355,1.07700000000,-25.80816780914,1.08284545950,0.00584545950,436.15833564626,25.49545885782,58.45459498108
80.00000000000,2.00000000000,G,BUW,salix_leaf,3.00000000000,D8,1.32600000000,det var alt der var,2.15383747926,49.28676746087,22.88323419737,-1.94753358041,-29.95585086711,0.36600000000,-1.94753358041,0.36554296768,-0.00045703232,21.53837479255,-0.09843733453,-4.57032322458,1.07700000000,-29.95585086711,1.07828488876,0.00128488876,492.86767460871,6.33280136855,12.84888763211
146.00000000000,4.00000000000,A,BCW,lichen,3.00000000000,D9,1.47500000000,det var alt der var,2.71969505833,39.48925259746,14.51973539330,-1.73080673342,-23.54800993491,0.36600000000,-1.73080673342,0.36562205502,-0.00037794498,27.19695058333,-0.10278950918,-3.77944979045,1.07700000000,-23.54800993491,1.08533043137,0.00833043137,394.89252597459,32.89625084415,83.30431365589
147.00000000000,4.00000000000,B,SCW,lichen,3.00000000000,D10,1.86000000000,det var alt der var,4.24090187231,42.91970597962,10.12041949375,-1.25926562049,-24.71311267135,0.36600000000,-1.25926562049,0.36579412803,-0.00020587197,42.40901872310,-0.08730828383,-2.05871973595,1.07700000000,-24.71311267135,1.08404945347,0.00704945347,429.19705979616,30.25604701516,70.49453467721
232.00000000000,6.00000000000,E,BCW,salix_stem,3.00000000000,D11,1.04900000000,det var alt der var,1.20266515502,42.53651144622,35.36854066865,-1.55162256712,-29.05134624922,0.36600000000,-1.55162256712,0.36568744230,-0.00031255770,12.02665155024,-0.03759022529,-3.12557698503,1.07700000000,-29.05134624922,1.07927946958,0.00227946958,425.36511446216,9.69606838376,22.79469578981
,,,,,,,,PEACH,2.79449166946,46.28853113577,16.56420437449,3.06656357673,-26.35751097993,0.36600000000,3.06656357673,0.36737266557,0.00137266557,27.94491669461,0.38359025138,13.72665574821,1.07700000000,-26.35751097993,1.08224145525,0.00524145525,462.88531135765,24.26192645785,52.41455250912
