run;date;hrs_after_incubation;pipe_nr;treatment;tinytag;minute;ppm;
1;13.10.2025;1;14;SCW;A;ppm _room;916;
1;13.10.2025;1;14;SCW;A;ppm_0;901;
1;13.10.2025;1;14;SCW;A;ppm_1;915;
1;13.10.2025;1;14;SCW;A;ppm_2;919;
1;13.10.2025;1;14;SCW;A;ppm_3;923;
1;13.10.2025;1;14;SCW;A;ppm_4;929;
1;13.10.2025;1;14;SCW;A;ppm_5;933;
1;13.10.2025;1;14;SCW;A;ppm_6;927;
1;13.10.2025;1;9;BUW;B;ppm _room;894;
1;13.10.2025;1;9;BUW;B;ppm_0;914;
1;13.10.2025;1;9;BUW;B;ppm_1;932;
1;13.10.2025;1;9;BUW;B;ppm_2;940;
1;13.10.2025;1;9;BUW;B;ppm_3;948;
1;13.10.2025;1;9;BUW;B;ppm_4;956;
1;13.10.2025;1;9;BUW;B;ppm_5;963;
1;13.10.2025;1;9;BUW;B;ppm_6;970;
1;13.10.2025;1;10;BCW;C;ppm _room;840;
1;13.10.2025;1;10;BCW;C;ppm_0;841;
1;13.10.2025;1;10;BCW;C;ppm_1;855;
1;13.10.2025;1;10;BCW;C;ppm_2;862;
1;13.10.2025;1;10;BCW;C;ppm_3;868;
1;13.10.2025;1;10;BCW;C;ppm_4;874;
1;13.10.2025;1;10;BCW;C;ppm_5;880;
1;13.10.2025;1;10;BCW;C;ppm_6;885;
1;13.10.2025;1;12;BCD;D;ppm _room;781;
1;13.10.2025;1;12;BCD;D;ppm_0;788;
1;13.10.2025;1;12;BCD;D;ppm_1;792;
1;13.10.2025;1;12;BCD;D;ppm_2;797;
1;13.10.2025;1;12;BCD;D;ppm_3;800;
1;13.10.2025;1;12;BCD;D;ppm_4;805;
1;13.10.2025;1;12;BCD;D;ppm_5;809;
1;13.10.2025;1;12;BCD;D;ppm_6;812;
1;13.10.2025;1;13;SUW;E;ppm _room;758;
1;13.10.2025;1;13;SUW;E;ppm_0;749;
1;13.10.2025;1;13;SUW;E;ppm_1;785;
1;13.10.2025;1;13;SUW;E;ppm_2;809;
1;13.10.2025;1;13;SUW;E;ppm_3;829;
1;13.10.2025;1;13;SUW;E;ppm_4;849;
1;13.10.2025;1;13;SUW;E;ppm_5;865;
1;13.10.2025;1;13;SUW;E;ppm_6;881;
1;13.10.2025;1;16;SCD;F;ppm _room;668;
1;13.10.2025;1;16;SCD;F;ppm_0;667;
1;13.10.2025;1;16;SCD;F;ppm_1;700;
1;13.10.2025;1;16;SCD;F;ppm_2;720;
1;13.10.2025;1;16;SCD;F;ppm_3;734;
1;13.10.2025;1;16;SCD;F;ppm_4;750;
1;13.10.2025;1;16;SCD;F;ppm_5;763;
1;13.10.2025;1;16;SCD;F;ppm_6;776;
1;13.10.2025;1;15;SUD;G;ppm _room;615;
1;13.10.2025;1;15;SUD;G;ppm_0;609;
1;13.10.2025;1;15;SUD;G;ppm_1;642;
1;13.10.2025;1;15;SUD;G;ppm_2;661;
1;13.10.2025;1;15;SUD;G;ppm_3;679;
1;13.10.2025;1;15;SUD;G;ppm_4;696;
1;13.10.2025;1;15;SUD;G;ppm_5;712;
1;13.10.2025;1;15;SUD;G;ppm_6;726;
1;13.10.2025;1;11;BUD;H;ppm _room;597;
1;13.10.2025;1;11;BUD;H;ppm_0;598;
1;13.10.2025;1;11;BUD;H;ppm_1;617;
1;13.10.2025;1;11;BUD;H;ppm_2;629;
1;13.10.2025;1;11;BUD;H;ppm_3;638;
1;13.10.2025;1;11;BUD;H;ppm_4;649;
1;13.10.2025;1;11;BUD;H;ppm_5;648;
1;13.10.2025;1;11;BUD;H;ppm_6;666;
1;13.10.2025;2;14;SCW;A;ppm _room;610;
1;13.10.2025;2;14;SCW;A;ppm_0;620;
1;13.10.2025;2;14;SCW;A;ppm_1;644;
1;13.10.2025;2;14;SCW;A;ppm_2;657;
1;13.10.2025;2;14;SCW;A;ppm_3;675;
1;13.10.2025;2;14;SCW;A;ppm_4;689;
1;13.10.2025;2;14;SCW;A;ppm_5;704;
1;13.10.2025;2;14;SCW;A;ppm_6;717;
1;13.10.2025;2;9;BUW;B;ppm _room;627;
1;13.10.2025;2;9;BUW;B;ppm_0;629;
1;13.10.2025;2;9;BUW;B;ppm_1;641;
1;13.10.2025;2;9;BUW;B;ppm_2;653;
1;13.10.2025;2;9;BUW;B;ppm_3;665;
1;13.10.2025;2;9;BUW;B;ppm_4;676;
1;13.10.2025;2;9;BUW;B;ppm_5;686;
1;13.10.2025;2;9;BUW;B;ppm_6;695;
1;13.10.2025;2;10;BCW;C;ppm _room;618;
1;13.10.2025;2;10;BCW;C;ppm_0;623;
1;13.10.2025;2;10;BCW;C;ppm_1;630;
1;13.10.2025;2;10;BCW;C;ppm_2;642;
1;13.10.2025;2;10;BCW;C;ppm_3;649;
1;13.10.2025;2;10;BCW;C;ppm_4;656;
1;13.10.2025;2;10;BCW;C;ppm_5;663;
1;13.10.2025;2;10;BCW;C;ppm_6;669;
1;13.10.2025;2;12;BCD;D;ppm _room;665;
1;13.10.2025;2;12;BCD;D;ppm_0;667;
1;13.10.2025;2;12;BCD;D;ppm_1;671;
1;13.10.2025;2;12;BCD;D;ppm_2;672;
1;13.10.2025;2;12;BCD;D;ppm_3;674;
1;13.10.2025;2;12;BCD;D;ppm_4;677;
1;13.10.2025;2;12;BCD;D;ppm_5;679;
1;13.10.2025;2;12;BCD;D;ppm_6;682;
1;13.10.2025;2;13;SUW;E;ppm _room;679;
1;13.10.2025;2;13;SUW;E;ppm_0;684;
1;13.10.2025;2;13;SUW;E;ppm_1;702;
1;13.10.2025;2;13;SUW;E;ppm_2;720;
1;13.10.2025;2;13;SUW;E;ppm_3;737;
1;13.10.2025;2;13;SUW;E;ppm_4;752;
1;13.10.2025;2;13;SUW;E;ppm_5;767;
1;13.10.2025;2;13;SUW;E;ppm_6;782;
1;13.10.2025;2;16;SCD;F;ppm _room;684;
1;13.10.2025;2;16;SCD;F;ppm_0;686;
1;13.10.2025;2;16;SCD;F;ppm_1;693;
1;13.10.2025;2;16;SCD;F;ppm_2;708;
1;13.10.2025;2;16;SCD;F;ppm_3;720;
1;13.10.2025;2;16;SCD;F;ppm_4;732;
1;13.10.2025;2;16;SCD;F;ppm_5;743;
1;13.10.2025;2;16;SCD;F;ppm_6;752;
1;13.10.2025;2;15;SUD;G;ppm _room;684;
1;13.10.2025;2;15;SUD;G;ppm_0;687;
1;13.10.2025;2;15;SUD;G;ppm_1;703;
1;13.10.2025;2;15;SUD;G;ppm_2;717;
1;13.10.2025;2;15;SUD;G;ppm_3;727;
1;13.10.2025;2;15;SUD;G;ppm_4;738;
1;13.10.2025;2;15;SUD;G;ppm_5;749;
1;13.10.2025;2;15;SUD;G;ppm_6;760;
1;13.10.2025;2;11;BUD;H;ppm _room;715;
1;13.10.2025;2;11;BUD;H;ppm_0;718;
1;13.10.2025;2;11;BUD;H;ppm_1;724;
1;13.10.2025;2;11;BUD;H;ppm_2;728;
1;13.10.2025;2;11;BUD;H;ppm_3;734;
1;13.10.2025;2;11;BUD;H;ppm_4;739;
1;13.10.2025;2;11;BUD;H;ppm_5;744;
1;13.10.2025;2;11;BUD;H;ppm_6;750;
1;13.10.2025;6;14;SCW;A;ppm _room;770;
1;13.10.2025;6;14;SCW;A;ppm_0;775;
1;13.10.2025;6;14;SCW;A;ppm_1;783;
1;13.10.2025;6;14;SCW;A;ppm_2;792;
1;13.10.2025;6;14;SCW;A;ppm_3;798;
1;13.10.2025;6;14;SCW;A;ppm_4;805;
1;13.10.2025;6;14;SCW;A;ppm_5;812;
1;13.10.2025;6;14;SCW;A;ppm_6;821;
1;13.10.2025;6;9;BUW;B;ppm _room;797;
1;13.10.2025;6;9;BUW;B;ppm_0;797;
1;13.10.2025;6;9;BUW;B;ppm_1;809;
1;13.10.2025;6;9;BUW;B;ppm_2;814;
1;13.10.2025;6;9;BUW;B;ppm_3;820;
1;13.10.2025;6;9;BUW;B;ppm_4;824;
1;13.10.2025;6;9;BUW;B;ppm_5;830;
1;13.10.2025;6;9;BUW;B;ppm_6;836;
1;13.10.2025;6;10;BCW;C;ppm _room;805;
1;13.10.2025;6;10;BCW;C;ppm_0;803;
1;13.10.2025;6;10;BCW;C;ppm_1;805;
1;13.10.2025;6;10;BCW;C;ppm_2;809;
1;13.10.2025;6;10;BCW;C;ppm_3;811;
1;13.10.2025;6;10;BCW;C;ppm_4;815;
1;13.10.2025;6;10;BCW;C;ppm_5;819;
1;13.10.2025;6;10;BCW;C;ppm_6;823;
1;13.10.2025;6;12;BCD;D;ppm _room;756;
1;13.10.2025;6;12;BCD;D;ppm_0;762;
1;13.10.2025;6;12;BCD;D;ppm_1;767;
1;13.10.2025;6;12;BCD;D;ppm_2;769;
1;13.10.2025;6;12;BCD;D;ppm_3;771;
1;13.10.2025;6;12;BCD;D;ppm_4;773;
1;13.10.2025;6;12;BCD;D;ppm_5;774;
1;13.10.2025;6;12;BCD;D;ppm_6;777;
1;13.10.2025;6;13;SUW;E;ppm _room;725;
1;13.10.2025;6;13;SUW;E;ppm_0;720;
1;13.10.2025;6;13;SUW;E;ppm_1;756;
1;13.10.2025;6;13;SUW;E;ppm_2;781;
1;13.10.2025;6;13;SUW;E;ppm_3;802;
1;13.10.2025;6;13;SUW;E;ppm_4;823;
1;13.10.2025;6;13;SUW;E;ppm_5;842;
1;13.10.2025;6;13;SUW;E;ppm_6;860;
1;13.10.2025;6;16;SCD;F;ppm _room;654;
1;13.10.2025;6;16;SCD;F;ppm_0;672;
1;13.10.2025;6;16;SCD;F;ppm_1;693;
1;13.10.2025;6;16;SCD;F;ppm_2;714;
1;13.10.2025;6;16;SCD;F;ppm_3;732;
1;13.10.2025;6;16;SCD;F;ppm_4;748;
1;13.10.2025;6;16;SCD;F;ppm_5;763;
1;13.10.2025;6;16;SCD;F;ppm_6;776;
1;13.10.2025;6;15;SUD;G;ppm _room;622;
1;13.10.2025;6;15;SUD;G;ppm_0;619;
1;13.10.2025;6;15;SUD;G;ppm_1;649;
1;13.10.2025;6;15;SUD;G;ppm_2;667;
1;13.10.2025;6;15;SUD;G;ppm_3;688;
1;13.10.2025;6;15;SUD;G;ppm_4;705;
1;13.10.2025;6;15;SUD;G;ppm_5;721;
1;13.10.2025;6;15;SUD;G;ppm_6;736;
1;13.10.2025;6;11;BUD;H;ppm _room;609;
1;13.10.2025;6;11;BUD;H;ppm_0;615;
1;13.10.2025;6;11;BUD;H;ppm_1;623;
1;13.10.2025;6;11;BUD;H;ppm_2;633;
1;13.10.2025;6;11;BUD;H;ppm_3;643;
1;13.10.2025;6;11;BUD;H;ppm_4;651;
1;13.10.2025;6;11;BUD;H;ppm_5;660;
1;13.10.2025;6;11;BUD;H;ppm_6;667;
1;13.10.2025;12;14;SCW;A;ppm _room;649;
1;13.10.2025;12;14;SCW;A;ppm_0;670;
1;13.10.2025;12;14;SCW;A;ppm_1;693;
1;13.10.2025;12;14;SCW;A;ppm_2;707;
1;13.10.2025;12;14;SCW;A;ppm_3;721;
1;13.10.2025;12;14;SCW;A;ppm_4;734;
1;13.10.2025;12;14;SCW;A;ppm_5;747;
1;13.10.2025;12;14;SCW;A;ppm_6;761;
1;13.10.2025;12;9;BUW;B;ppm _room;650;
1;13.10.2025;12;9;BUW;B;ppm_0;650;
1;13.10.2025;12;9;BUW;B;ppm_1;660;
1;13.10.2025;12;9;BUW;B;ppm_2;668;
1;13.10.2025;12;9;BUW;B;ppm_3;677;
1;13.10.2025;12;9;BUW;B;ppm_4;686;
1;13.10.2025;12;9;BUW;B;ppm_5;694;
1;13.10.2025;12;9;BUW;B;ppm_6;702;
1;13.10.2025;12;10;BCW;C;ppm _room;640;
1;13.10.2025;12;10;BCW;C;ppm_0;624;
1;13.10.2025;12;10;BCW;C;ppm_1;635;
1;13.10.2025;12;10;BCW;C;ppm_2;642;
1;13.10.2025;12;10;BCW;C;ppm_3;650;
1;13.10.2025;12;10;BCW;C;ppm_4;657;
1;13.10.2025;12;10;BCW;C;ppm_5;663;
1;13.10.2025;12;10;BCW;C;ppm_6;670;
1;13.10.2025;12;12;BCD;D;ppm _room;620;
1;13.10.2025;12;12;BCD;D;ppm_0;611;
1;13.10.2025;12;12;BCD;D;ppm_1;618;
1;13.10.2025;12;12;BCD;D;ppm_2;621;
1;13.10.2025;12;12;BCD;D;ppm_3;626;
1;13.10.2025;12;12;BCD;D;ppm_4;629;
1;13.10.2025;12;12;BCD;D;ppm_5;632;
1;13.10.2025;12;12;BCD;D;ppm_6;636;
1;13.10.2025;12;13;SUW;E;ppm _room;652;
1;13.10.2025;12;13;SUW;E;ppm_0;673;
1;13.10.2025;12;13;SUW;E;ppm_1;778;
1;13.10.2025;12;13;SUW;E;ppm_2;810;
1;13.10.2025;12;13;SUW;E;ppm_3;831;
1;13.10.2025;12;13;SUW;E;ppm_4;850;
1;13.10.2025;12;13;SUW;E;ppm_5;871;
1;13.10.2025;12;13;SUW;E;ppm_6;887;
1;13.10.2025;12;16;SCD;F;ppm _room;656;
1;13.10.2025;12;16;SCD;F;ppm_0;654;
1;13.10.2025;12;16;SCD;F;ppm_1;692;
1;13.10.2025;12;16;SCD;F;ppm_2;719;
1;13.10.2025;12;16;SCD;F;ppm_3;743;
1;13.10.2025;12;16;SCD;F;ppm_4;765;
1;13.10.2025;12;16;SCD;F;ppm_5;786;
1;13.10.2025;12;16;SCD;F;ppm_6;807;
1;13.10.2025;12;15;SUD;G;ppm _room;650;
1;13.10.2025;12;15;SUD;G;ppm_0;657;
1;13.10.2025;12;15;SUD;G;ppm_1;676;
1;13.10.2025;12;15;SUD;G;ppm_2;696;
1;13.10.2025;12;15;SUD;G;ppm_3;713;
1;13.10.2025;12;15;SUD;G;ppm_4;729;
1;13.10.2025;12;15;SUD;G;ppm_5;746;
1;13.10.2025;12;15;SUD;G;ppm_6;759;
1;13.10.2025;12;11;BUD;H;ppm _room;656;
1;13.10.2025;12;11;BUD;H;ppm_0;655;
1;13.10.2025;12;11;BUD;H;ppm_1;665;
1;13.10.2025;12;11;BUD;H;ppm_2;676;
1;13.10.2025;12;11;BUD;H;ppm_3;683;
1;13.10.2025;12;11;BUD;H;ppm_4;691;
1;13.10.2025;12;11;BUD;H;ppm_5;699;
1;13.10.2025;12;11;BUD;H;ppm_6;707;
1;14.10.2025;24;14;SCW;A;ppm _room;684;
1;14.10.2025;24;14;SCW;A;ppm_0;687;
1;14.10.2025;24;14;SCW;A;ppm_1;720;
1;14.10.2025;24;14;SCW;A;ppm_2;742;
1;14.10.2025;24;14;SCW;A;ppm_3;764;
1;14.10.2025;24;14;SCW;A;ppm_4;787;
1;14.10.2025;24;14;SCW;A;ppm_5;807;
1;14.10.2025;24;14;SCW;A;ppm_6;827;
1;14.10.2025;24;9;BUW;B;ppm _room;702;
1;14.10.2025;24;9;BUW;B;ppm_0;705;
1;14.10.2025;24;9;BUW;B;ppm_1;716;
1;14.10.2025;24;9;BUW;B;ppm_2;728;
1;14.10.2025;24;9;BUW;B;ppm_3;740;
1;14.10.2025;24;9;BUW;B;ppm_4;751;
1;14.10.2025;24;9;BUW;B;ppm_5;762;
1;14.10.2025;24;9;BUW;B;ppm_6;773;
1;14.10.2025;24;10;BCW;C;ppm _room;721;
1;14.10.2025;24;10;BCW;C;ppm_0;715;
1;14.10.2025;24;10;BCW;C;ppm_1;726;
1;14.10.2025;24;10;BCW;C;ppm_2;736;
1;14.10.2025;24;10;BCW;C;ppm_3;745;
1;14.10.2025;24;10;BCW;C;ppm_4;754;
1;14.10.2025;24;10;BCW;C;ppm_5;762;
1;14.10.2025;24;10;BCW;C;ppm_6;771;
1;14.10.2025;24;12;BCD;D;ppm _room;728;
1;14.10.2025;24;12;BCD;D;ppm_0;730;
1;14.10.2025;24;12;BCD;D;ppm_1;734;
1;14.10.2025;24;12;BCD;D;ppm_2;738;
1;14.10.2025;24;12;BCD;D;ppm_3;743;
1;14.10.2025;24;12;BCD;D;ppm_4;747;
1;14.10.2025;24;12;BCD;D;ppm_5;751;
1;14.10.2025;24;12;BCD;D;ppm_6;756;
1;14.10.2025;24;13;SUW;E;ppm _room;741;
1;14.10.2025;24;13;SUW;E;ppm_0;743;
1;14.10.2025;24;13;SUW;E;ppm_1;774;
1;14.10.2025;24;13;SUW;E;ppm_2;805;
1;14.10.2025;24;13;SUW;E;ppm_3;833;
1;14.10.2025;24;13;SUW;E;ppm_4;860;
1;14.10.2025;24;13;SUW;E;ppm_5;886;
1;14.10.2025;24;13;SUW;E;ppm_6;911;
1;14.10.2025;24;16;SCD;F;ppm _room;838;
1;14.10.2025;24;16;SCD;F;ppm_0;833;
1;14.10.2025;24;16;SCD;F;ppm_1;855;
1;14.10.2025;24;16;SCD;F;ppm_2;874;
1;14.10.2025;24;16;SCD;F;ppm_3;888;
1;14.10.2025;24;16;SCD;F;ppm_4;908;
1;14.10.2025;24;16;SCD;F;ppm_5;921;
1;14.10.2025;24;16;SCD;F;ppm_6;936;
1;14.10.2025;24;15;SUD;G;ppm _room;763;
1;14.10.2025;24;15;SUD;G;ppm_0;764;
1;14.10.2025;24;15;SUD;G;ppm_1;791;
1;14.10.2025;24;15;SUD;G;ppm_2;820;
1;14.10.2025;24;15;SUD;G;ppm_3;840;
1;14.10.2025;24;15;SUD;G;ppm_4;861;
1;14.10.2025;24;15;SUD;G;ppm_5;881;
1;14.10.2025;24;15;SUD;G;ppm_6;899;
1;14.10.2025;24;11;BUD;H;ppm _room;732;
1;14.10.2025;24;11;BUD;H;ppm_0;726;
1;14.10.2025;24;11;BUD;H;ppm_1;743;
1;14.10.2025;24;11;BUD;H;ppm_2;755;
1;14.10.2025;24;11;BUD;H;ppm_3;767;
1;14.10.2025;24;11;BUD;H;ppm_4;778;
1;14.10.2025;24;11;BUD;H;ppm_5;789;
1;14.10.2025;24;11;BUD;H;ppm_6;799;
1;14.10.2025;30;14;SCW;A;ppm _room;738;
1;14.10.2025;30;14;SCW;A;ppm_0;739;
1;14.10.2025;30;14;SCW;A;ppm_1;761;
1;14.10.2025;30;14;SCW;A;ppm_2;786;
1;14.10.2025;30;14;SCW;A;ppm_3;807;
1;14.10.2025;30;14;SCW;A;ppm_4;828;
1;14.10.2025;30;14;SCW;A;ppm_5;849;
1;14.10.2025;30;14;SCW;A;ppm_6;868;
1;14.10.2025;30;9;BUW;B;ppm _room;727;
1;14.10.2025;30;9;BUW;B;ppm_0;726;
1;14.10.2025;30;9;BUW;B;ppm_1;738;
1;14.10.2025;30;9;BUW;B;ppm_2;751;
1;14.10.2025;30;9;BUW;B;ppm_3;765;
1;14.10.2025;30;9;BUW;B;ppm_4;777;
1;14.10.2025;30;9;BUW;B;ppm_5;791;
1;14.10.2025;30;9;BUW;B;ppm_6;803;
1;14.10.2025;30;10;BCW;C;ppm _room;769;
1;14.10.2025;30;10;BCW;C;ppm_0;769;
1;14.10.2025;30;10;BCW;C;ppm_1;783;
1;14.10.2025;30;10;BCW;C;ppm_2;794;
1;14.10.2025;30;10;BCW;C;ppm_3;803;
1;14.10.2025;30;10;BCW;C;ppm_4;814;
1;14.10.2025;30;10;BCW;C;ppm_5;823;
1;14.10.2025;30;10;BCW;C;ppm_6;833;
1;14.10.2025;30;12;BCD;D;ppm _room;729;
1;14.10.2025;30;12;BCD;D;ppm_0;735;
1;14.10.2025;30;12;BCD;D;ppm_1;741;
1;14.10.2025;30;12;BCD;D;ppm_2;746;
1;14.10.2025;30;12;BCD;D;ppm_3;752;
1;14.10.2025;30;12;BCD;D;ppm_4;758;
1;14.10.2025;30;12;BCD;D;ppm_5;764;
1;14.10.2025;30;12;BCD;D;ppm_6;768;
1;14.10.2025;30;13;SUW;E;ppm _room;716;
1;14.10.2025;30;13;SUW;E;ppm_0;707;
1;14.10.2025;30;13;SUW;E;ppm_1;755;
1;14.10.2025;30;13;SUW;E;ppm_2;794;
1;14.10.2025;30;13;SUW;E;ppm_3;829;
1;14.10.2025;30;13;SUW;E;ppm_4;861;
1;14.10.2025;30;13;SUW;E;ppm_5;893;
1;14.10.2025;30;13;SUW;E;ppm_6;923;
1;14.10.2025;30;16;SCD;F;ppm _room;653;
1;14.10.2025;30;16;SCD;F;ppm_0;644;
1;14.10.2025;30;16;SCD;F;ppm_1;700;
1;14.10.2025;30;16;SCD;F;ppm_2;737;
1;14.10.2025;30;16;SCD;F;ppm_3;768;
1;14.10.2025;30;16;SCD;F;ppm_4;795;
1;14.10.2025;30;16;SCD;F;ppm_5;820;
1;14.10.2025;30;16;SCD;F;ppm_6;843;
1;14.10.2025;30;15;SUD;G;ppm _room;627;
1;14.10.2025;30;15;SUD;G;ppm_0;627;
1;14.10.2025;30;15;SUD;G;ppm_1;661;
1;14.10.2025;30;15;SUD;G;ppm_2;696;
1;14.10.2025;30;15;SUD;G;ppm_3;726;
1;14.10.2025;30;15;SUD;G;ppm_4;753;
1;14.10.2025;30;15;SUD;G;ppm_5;780;
1;14.10.2025;30;15;SUD;G;ppm_6;802;
1;14.10.2025;30;11;BUD;H;ppm _room;630;
1;14.10.2025;30;11;BUD;H;ppm_0;639;
1;14.10.2025;30;11;BUD;H;ppm_1;653;
1;14.10.2025;30;11;BUD;H;ppm_2;667;
1;14.10.2025;30;11;BUD;H;ppm_3;681;
1;14.10.2025;30;11;BUD;H;ppm_4;694;
1;14.10.2025;30;11;BUD;H;ppm_5;705;
1;14.10.2025;30;11;BUD;H;ppm_6;719;
1;14.10.2025;36;14;SCW;A;ppm _room;699;
1;14.10.2025;36;14;SCW;A;ppm_0;700;
1;14.10.2025;36;14;SCW;A;ppm_1;737;
1;14.10.2025;36;14;SCW;A;ppm_2;765;
1;14.10.2025;36;14;SCW;A;ppm_3;788;
1;14.10.2025;36;14;SCW;A;ppm_4;812;
1;14.10.2025;36;14;SCW;A;ppm_5;834;
1;14.10.2025;36;14;SCW;A;ppm_6;857;
1;14.10.2025;36;9;BUW;B;ppm _room;675;
1;14.10.2025;36;9;BUW;B;ppm_0;672;
1;14.10.2025;36;9;BUW;B;ppm_1;694;
1;14.10.2025;36;9;BUW;B;ppm_2;711;
1;14.10.2025;36;9;BUW;B;ppm_3;726;
1;14.10.2025;36;9;BUW;B;ppm_4;741;
1;14.10.2025;36;9;BUW;B;ppm_5;753;
1;14.10.2025;36;9;BUW;B;ppm_6;767;
1;14.10.2025;36;10;BCW;C;ppm _room;649;
1;14.10.2025;36;10;BCW;C;ppm_0;650;
1;14.10.2025;36;10;BCW;C;ppm_1;666;
1;14.10.2025;36;10;BCW;C;ppm_2;682;
1;14.10.2025;36;10;BCW;C;ppm_3;696;
1;14.10.2025;36;10;BCW;C;ppm_4;709;
1;14.10.2025;36;10;BCW;C;ppm_5;722;
1;14.10.2025;36;10;BCW;C;ppm_6;734;
1;14.10.2025;36;12;BCD;D;ppm _room;633;
1;14.10.2025;36;12;BCD;D;ppm_0;631;
1;14.10.2025;36;12;BCD;D;ppm_1;643;
1;14.10.2025;36;12;BCD;D;ppm_2;650;
1;14.10.2025;36;12;BCD;D;ppm_3;657;
1;14.10.2025;36;12;BCD;D;ppm_4;664;
1;14.10.2025;36;12;BCD;D;ppm_5;671;
1;14.10.2025;36;12;BCD;D;ppm_6;677;
1;14.10.2025;36;13;SUW;E;ppm _room;620;
1;14.10.2025;36;13;SUW;E;ppm_0;618;
1;14.10.2025;36;13;SUW;E;ppm_1;680;
1;14.10.2025;36;13;SUW;E;ppm_2;727;
1;14.10.2025;36;13;SUW;E;ppm_3;769;
1;14.10.2025;36;13;SUW;E;ppm_4;807;
1;14.10.2025;36;13;SUW;E;ppm_5;842;
1;14.10.2025;36;13;SUW;E;ppm_6;875;
1;14.10.2025;36;16;SCD;F;ppm _room;637;
1;14.10.2025;36;16;SCD;F;ppm_0;638;
1;14.10.2025;36;16;SCD;F;ppm_1;668;
1;14.10.2025;36;16;SCD;F;ppm_2;714;
1;14.10.2025;36;16;SCD;F;ppm_3;744;
1;14.10.2025;36;16;SCD;F;ppm_4;770;
1;14.10.2025;36;16;SCD;F;ppm_5;795;
1;14.10.2025;36;16;SCD;F;ppm_6;820;
1;14.10.2025;36;15;SUD;G;ppm _room;654;
1;14.10.2025;36;15;SUD;G;ppm_0;658;
1;14.10.2025;36;15;SUD;G;ppm_1;693;
1;14.10.2025;36;15;SUD;G;ppm_2;724;
1;14.10.2025;36;15;SUD;G;ppm_3;753;
1;14.10.2025;36;15;SUD;G;ppm_4;778;
1;14.10.2025;36;15;SUD;G;ppm_5;803;
1;14.10.2025;36;15;SUD;G;ppm_6;827;
1;14.10.2025;36;11;BUD;H;ppm _room;661;
1;14.10.2025;36;11;BUD;H;ppm_0;653;
1;14.10.2025;36;11;BUD;H;ppm_1;676;
1;14.10.2025;36;11;BUD;H;ppm_2;690;
1;14.10.2025;36;11;BUD;H;ppm_3;703;
1;14.10.2025;36;11;BUD;H;ppm_4;716;
1;14.10.2025;36;11;BUD;H;ppm_5;727;
1;14.10.2025;36;11;BUD;H;ppm_6;739;
1;15.10.2025;48;14;SCW;A;ppm _room;675;
1;15.10.2025;48;14;SCW;A;ppm_0;677;
1;15.10.2025;48;14;SCW;A;ppm_1;731;
1;15.10.2025;48;14;SCW;A;ppm_2;773;
1;15.10.2025;48;14;SCW;A;ppm_3;805;
1;15.10.2025;48;14;SCW;A;ppm_4;834;
1;15.10.2025;48;14;SCW;A;ppm_5;862;
1;15.10.2025;48;14;SCW;A;ppm_6;887;
1;15.10.2025;48;9;BUW;B;ppm _room;701;
1;15.10.2025;48;9;BUW;B;ppm_0;699;
1;15.10.2025;48;9;BUW;B;ppm_1;715;
1;15.10.2025;48;9;BUW;B;ppm_2;729;
1;15.10.2025;48;9;BUW;B;ppm_3;743;
1;15.10.2025;48;9;BUW;B;ppm_4;757;
1;15.10.2025;48;9;BUW;B;ppm_5;770;
1;15.10.2025;48;9;BUW;B;ppm_6;782;
1;15.10.2025;48;10;BCW;C;ppm _room;673;
1;15.10.2025;48;10;BCW;C;ppm_0;688;
1;15.10.2025;48;10;BCW;C;ppm_1;698;
1;15.10.2025;48;10;BCW;C;ppm_2;709;
1;15.10.2025;48;10;BCW;C;ppm_3;720;
1;15.10.2025;48;10;BCW;C;ppm_4;731;
1;15.10.2025;48;10;BCW;C;ppm_5;742;
1;15.10.2025;48;10;BCW;C;ppm_6;753;
1;15.10.2025;48;12;BCD;D;ppm _room;752;
1;15.10.2025;48;12;BCD;D;ppm_0;753;
1;15.10.2025;48;12;BCD;D;ppm_1;760;
1;15.10.2025;48;12;BCD;D;ppm_2;765;
1;15.10.2025;48;12;BCD;D;ppm_3;770;
1;15.10.2025;48;12;BCD;D;ppm_4;775;
1;15.10.2025;48;12;BCD;D;ppm_5;780;
1;15.10.2025;48;12;BCD;D;ppm_6;785;
1;15.10.2025;48;13;SUW;E;ppm _room;730;
1;15.10.2025;48;13;SUW;E;ppm_0;733;
1;15.10.2025;48;13;SUW;E;ppm_1;777;
1;15.10.2025;48;13;SUW;E;ppm_2;816;
1;15.10.2025;48;13;SUW;E;ppm_3;853;
1;15.10.2025;48;13;SUW;E;ppm_4;885;
1;15.10.2025;48;13;SUW;E;ppm_5;914;
1;15.10.2025;48;13;SUW;E;ppm_6;944;
1;15.10.2025;48;16;SCD;F;ppm _room;701;
1;15.10.2025;48;16;SCD;F;ppm_0;700;
1;15.10.2025;48;16;SCD;F;ppm_1;743;
1;15.10.2025;48;16;SCD;F;ppm_2;777;
1;15.10.2025;48;16;SCD;F;ppm_3;804;
1;15.10.2025;48;16;SCD;F;ppm_4;833;
1;15.10.2025;48;16;SCD;F;ppm_5;859;
1;15.10.2025;48;16;SCD;F;ppm_6;882;
1;15.10.2025;48;15;SUD;G;ppm _room;736;
1;15.10.2025;48;15;SUD;G;ppm_0;736;
1;15.10.2025;48;15;SUD;G;ppm_1;766;
1;15.10.2025;48;15;SUD;G;ppm_2;797;
1;15.10.2025;48;15;SUD;G;ppm_3;823;
1;15.10.2025;48;15;SUD;G;ppm_4;849;
1;15.10.2025;48;15;SUD;G;ppm_5;873;
1;15.10.2025;48;15;SUD;G;ppm_6;897;919
1;15.10.2025;48;11;BUD;H;ppm _room;767;
1;15.10.2025;48;11;BUD;H;ppm_0;764;
1;15.10.2025;48;11;BUD;H;ppm_1;790;
1;15.10.2025;48;11;BUD;H;ppm_2;801;
1;15.10.2025;48;11;BUD;H;ppm_3;810;
1;15.10.2025;48;11;BUD;H;ppm_4;820;
1;15.10.2025;48;11;BUD;H;ppm_5;830;
1;15.10.2025;48;11;BUD;H;ppm_6;840;
1;15.10.2025;54;14;SCW;A;ppm _room;765;
1;15.10.2025;54;14;SCW;A;ppm_0;784;
1;15.10.2025;54;14;SCW;A;ppm_1;811;
1;15.10.2025;54;14;SCW;A;ppm_2;835;
1;15.10.2025;54;14;SCW;A;ppm_3;858;
1;15.10.2025;54;14;SCW;A;ppm_4;880;
1;15.10.2025;54;14;SCW;A;ppm_5;901;
1;15.10.2025;54;14;SCW;A;ppm_6;923;
1;15.10.2025;54;9;BUW;B;ppm _room;776;
1;15.10.2025;54;9;BUW;B;ppm_0;778;
1;15.10.2025;54;9;BUW;B;ppm_1;789;
1;15.10.2025;54;9;BUW;B;ppm_2;800;
1;15.10.2025;54;9;BUW;B;ppm_3;811;
1;15.10.2025;54;9;BUW;B;ppm_4;821;
1;15.10.2025;54;9;BUW;B;ppm_5;832;
1;15.10.2025;54;9;BUW;B;ppm_6;843;
1;15.10.2025;54;10;BCW;C;ppm _room;764;
1;15.10.2025;54;10;BCW;C;ppm_0;768;
1;15.10.2025;54;10;BCW;C;ppm_1;780;
1;15.10.2025;54;10;BCW;C;ppm_2;791;
1;15.10.2025;54;10;BCW;C;ppm_3;802;
1;15.10.2025;54;10;BCW;C;ppm_4;812;
1;15.10.2025;54;10;BCW;C;ppm_5;823;
1;15.10.2025;54;10;BCW;C;ppm_6;833;
1;15.10.2025;54;12;BCD;D;ppm _room;746;
1;15.10.2025;54;12;BCD;D;ppm_0;751;
1;15.10.2025;54;12;BCD;D;ppm_1;760;
1;15.10.2025;54;12;BCD;D;ppm_2;765;
1;15.10.2025;54;12;BCD;D;ppm_3;771;
1;15.10.2025;54;12;BCD;D;ppm_4;777;
1;15.10.2025;54;12;BCD;D;ppm_5;783;
1;15.10.2025;54;12;BCD;D;ppm_6;789;
1;15.10.2025;54;13;SUW;E;ppm _room;720;
1;15.10.2025;54;13;SUW;E;ppm_0;720;
1;15.10.2025;54;13;SUW;E;ppm_1;770;
1;15.10.2025;54;13;SUW;E;ppm_2;816;
1;15.10.2025;54;13;SUW;E;ppm_3;858;
1;15.10.2025;54;13;SUW;E;ppm_4;896;
1;15.10.2025;54;13;SUW;E;ppm_5;932;
1;15.10.2025;54;13;SUW;E;ppm_6;966;
1;15.10.2025;54;16;SCD;F;ppm _room;666;
1;15.10.2025;54;16;SCD;F;ppm_0;664;
1;15.10.2025;54;16;SCD;F;ppm_1;715;
1;15.10.2025;54;16;SCD;F;ppm_2;752;
1;15.10.2025;54;16;SCD;F;ppm_3;783;
1;15.10.2025;54;16;SCD;F;ppm_4;812;
1;15.10.2025;54;16;SCD;F;ppm_5;839;
1;15.10.2025;54;16;SCD;F;ppm_6;864;
1;15.10.2025;54;15;SUD;G;ppm _room;647;
1;15.10.2025;54;15;SUD;G;ppm_0;649;
1;15.10.2025;54;15;SUD;G;ppm_1;684;
1;15.10.2025;54;15;SUD;G;ppm_2;721;
1;15.10.2025;54;15;SUD;G;ppm_3;754;
1;15.10.2025;54;15;SUD;G;ppm_4;783;
1;15.10.2025;54;15;SUD;G;ppm_5;812;
1;15.10.2025;54;15;SUD;G;ppm_6;838;
1;15.10.2025;54;11;BUD;H;ppm _room;637;
1;15.10.2025;54;11;BUD;H;ppm_0;636;
1;15.10.2025;54;11;BUD;H;ppm_1;664;
1;15.10.2025;54;11;BUD;H;ppm_2;680;
1;15.10.2025;54;11;BUD;H;ppm_3;694;
1;15.10.2025;54;11;BUD;H;ppm_4;709;
1;15.10.2025;54;11;BUD;H;ppm_5;722;
1;15.10.2025;54;11;BUD;H;ppm_6;735;
1;15.10.2025;60;14;SCW;A;ppm _room;663;
1;15.10.2025;60;14;SCW;A;ppm_0;668;
1;15.10.2025;60;14;SCW;A;ppm_1;702;
1;15.10.2025;60;14;SCW;A;ppm_2;730;
1;15.10.2025;60;14;SCW;A;ppm_3;754;
1;15.10.2025;60;14;SCW;A;ppm_4;777;
1;15.10.2025;60;14;SCW;A;ppm_5;798;
1;15.10.2025;60;14;SCW;A;ppm_6;820;
1;15.10.2025;60;9;BUW;B;ppm _room;656;
1;15.10.2025;60;9;BUW;B;ppm_0;655;
1;15.10.2025;60;9;BUW;B;ppm_1;670;
1;15.10.2025;60;9;BUW;B;ppm_2;681;
1;15.10.2025;60;9;BUW;B;ppm_3;694;
1;15.10.2025;60;9;BUW;B;ppm_4;706;
1;15.10.2025;60;9;BUW;B;ppm_5;716;
1;15.10.2025;60;9;BUW;B;ppm_6;728;
1;15.10.2025;60;10;BCW;C;ppm _room;622;
1;15.10.2025;60;10;BCW;C;ppm_0;623;
1;15.10.2025;60;10;BCW;C;ppm_1;641;
1;15.10.2025;60;10;BCW;C;ppm_2;648;
1;15.10.2025;60;10;BCW;C;ppm_3;665;
1;15.10.2025;60;10;BCW;C;ppm_4;675;
1;15.10.2025;60;10;BCW;C;ppm_5;686;
1;15.10.2025;60;10;BCW;C;ppm_6;697;
1;15.10.2025;60;12;BCD;D;ppm _room;632;
1;15.10.2025;60;12;BCD;D;ppm_0;633;
1;15.10.2025;60;12;BCD;D;ppm_1;643;
1;15.10.2025;60;12;BCD;D;ppm_2;651;
1;15.10.2025;60;12;BCD;D;ppm_3;658;
1;15.10.2025;60;12;BCD;D;ppm_4;667;
1;15.10.2025;60;12;BCD;D;ppm_5;674;
1;15.10.2025;60;12;BCD;D;ppm_6;681;
1;15.10.2025;60;13;SUW;E;ppm _room;611;
1;15.10.2025;60;13;SUW;E;ppm_0;612;
1;15.10.2025;60;13;SUW;E;ppm_1;659;
1;15.10.2025;60;13;SUW;E;ppm_2;702;
1;15.10.2025;60;13;SUW;E;ppm_3;741;
1;15.10.2025;60;13;SUW;E;ppm_4;776;
1;15.10.2025;60;13;SUW;E;ppm_5;809;
1;15.10.2025;60;13;SUW;E;ppm_6;840;
1;15.10.2025;60;16;SCD;F;ppm _room;592;
1;15.10.2025;60;16;SCD;F;ppm_0;599;
1;15.10.2025;60;16;SCD;F;ppm_1;651;
1;15.10.2025;60;16;SCD;F;ppm_2;684;
1;15.10.2025;60;16;SCD;F;ppm_3;716;
1;15.10.2025;60;16;SCD;F;ppm_4;743;
1;15.10.2025;60;16;SCD;F;ppm_5;769;
1;15.10.2025;60;16;SCD;F;ppm_6;794;
1;15.10.2025;60;15;SUD;G;ppm _room;607;
1;15.10.2025;60;15;SUD;G;ppm_0;608;
1;15.10.2025;60;15;SUD;G;ppm_1;641;
1;15.10.2025;60;15;SUD;G;ppm_2;675;
1;15.10.2025;60;15;SUD;G;ppm_3;705;
1;15.10.2025;60;15;SUD;G;ppm_4;733;
1;15.10.2025;60;15;SUD;G;ppm_5;759;
1;15.10.2025;60;15;SUD;G;ppm_6;783;
1;15.10.2025;60;11;BUD;H;ppm _room;691;
1;15.10.2025;60;11;BUD;H;ppm_0;698;
1;15.10.2025;60;11;BUD;H;ppm_1;707;
1;15.10.2025;60;11;BUD;H;ppm_2;718;
1;15.10.2025;60;11;BUD;H;ppm_3;727;
1;15.10.2025;60;11;BUD;H;ppm_4;736;
1;15.10.2025;60;11;BUD;H;ppm_5;745;
1;15.10.2025;60;11;BUD;H;ppm_6;756;
1;16.10.2025;72;14;SCW;A;ppm _room;851;
1;16.10.2025;72;14;SCW;A;ppm_0;867;
1;16.10.2025;72;14;SCW;A;ppm_1;909;
1;16.10.2025;72;14;SCW;A;ppm_2;943;
1;16.10.2025;72;14;SCW;A;ppm_3;972;
1;16.10.2025;72;14;SCW;A;ppm_4;998;
1;16.10.2025;72;14;SCW;A;ppm_5;1021;
1;16.10.2025;72;14;SCW;A;ppm_6;1044;
1;16.10.2025;72;9;BUW;B;ppm _room;851;
1;16.10.2025;72;9;BUW;B;ppm_0;855;
1;16.10.2025;72;9;BUW;B;ppm_1;870;
1;16.10.2025;72;9;BUW;B;ppm_2;884;
1;16.10.2025;72;9;BUW;B;ppm_3;897;
1;16.10.2025;72;9;BUW;B;ppm_4;911;
1;16.10.2025;72;9;BUW;B;ppm_5;922;
1;16.10.2025;72;9;BUW;B;ppm_6;933;
1;16.10.2025;72;10;BCW;C;ppm _room;949;
1;16.10.2025;72;10;BCW;C;ppm_0;956;
1;16.10.2025;72;10;BCW;C;ppm_1;954;
1;16.10.2025;72;10;BCW;C;ppm_2;958;
1;16.10.2025;72;10;BCW;C;ppm_3;965;
1;16.10.2025;72;10;BCW;C;ppm_4;972;
1;16.10.2025;72;10;BCW;C;ppm_5;976;
1;16.10.2025;72;10;BCW;C;ppm_6;985;
1;16.10.2025;72;12;BCD;D;ppm _room;1008;
1;16.10.2025;72;12;BCD;D;ppm_0;1017;
1;16.10.2025;72;12;BCD;D;ppm_1;1020;
1;16.10.2025;72;12;BCD;D;ppm_2;1022;
1;16.10.2025;72;12;BCD;D;ppm_3;1025;
1;16.10.2025;72;12;BCD;D;ppm_4;1027;
1;16.10.2025;72;12;BCD;D;ppm_5;1028;
1;16.10.2025;72;12;BCD;D;ppm_6;1033;
1;16.10.2025;72;13;SUW;E;ppm _room;1067;
1;16.10.2025;72;13;SUW;E;ppm_0;1069;
1;16.10.2025;72;13;SUW;E;ppm_1;1101;
1;16.10.2025;72;13;SUW;E;ppm_2;1134;
1;16.10.2025;72;13;SUW;E;ppm_3;1156;
1;16.10.2025;72;13;SUW;E;ppm_4;1184;
1;16.10.2025;72;13;SUW;E;ppm_5;1210;
1;16.10.2025;72;13;SUW;E;ppm_6;1232;
1;16.10.2025;72;16;SCD;F;ppm _room;936;
1;16.10.2025;72;16;SCD;F;ppm_0;950;
1;16.10.2025;72;16;SCD;F;ppm_1;994;
1;16.10.2025;72;16;SCD;F;ppm_2;1028;
1;16.10.2025;72;16;SCD;F;ppm_3;1056;
1;16.10.2025;72;16;SCD;F;ppm_4;1082;
1;16.10.2025;72;16;SCD;F;ppm_5;1107;
1;16.10.2025;72;16;SCD;F;ppm_6;1126;
1;16.10.2025;72;15;SUD;G;ppm _room;1040;
1;16.10.2025;72;15;SUD;G;ppm_0;1029;
1;16.10.2025;72;15;SUD;G;ppm_1;1060;
1;16.10.2025;72;15;SUD;G;ppm_2;1086;
1;16.10.2025;72;15;SUD;G;ppm_3;1110;
1;16.10.2025;72;15;SUD;G;ppm_4;1131;
1;16.10.2025;72;15;SUD;G;ppm_5;1152;
1;16.10.2025;72;15;SUD;G;ppm_6;1169;
1;16.10.2025;72;11;BUD;H;ppm _room;940;
1;16.10.2025;72;11;BUD;H;ppm_0;940;
1;16.10.2025;72;11;BUD;H;ppm_1;953;
1;16.10.2025;72;11;BUD;H;ppm_2;967;
1;16.10.2025;72;11;BUD;H;ppm_3;979;
1;16.10.2025;72;11;BUD;H;ppm_4;989;
1;16.10.2025;72;11;BUD;H;ppm_5;998;
1;16.10.2025;72;11;BUD;H;ppm_6;1007;
1;16.10.2025;78;14;SCW;A;ppm _room;566;
1;16.10.2025;78;14;SCW;A;ppm_0;591;
1;16.10.2025;78;14;SCW;A;ppm_1;626;
1;16.10.2025;78;14;SCW;A;ppm_2;657;
1;16.10.2025;78;14;SCW;A;ppm_3;683;
1;16.10.2025;78;14;SCW;A;ppm_4;708;
1;16.10.2025;78;14;SCW;A;ppm_5;730;
1;16.10.2025;78;14;SCW;A;ppm_6;753;
1;16.10.2025;78;9;BUW;B;ppm _room;684;
1;16.10.2025;78;9;BUW;B;ppm_0;689;
1;16.10.2025;78;9;BUW;B;ppm_1;699;
1;16.10.2025;78;9;BUW;B;ppm_2;710;
1;16.10.2025;78;9;BUW;B;ppm_3;719;
1;16.10.2025;78;9;BUW;B;ppm_4;731;
1;16.10.2025;78;9;BUW;B;ppm_5;741;
1;16.10.2025;78;9;BUW;B;ppm_6;749;
1;16.10.2025;78;10;BCW;C;ppm _room;714;
1;16.10.2025;78;10;BCW;C;ppm_0;718;
1;16.10.2025;78;10;BCW;C;ppm_1;719;
1;16.10.2025;78;10;BCW;C;ppm_2;726;
1;16.10.2025;78;10;BCW;C;ppm_3;734;
1;16.10.2025;78;10;BCW;C;ppm_4;743;
1;16.10.2025;78;10;BCW;C;ppm_5;751;
1;16.10.2025;78;10;BCW;C;ppm_6;759;
1;16.10.2025;78;12;BCD;D;ppm _room;733;
1;16.10.2025;78;12;BCD;D;ppm_0;734;
1;16.10.2025;78;12;BCD;D;ppm_1;742;
1;16.10.2025;78;12;BCD;D;ppm_2;747;
1;16.10.2025;78;12;BCD;D;ppm_3;752;
1;16.10.2025;78;12;BCD;D;ppm_4;754;
1;16.10.2025;78;12;BCD;D;ppm_5;760;
1;16.10.2025;78;12;BCD;D;ppm_6;764;
1;16.10.2025;78;13;SUW;E;ppm _room;752;
1;16.10.2025;78;13;SUW;E;ppm_0;761;
1;16.10.2025;78;13;SUW;E;ppm_1;802;
1;16.10.2025;78;13;SUW;E;ppm_2;836;
1;16.10.2025;78;13;SUW;E;ppm_3;870;
1;16.10.2025;78;13;SUW;E;ppm_4;897;
1;16.10.2025;78;13;SUW;E;ppm_5;926;
1;16.10.2025;78;13;SUW;E;ppm_6;953;
1;16.10.2025;78;16;SCD;F;ppm _room;718;
1;16.10.2025;78;16;SCD;F;ppm_0;755;
1;16.10.2025;78;16;SCD;F;ppm_1;788;
1;16.10.2025;78;16;SCD;F;ppm_2;813;
1;16.10.2025;78;16;SCD;F;ppm_3;839;
1;16.10.2025;78;16;SCD;F;ppm_4;862;
1;16.10.2025;78;16;SCD;F;ppm_5;883;
1;16.10.2025;78;16;SCD;F;ppm_6;905;
1;16.10.2025;78;15;SUD;G;ppm _room;670;
1;16.10.2025;78;15;SUD;G;ppm_0;685;
1;16.10.2025;78;15;SUD;G;ppm_1;730;
1;16.10.2025;78;15;SUD;G;ppm_2;755;
1;16.10.2025;78;15;SUD;G;ppm_3;785;
1;16.10.2025;78;15;SUD;G;ppm_4;811;
1;16.10.2025;78;15;SUD;G;ppm_5;836;
1;16.10.2025;78;15;SUD;G;ppm_6;860;
1;16.10.2025;78;11;BUD;H;ppm _room;641;
1;16.10.2025;78;11;BUD;H;ppm_0;664;
1;16.10.2025;78;11;BUD;H;ppm_1;680;
1;16.10.2025;78;11;BUD;H;ppm_2;694;
1;16.10.2025;78;11;BUD;H;ppm_3;708;
1;16.10.2025;78;11;BUD;H;ppm_4;723;
1;16.10.2025;78;11;BUD;H;ppm_5;734;
1;16.10.2025;78;11;BUD;H;ppm_6;743;
1;16.10.2025;84;14;SCW;A;ppm _room;690;
1;16.10.2025;84;14;SCW;A;ppm_0;800;
1;16.10.2025;84;14;SCW;A;ppm_1;803;
1;16.10.2025;84;14;SCW;A;ppm_2;815;
1;16.10.2025;84;14;SCW;A;ppm_3;832;
1;16.10.2025;84;14;SCW;A;ppm_4;849;
1;16.10.2025;84;14;SCW;A;ppm_5;867;
1;16.10.2025;84;14;SCW;A;ppm_6;884;903
1;16.10.2025;84;9;BUW;B;ppm _room;655;
1;16.10.2025;84;9;BUW;B;ppm_0;656;
1;16.10.2025;84;9;BUW;B;ppm_1;672;
1;16.10.2025;84;9;BUW;B;ppm_2;684;
1;16.10.2025;84;9;BUW;B;ppm_3;699;
1;16.10.2025;84;9;BUW;B;ppm_4;711;
1;16.10.2025;84;9;BUW;B;ppm_5;723;
1;16.10.2025;84;9;BUW;B;ppm_6;733;
1;16.10.2025;84;10;BCW;C;ppm _room;624;
1;16.10.2025;84;10;BCW;C;ppm_0;623;
1;16.10.2025;84;10;BCW;C;ppm_1;643;
1;16.10.2025;84;10;BCW;C;ppm_2;657;
1;16.10.2025;84;10;BCW;C;ppm_3;669;
1;16.10.2025;84;10;BCW;C;ppm_4;680;
1;16.10.2025;84;10;BCW;C;ppm_5;690;
1;16.10.2025;84;10;BCW;C;ppm_6;700;
1;16.10.2025;84;12;BCD;D;ppm _room;617;
1;16.10.2025;84;12;BCD;D;ppm_0;615;
1;16.10.2025;84;12;BCD;D;ppm_1;632;
1;16.10.2025;84;12;BCD;D;ppm_2;640;
1;16.10.2025;84;12;BCD;D;ppm_3;648;
1;16.10.2025;84;12;BCD;D;ppm_4;651;
1;16.10.2025;84;12;BCD;D;ppm_5;661;
1;16.10.2025;84;12;BCD;D;ppm_6;668;
1;16.10.2025;84;13;SUW;E;ppm _room;604;
1;16.10.2025;84;13;SUW;E;ppm_0;611;
1;16.10.2025;84;13;SUW;E;ppm_1;649;
1;16.10.2025;84;13;SUW;E;ppm_2;688;
1;16.10.2025;84;13;SUW;E;ppm_3;723;
1;16.10.2025;84;13;SUW;E;ppm_4;758;
1;16.10.2025;84;13;SUW;E;ppm_5;791;
1;16.10.2025;84;13;SUW;E;ppm_6;819;
1;16.10.2025;84;16;SCD;F;ppm _room;623;
1;16.10.2025;84;16;SCD;F;ppm_0;630;
1;16.10.2025;84;16;SCD;F;ppm_1;670;
1;16.10.2025;84;16;SCD;F;ppm_2;703;
1;16.10.2025;84;16;SCD;F;ppm_3;730;
1;16.10.2025;84;16;SCD;F;ppm_4;754;
1;16.10.2025;84;16;SCD;F;ppm_5;775;
1;16.10.2025;84;16;SCD;F;ppm_6;798;
1;16.10.2025;84;15;SUD;G;ppm _room;625;
1;16.10.2025;84;15;SUD;G;ppm_0;626;
1;16.10.2025;84;15;SUD;G;ppm_1;656;
1;16.10.2025;84;15;SUD;G;ppm_2;685;
1;16.10.2025;84;15;SUD;G;ppm_3;712;
1;16.10.2025;84;15;SUD;G;ppm_4;738;
1;16.10.2025;84;15;SUD;G;ppm_5;762;
1;16.10.2025;84;15;SUD;G;ppm_6;781;
1;16.10.2025;84;11;BUD;H;ppm _room;629;
1;16.10.2025;84;11;BUD;H;ppm_0;636;
1;16.10.2025;84;11;BUD;H;ppm_1;649;
1;16.10.2025;84;11;BUD;H;ppm_2;660;
1;16.10.2025;84;11;BUD;H;ppm_3;667;
1;16.10.2025;84;11;BUD;H;ppm_4;677;
1;16.10.2025;84;11;BUD;H;ppm_5;685;
1;16.10.2025;84;11;BUD;H;ppm_6;695;
1;17.10.2025;96;14;SCW;A;ppm _room;666;
1;17.10.2025;96;14;SCW;A;ppm_0;667;
1;17.10.2025;96;14;SCW;A;ppm_1;700;
1;17.10.2025;96;14;SCW;A;ppm_2;730;
1;17.10.2025;96;14;SCW;A;ppm_3;756;
1;17.10.2025;96;14;SCW;A;ppm_4;779;
1;17.10.2025;96;14;SCW;A;ppm_5;801;
1;17.10.2025;96;14;SCW;A;ppm_6;822;
1;17.10.2025;96;9;BUW;B;ppm _room;623;
1;17.10.2025;96;9;BUW;B;ppm_0;624;
1;17.10.2025;96;9;BUW;B;ppm_1;642;
1;17.10.2025;96;9;BUW;B;ppm_2;656;
1;17.10.2025;96;9;BUW;B;ppm_3;670;
1;17.10.2025;96;9;BUW;B;ppm_4;683;
1;17.10.2025;96;9;BUW;B;ppm_5;694;
1;17.10.2025;96;9;BUW;B;ppm_6;708;
1;17.10.2025;96;10;BCW;C;ppm _room;606;
1;17.10.2025;96;10;BCW;C;ppm_0;611;
1;17.10.2025;96;10;BCW;C;ppm_1;623;
1;17.10.2025;96;10;BCW;C;ppm_2;636;
1;17.10.2025;96;10;BCW;C;ppm_3;647;
1;17.10.2025;96;10;BCW;C;ppm_4;658;
1;17.10.2025;96;10;BCW;C;ppm_5;668;
1;17.10.2025;96;10;BCW;C;ppm_6;677;
1;17.10.2025;96;12;BCD;D;ppm _room;674;
1;17.10.2025;96;12;BCD;D;ppm_0;678;
1;17.10.2025;96;12;BCD;D;ppm_1;685;
1;17.10.2025;96;12;BCD;D;ppm_2;690;
1;17.10.2025;96;12;BCD;D;ppm_3;695;
1;17.10.2025;96;12;BCD;D;ppm_4;700;
1;17.10.2025;96;12;BCD;D;ppm_5;705;
1;17.10.2025;96;12;BCD;D;ppm_6;709;
1;17.10.2025;96;13;SUW;E;ppm _room;700;
1;17.10.2025;96;13;SUW;E;ppm_0;708;
1;17.10.2025;96;13;SUW;E;ppm_1;742;
1;17.10.2025;96;13;SUW;E;ppm_2;774;
1;17.10.2025;96;13;SUW;E;ppm_3;805;
1;17.10.2025;96;13;SUW;E;ppm_4;834;
1;17.10.2025;96;13;SUW;E;ppm_5;860;
1;17.10.2025;96;13;SUW;E;ppm_6;887;
1;17.10.2025;96;16;SCD;F;ppm _room;688;
1;17.10.2025;96;16;SCD;F;ppm_0;682;
1;17.10.2025;96;16;SCD;F;ppm_1;722;
1;17.10.2025;96;16;SCD;F;ppm_2;747;
1;17.10.2025;96;16;SCD;F;ppm_3;770;
1;17.10.2025;96;16;SCD;F;ppm_4;791;
1;17.10.2025;96;16;SCD;F;ppm_5;812;
1;17.10.2025;96;16;SCD;F;ppm_6;830;
1;17.10.2025;96;15;SUD;G;ppm _room;678;
1;17.10.2025;96;15;SUD;G;ppm_0;682;
1;17.10.2025;96;15;SUD;G;ppm_1;713;
1;17.10.2025;96;15;SUD;G;ppm_2;731;
1;17.10.2025;96;15;SUD;G;ppm_3;762;
1;17.10.2025;96;15;SUD;G;ppm_4;784;
1;17.10.2025;96;15;SUD;G;ppm_5;807;
1;17.10.2025;96;15;SUD;G;ppm_6;825;
1;17.10.2025;96;11;BUD;H;ppm _room;683;
1;17.10.2025;96;11;BUD;H;ppm_0;683;
1;17.10.2025;96;11;BUD;H;ppm_1;700;
1;17.10.2025;96;11;BUD;H;ppm_2;709;
1;17.10.2025;96;11;BUD;H;ppm_3;718;
1;17.10.2025;96;11;BUD;H;ppm_4;728;
1;17.10.2025;96;11;BUD;H;ppm_5;737;
1;17.10.2025;96;11;BUD;H;ppm_6;744;
1;17.10.2025;102;14;SCW;A;ppm _room;579;
1;17.10.2025;102;14;SCW;A;ppm_0;590;
1;17.10.2025;102;14;SCW;A;ppm_1;630;
1;17.10.2025;102;14;SCW;A;ppm_2;659;
1;17.10.2025;102;14;SCW;A;ppm_3;685;
1;17.10.2025;102;14;SCW;A;ppm_4;708;
1;17.10.2025;102;14;SCW;A;ppm_5;729;
1;17.10.2025;102;14;SCW;A;ppm_6;750;
1;17.10.2025;102;9;BUW;B;ppm _room;679;
1;17.10.2025;102;9;BUW;B;ppm_0;679;
1;17.10.2025;102;9;BUW;B;ppm_1;689;
1;17.10.2025;102;9;BUW;B;ppm_2;698;
1;17.10.2025;102;9;BUW;B;ppm_3;705;
1;17.10.2025;102;9;BUW;B;ppm_4;714;
1;17.10.2025;102;9;BUW;B;ppm_5;722;
1;17.10.2025;102;9;BUW;B;ppm_6;728;
1;17.10.2025;102;10;BCW;C;ppm _room;698;
1;17.10.2025;102;10;BCW;C;ppm_0;700;
1;17.10.2025;102;10;BCW;C;ppm_1;711;
1;17.10.2025;102;10;BCW;C;ppm_2;718;
1;17.10.2025;102;10;BCW;C;ppm_3;724;
1;17.10.2025;102;10;BCW;C;ppm_4;731;
1;17.10.2025;102;10;BCW;C;ppm_5;738;
1;17.10.2025;102;10;BCW;C;ppm_6;745;
1;17.10.2025;102;12;BCD;D;ppm _room;712;
1;17.10.2025;102;12;BCD;D;ppm_0;710;
1;17.10.2025;102;12;BCD;D;ppm_1;718;
1;17.10.2025;102;12;BCD;D;ppm_2;723;
1;17.10.2025;102;12;BCD;D;ppm_3;729;
1;17.10.2025;102;12;BCD;D;ppm_4;732;
1;17.10.2025;102;12;BCD;D;ppm_5;737;
1;17.10.2025;102;12;BCD;D;ppm_6;742;
1;17.10.2025;102;13;SUW;E;ppm _room;706;
1;17.10.2025;102;13;SUW;E;ppm_0;713;
1;17.10.2025;102;13;SUW;E;ppm_1;749;
1;17.10.2025;102;13;SUW;E;ppm_2;782;
1;17.10.2025;102;13;SUW;E;ppm_3;815;
1;17.10.2025;102;13;SUW;E;ppm_4;843;
1;17.10.2025;102;13;SUW;E;ppm_5;870;
1;17.10.2025;102;13;SUW;E;ppm_6;894;
1;17.10.2025;102;16;SCD;F;ppm _room;704;
1;17.10.2025;102;16;SCD;F;ppm_0;708;
1;17.10.2025;102;16;SCD;F;ppm_1;744;
1;17.10.2025;102;16;SCD;F;ppm_2;770;
1;17.10.2025;102;16;SCD;F;ppm_3;793;
1;17.10.2025;102;16;SCD;F;ppm_4;815;
1;17.10.2025;102;16;SCD;F;ppm_5;833;
1;17.10.2025;102;16;SCD;F;ppm_6;853;
1;17.10.2025;102;15;SUD;G;ppm _room;661;
1;17.10.2025;102;15;SUD;G;ppm_0;664;
1;17.10.2025;102;15;SUD;G;ppm_1;700;
1;17.10.2025;102;15;SUD;G;ppm_2;727;
1;17.10.2025;102;15;SUD;G;ppm_3;755;
1;17.10.2025;102;15;SUD;G;ppm_4;779;
1;17.10.2025;102;15;SUD;G;ppm_5;802;
1;17.10.2025;102;15;SUD;G;ppm_6;822;
1;17.10.2025;102;11;BUD;H;ppm _room;639;
1;17.10.2025;102;11;BUD;H;ppm_0;652;
1;17.10.2025;102;11;BUD;H;ppm_1;665;
1;17.10.2025;102;11;BUD;H;ppm_2;678;
1;17.10.2025;102;11;BUD;H;ppm_3;690;
1;17.10.2025;102;11;BUD;H;ppm_4;702;
1;17.10.2025;102;11;BUD;H;ppm_5;713;
1;17.10.2025;102;11;BUD;H;ppm_6;722;
1;17.10.2025;108;14;SCW;A;ppm _room;684;
1;17.10.2025;108;14;SCW;A;ppm_0;704;
1;17.10.2025;108;14;SCW;A;ppm_1;728;
1;17.10.2025;108;14;SCW;A;ppm_2;748;
1;17.10.2025;108;14;SCW;A;ppm_3;767;
1;17.10.2025;108;14;SCW;A;ppm_4;785;
1;17.10.2025;108;14;SCW;A;ppm_5;803;
1;17.10.2025;108;14;SCW;A;ppm_6;820;
1;17.10.2025;108;9;BUW;B;ppm _room;692;
1;17.10.2025;108;9;BUW;B;ppm_0;694;
1;17.10.2025;108;9;BUW;B;ppm_1;706;
1;17.10.2025;108;9;BUW;B;ppm_2;717;
1;17.10.2025;108;9;BUW;B;ppm_3;727;
1;17.10.2025;108;9;BUW;B;ppm_4;737;
1;17.10.2025;108;9;BUW;B;ppm_5;746;
1;17.10.2025;108;9;BUW;B;ppm_6;755;
1;17.10.2025;108;10;BCW;C;ppm _room;674;
1;17.10.2025;108;10;BCW;C;ppm_0;675;
1;17.10.2025;108;10;BCW;C;ppm_1;682;
1;17.10.2025;108;10;BCW;C;ppm_2;691;
1;17.10.2025;108;10;BCW;C;ppm_3;701;
1;17.10.2025;108;10;BCW;C;ppm_4;710;
1;17.10.2025;108;10;BCW;C;ppm_5;719;
1;17.10.2025;108;10;BCW;C;ppm_6;727;
1;17.10.2025;108;12;BCD;D;ppm _room;653;
1;17.10.2025;108;12;BCD;D;ppm_0;663;
1;17.10.2025;108;12;BCD;D;ppm_1;672;
1;17.10.2025;108;12;BCD;D;ppm_2;679;
1;17.10.2025;108;12;BCD;D;ppm_3;686;
1;17.10.2025;108;12;BCD;D;ppm_4;692;
1;17.10.2025;108;12;BCD;D;ppm_5;699;
1;17.10.2025;108;12;BCD;D;ppm_6;705;
1;17.10.2025;108;13;SUW;E;ppm _room;670;
1;17.10.2025;108;13;SUW;E;ppm_0;683;
1;17.10.2025;108;13;SUW;E;ppm_1;728;
1;17.10.2025;108;13;SUW;E;ppm_2;765;
1;17.10.2025;108;13;SUW;E;ppm_3;797;
1;17.10.2025;108;13;SUW;E;ppm_4;828;
1;17.10.2025;108;13;SUW;E;ppm_5;857;
1;17.10.2025;108;13;SUW;E;ppm_6;883;
1;17.10.2025;108;16;SCD;F;ppm _room;672;
1;17.10.2025;108;16;SCD;F;ppm_0;683;
1;17.10.2025;108;16;SCD;F;ppm_1;716;
1;17.10.2025;108;16;SCD;F;ppm_2;742;
1;17.10.2025;108;16;SCD;F;ppm_3;764;
1;17.10.2025;108;16;SCD;F;ppm_4;784;
1;17.10.2025;108;16;SCD;F;ppm_5;804;
1;17.10.2025;108;16;SCD;F;ppm_6;822;
1;17.10.2025;108;15;SUD;G;ppm _room;682;
1;17.10.2025;108;15;SUD;G;ppm_0;698;
1;17.10.2025;108;15;SUD;G;ppm_1;728;
1;17.10.2025;108;15;SUD;G;ppm_2;756;
1;17.10.2025;108;15;SUD;G;ppm_3;780;
1;17.10.2025;108;15;SUD;G;ppm_4;802;
1;17.10.2025;108;15;SUD;G;ppm_5;823;
1;17.10.2025;108;15;SUD;G;ppm_6;842;
1;17.10.2025;108;11;BUD;H;ppm _room;703;
1;17.10.2025;108;11;BUD;H;ppm_0;711;
1;17.10.2025;108;11;BUD;H;ppm_1;724;
1;17.10.2025;108;11;BUD;H;ppm_2;734;
1;17.10.2025;108;11;BUD;H;ppm_3;743;
1;17.10.2025;108;11;BUD;H;ppm_4;753;
1;17.10.2025;108;11;BUD;H;ppm_5;761;
1;17.10.2025;108;11;BUD;H;ppm_6;770;
1;18.10.2025;120;14;SCW;A;ppm _room;637;
1;18.10.2025;120;14;SCW;A;ppm_0;645;
1;18.10.2025;120;14;SCW;A;ppm_1;680;
1;18.10.2025;120;14;SCW;A;ppm_2;709;
1;18.10.2025;120;14;SCW;A;ppm_3;733;
1;18.10.2025;120;14;SCW;A;ppm_4;756;
1;18.10.2025;120;14;SCW;A;ppm_5;777;
1;18.10.2025;120;14;SCW;A;ppm_6;797;
1;18.10.2025;120;9;BUW;B;ppm _room;621;
1;18.10.2025;120;9;BUW;B;ppm_0;623;
1;18.10.2025;120;9;BUW;B;ppm_1;638;
1;18.10.2025;120;9;BUW;B;ppm_2;651;
1;18.10.2025;120;9;BUW;B;ppm_3;664;
1;18.10.2025;120;9;BUW;B;ppm_4;675;
1;18.10.2025;120;9;BUW;B;ppm_5;686;
1;18.10.2025;120;9;BUW;B;ppm_6;697;
1;18.10.2025;120;10;BCW;C;ppm _room;618;
1;18.10.2025;120;10;BCW;C;ppm_0;619;
1;18.10.2025;120;10;BCW;C;ppm_1;625;
1;18.10.2025;120;10;BCW;C;ppm_2;635;
1;18.10.2025;120;10;BCW;C;ppm_3;644;
1;18.10.2025;120;10;BCW;C;ppm_4;653;
1;18.10.2025;120;10;BCW;C;ppm_5;662;
1;18.10.2025;120;10;BCW;C;ppm_6;669;
1;18.10.2025;120;12;BCD;D;ppm _room;644;
1;18.10.2025;120;12;BCD;D;ppm_0;643;
1;18.10.2025;120;12;BCD;D;ppm_1;651;
1;18.10.2025;120;12;BCD;D;ppm_2;657;
1;18.10.2025;120;12;BCD;D;ppm_3;662;
1;18.10.2025;120;12;BCD;D;ppm_4;667;
1;18.10.2025;120;12;BCD;D;ppm_5;672;
1;18.10.2025;120;12;BCD;D;ppm_6;677;
1;18.10.2025;120;13;SUW;E;ppm _room;667;
1;18.10.2025;120;13;SUW;E;ppm_0;673;
1;18.10.2025;120;13;SUW;E;ppm_1;708;
1;18.10.2025;120;13;SUW;E;ppm_2;741;
1;18.10.2025;120;13;SUW;E;ppm_3;771;
1;18.10.2025;120;13;SUW;E;ppm_4;801;
1;18.10.2025;120;13;SUW;E;ppm_5;825;
1;18.10.2025;120;13;SUW;E;ppm_6;850;
1;18.10.2025;120;16;SCD;F;ppm _room;671;
1;18.10.2025;120;16;SCD;F;ppm_0;675;
1;18.10.2025;120;16;SCD;F;ppm_1;705;
1;18.10.2025;120;16;SCD;F;ppm_2;729;
1;18.10.2025;120;16;SCD;F;ppm_3;750;
1;18.10.2025;120;16;SCD;F;ppm_4;767;
1;18.10.2025;120;16;SCD;F;ppm_5;785;
1;18.10.2025;120;16;SCD;F;ppm_6;802;
1;18.10.2025;120;15;SUD;G;ppm _room;681;
1;18.10.2025;120;15;SUD;G;ppm_0;681;
1;18.10.2025;120;15;SUD;G;ppm_1;710;
1;18.10.2025;120;15;SUD;G;ppm_2;737;
1;18.10.2025;120;15;SUD;G;ppm_3;760;
1;18.10.2025;120;15;SUD;G;ppm_4;781;
1;18.10.2025;120;15;SUD;G;ppm_5;801;
1;18.10.2025;120;15;SUD;G;ppm_6;820;
1;18.10.2025;120;11;BUD;H;ppm _room;675;
1;18.10.2025;120;11;BUD;H;ppm_0;681;
1;18.10.2025;120;11;BUD;H;ppm_1;691;
1;18.10.2025;120;11;BUD;H;ppm_2;702;
1;18.10.2025;120;11;BUD;H;ppm_3;711;
1;18.10.2025;120;11;BUD;H;ppm_4;721;
1;18.10.2025;120;11;BUD;H;ppm_5;730;
1;18.10.2025;120;11;BUD;H;ppm_6;738;
1;18.10.2025;126;14;SCW;A;ppm _room;485;
1;18.10.2025;126;14;SCW;A;ppm_0;598;
1;18.10.2025;126;14;SCW;A;ppm_1;601;
1;18.10.2025;126;14;SCW;A;ppm_2;615;
1;18.10.2025;126;14;SCW;A;ppm_3;633;
1;18.10.2025;126;14;SCW;A;ppm_4;650;
1;18.10.2025;126;14;SCW;A;ppm_5;668;
1;18.10.2025;126;14;SCW;A;ppm_6;685;
1;18.10.2025;126;9;BUW;B;ppm _room;620;
1;18.10.2025;126;9;BUW;B;ppm_0;621;
1;18.10.2025;126;9;BUW;B;ppm_1;629;
1;18.10.2025;126;9;BUW;B;ppm_2;636;
1;18.10.2025;126;9;BUW;B;ppm_3;644;
1;18.10.2025;126;9;BUW;B;ppm_4;651;
1;18.10.2025;126;9;BUW;B;ppm_5;659;
1;18.10.2025;126;9;BUW;B;ppm_6;667;
1;18.10.2025;126;10;BCW;C;ppm _room;658;
1;18.10.2025;126;10;BCW;C;ppm_0;658;
1;18.10.2025;126;10;BCW;C;ppm_1;665;
1;18.10.2025;126;10;BCW;C;ppm_2;671;
1;18.10.2025;126;10;BCW;C;ppm_3;678;
1;18.10.2025;126;10;BCW;C;ppm_4;683;
1;18.10.2025;126;10;BCW;C;ppm_5;689;
1;18.10.2025;126;10;BCW;C;ppm_6;696;
1;18.10.2025;126;12;BCD;D;ppm _room;677;
1;18.10.2025;126;12;BCD;D;ppm_0;676;
1;18.10.2025;126;12;BCD;D;ppm_1;682;
1;18.10.2025;126;12;BCD;D;ppm_2;687;
1;18.10.2025;126;12;BCD;D;ppm_3;690;
1;18.10.2025;126;12;BCD;D;ppm_4;694;
1;18.10.2025;126;12;BCD;D;ppm_5;697;
1;18.10.2025;126;12;BCD;D;ppm_6;700;
1;18.10.2025;126;13;SUW;E;ppm _room;678;
1;18.10.2025;126;13;SUW;E;ppm_0;683;
1;18.10.2025;126;13;SUW;E;ppm_1;718;
1;18.10.2025;126;13;SUW;E;ppm_2;750;
1;18.10.2025;126;13;SUW;E;ppm_3;780;
1;18.10.2025;126;13;SUW;E;ppm_4;807;
1;18.10.2025;126;13;SUW;E;ppm_5;833;
1;18.10.2025;126;13;SUW;E;ppm_6;857;
1;18.10.2025;126;16;SCD;F;ppm _room;685;
1;18.10.2025;126;16;SCD;F;ppm_0;684;
1;18.10.2025;126;16;SCD;F;ppm_1;722;
1;18.10.2025;126;16;SCD;F;ppm_2;745;
1;18.10.2025;126;16;SCD;F;ppm_3;766;
1;18.10.2025;126;16;SCD;F;ppm_4;785;
1;18.10.2025;126;16;SCD;F;ppm_5;802;
1;18.10.2025;126;16;SCD;F;ppm_6;818;
1;18.10.2025;126;15;SUD;G;ppm _room;681;
1;18.10.2025;126;15;SUD;G;ppm_0;684;
1;18.10.2025;126;15;SUD;G;ppm_1;710;
1;18.10.2025;126;15;SUD;G;ppm_2;737;
1;18.10.2025;126;15;SUD;G;ppm_3;761;
1;18.10.2025;126;15;SUD;G;ppm_4;782;
1;18.10.2025;126;15;SUD;G;ppm_5;802;
1;18.10.2025;126;15;SUD;G;ppm_6;820;
1;18.10.2025;126;11;BUD;H;ppm _room;655;
1;18.10.2025;126;11;BUD;H;ppm_0;662;
1;18.10.2025;126;11;BUD;H;ppm_1;674;
1;18.10.2025;126;11;BUD;H;ppm_2;684;
1;18.10.2025;126;11;BUD;H;ppm_3;694;
1;18.10.2025;126;11;BUD;H;ppm_4;703;
1;18.10.2025;126;11;BUD;H;ppm_5;712;
1;18.10.2025;126;11;BUD;H;ppm_6;722;
1;18.10.2025;132;14;SCW;A;ppm _room;618;
1;18.10.2025;132;14;SCW;A;ppm_0;626;
1;18.10.2025;132;14;SCW;A;ppm_1;651;
1;18.10.2025;132;14;SCW;A;ppm_2;675;
1;18.10.2025;132;14;SCW;A;ppm_3;694;
1;18.10.2025;132;14;SCW;A;ppm_4;710;
1;18.10.2025;132;14;SCW;A;ppm_5;727;
1;18.10.2025;132;14;SCW;A;ppm_6;743;
1;18.10.2025;132;9;BUW;B;ppm _room;606;
1;18.10.2025;132;9;BUW;B;ppm_0;607;
1;18.10.2025;132;9;BUW;B;ppm_1;620;
1;18.10.2025;132;9;BUW;B;ppm_2;632;
1;18.10.2025;132;9;BUW;B;ppm_3;643;
1;18.10.2025;132;9;BUW;B;ppm_4;653;
1;18.10.2025;132;9;BUW;B;ppm_5;664;
1;18.10.2025;132;9;BUW;B;ppm_6;673;
1;18.10.2025;132;10;BCW;C;ppm _room;583;
1;18.10.2025;132;10;BCW;C;ppm_0;586;
1;18.10.2025;132;10;BCW;C;ppm_1;593;
1;18.10.2025;132;10;BCW;C;ppm_2;602;
1;18.10.2025;132;10;BCW;C;ppm_3;612;
1;18.10.2025;132;10;BCW;C;ppm_4;620;
1;18.10.2025;132;10;BCW;C;ppm_5;628;
1;18.10.2025;132;10;BCW;C;ppm_6;636;
1;18.10.2025;132;12;BCD;D;ppm _room;579;
1;18.10.2025;132;12;BCD;D;ppm_0;582;
1;18.10.2025;132;12;BCD;D;ppm_1;593;
1;18.10.2025;132;12;BCD;D;ppm_2;599;
1;18.10.2025;132;12;BCD;D;ppm_3;605;
1;18.10.2025;132;12;BCD;D;ppm_4;612;
1;18.10.2025;132;12;BCD;D;ppm_5;618;
1;18.10.2025;132;12;BCD;D;ppm_6;624;
1;18.10.2025;132;13;SUW;E;ppm _room;576;
1;18.10.2025;132;13;SUW;E;ppm_0;577;
1;18.10.2025;132;13;SUW;E;ppm_1;619;
1;18.10.2025;132;13;SUW;E;ppm_2;655;
1;18.10.2025;132;13;SUW;E;ppm_3;687;
1;18.10.2025;132;13;SUW;E;ppm_4;716;
1;18.10.2025;132;13;SUW;E;ppm_5;744;
1;18.10.2025;132;13;SUW;E;ppm_6;770;
1;18.10.2025;132;16;SCD;F;ppm _room;590;
1;18.10.2025;132;16;SCD;F;ppm_0;590;
1;18.10.2025;132;16;SCD;F;ppm_1;626;
1;18.10.2025;132;16;SCD;F;ppm_2;650;
1;18.10.2025;132;16;SCD;F;ppm_3;671;
1;18.10.2025;132;16;SCD;F;ppm_4;691;
1;18.10.2025;132;16;SCD;F;ppm_5;710;
1;18.10.2025;132;16;SCD;F;ppm_6;727;
1;18.10.2025;132;15;SUD;G;ppm _room;607;
1;18.10.2025;132;15;SUD;G;ppm_0;612;
1;18.10.2025;132;15;SUD;G;ppm_1;636;
1;18.10.2025;132;15;SUD;G;ppm_2;662;
1;18.10.2025;132;15;SUD;G;ppm_3;685;
1;18.10.2025;132;15;SUD;G;ppm_4;706;
1;18.10.2025;132;15;SUD;G;ppm_5;726;
1;18.10.2025;132;15;SUD;G;ppm_6;746;
1;18.10.2025;132;11;BUD;H;ppm _room;620;
1;18.10.2025;132;11;BUD;H;ppm_0;620;
1;18.10.2025;132;11;BUD;H;ppm_1;635;
1;18.10.2025;132;11;BUD;H;ppm_2;642;
1;18.10.2025;132;11;BUD;H;ppm_3;650;
1;18.10.2025;132;11;BUD;H;ppm_4;657;
1;18.10.2025;132;11;BUD;H;ppm_5;665;
1;18.10.2025;132;11;BUD;H;ppm_6;672;
