run,treatment,layer,diameter,tray,position,nr,4-5mg,comment,%N,%C,C/N,d15Nkorr,d13Ckorr,Nat abun (15N),δ15Nkorr,atom% (15N),APE%,N pr DW,15N pr DW,15N pr N ,Nat abun (13C),δ13Ckorr,atom% (13C),APE%,C pr DW,13C pr DW  ,13C pr C 
,,,,,,,,,,,,,,(ATM%),(δ),(% of N),(% excess),(mgN/g DW),(μg/g DW),(μg/g N),(ATM%),(δ),(% of C),(% excess),(mg/g DW),(μg/g DW),(μg/g C)
1,BCD,top,fine,1,A1,1,4.18,,1.094,40.02,36.57,3.53,-28.88,0.366,3.53,0.368,0.002,10.9,0.2,15.4,1.08,-28.88,1.079,-0.001,400,-2.13,-5.32
1,BCD,top,coarse,1,A2,2,5.109,"do not use 15N, redo",1.423,37.52,26.37,6.20,-27.72,0.366,6.20,0.369,0.003,14.2,0.4,25.2,1.08,-27.72,1.081,0.001,375,2.80,7.48
1,BCD,middle,fine,1,A3,3,5.155,,1.651,36.95,22.38,3.48,-27.76,0.366,3.48,0.368,0.002,16.5,0.3,15.2,1.08,-27.76,1.081,0.001,369,2.58,7.00
1,BCD,middle,coarse,1,A4,4,4.683,"do not use 15N, redo",1.145,38.26,33.42,3.48,-27.53,0.366,12.67,0.371,0.005,11.4,0.6,48.8,1.08,-27.53,1.081,0.001,383,3.63,9.50
1,BCD,bottom,fine,1,A5,5,4.696,,1.350,35.22,26.08,1.57,-27.00,0.366,1.57,0.367,0.001,13.5,0.1,8.3,1.08,-27.00,1.082,0.002,352,5.41,15.37
1,BCD,bottom,coarse,1,A6,6,4.723,,1.277,37.92,29.70,2.52,-26.92,0.366,2.52,0.367,0.001,12.8,0.1,11.7,1.08,-26.92,1.082,0.002,379,6.16,16.23
1,BCW,top,fine,1,A7,7,4.793,,1.556,36.69,23.58,-1.55,-28.51,0.366,-1.55,0.366,0.000,15.6,0.0,-3.1,1.08,-28.51,1.080,0.000,367,-0.44,-1.20
1,BCW,top,coarse,1,A8,8,5.073,,1.903,36.86,19.37,-1.89,-26.36,0.366,-1.89,0.366,0.000,19.0,-0.1,-4.4,1.08,-26.36,1.082,0.002,369,8.23,22.34
1,BCW,middle,fine,1,A9,9,4.155,,1.284,35.18,27.40,-3.61,-27.80,0.366,-3.61,0.365,-0.001,12.8,-0.1,-10.6,1.08,-27.80,1.081,0.001,352,2.32,6.60
1,BCW,middle,coarse,1,A10,10,4.887,,1.358,36.20,26.66,-1.48,-26.71,0.366,-1.48,0.366,0.000,13.6,0.0,-2.8,1.08,-26.71,1.082,0.002,362,6.71,18.55
1,BCW,bottom,fine,1,A11,11,4.338,,1.377,37.90,27.52,-0.61,-27.73,0.366,-0.61,0.366,0.000,13.8,0.0,0.3,1.08,-27.73,1.081,0.001,379,2.78,7.33
1,BCW,bottom,coarse,1,A12,12,4.697,,1.218,37.17,30.52,-0.76,-26.37,0.366,-0.76,0.366,0.000,12.2,0.0,-0.2,1.08,-26.37,1.082,0.002,372,8.28,22.28
,,,,,,,,PEACH,2.819,44.81,15.90,0.26,-25.84,0.366,0.26,0.366,0.000,28.2,0.1,3.5,1.08,-25.84,1.083,0.003,448,12.61,28.13
1,BUD,top,fine,1,B1,13,4.084,,1.260,37.13,29.48,-2.57,-27.94,0.366,-2.57,0.365,-0.001,12.6,-0.1,-6.9,1.08,-27.94,1.081,0.001,371,1.88,5.07
1,BUD,top,coarse,1,B2,14,4.183,,1.314,37.62,28.63,3.84,-25.10,0.366,3.84,0.368,0.002,13.1,0.2,16.5,1.08,-25.10,1.084,0.004,376,13.63,36.23
1,BUD,middle,fine,1,B3,15,4.996,,1.303,35.97,27.62,-0.39,-27.13,0.366,-0.39,0.366,0.000,13.0,0.0,1.1,1.08,-27.13,1.081,0.001,360,4.99,13.88
1,BUD,middle,coarse,1,B4,16,4.527,,1.173,37.83,32.27,-1.27,-26.61,0.366,-1.27,0.366,0.000,11.7,0.0,-2.1,1.08,-26.61,1.082,0.002,378,7.44,19.65
1,BUD,bottom,fine,1,B5,17,4.249,,1.128,36.91,32.72,-2.39,-27.05,0.366,-2.39,0.365,-0.001,11.3,-0.1,-6.2,1.08,-27.05,1.081,0.001,369,5.48,14.84
1,BUD,bottom,coarse,1,B6,18,4.671,,0.672,37.49,55.80,-1.56,-26.62,0.366,-1.56,0.366,0.000,6.7,0.0,-3.2,1.08,-26.62,1.082,0.002,375,7.33,19.55
1,BUW,top,fine,1,B7,19,4.54,,1.463,39.08,26.72,-1.20,-28.26,0.366,-1.20,0.366,0.000,14.6,0.0,-1.8,1.08,-28.26,1.080,0.000,391,0.60,1.54
1,BUW,top,coarse,1,B8,20,4.159,,1.695,38.62,22.79,-0.61,-25.72,0.366,-0.61,0.366,0.000,16.9,0.0,0.3,1.08,-25.72,1.083,0.003,386,11.38,29.46
1,BUW,middle,fine,1,B9,21,5.031,,1.127,35.13,31.17,-3.39,-27.07,0.366,-3.39,0.365,-0.001,11.3,-0.1,-9.8,1.08,-27.07,1.081,0.001,351,5.10,14.53
1,BUW,middle,coarse,1,B10,22,4.867,,1.269,37.72,29.72,-0.71,-26.95,0.366,-0.71,0.366,0.000,12.7,0.0,0.0,1.08,-26.95,1.082,0.002,377,5.99,15.88
1,BUW,bottom,fine,1,B11,23,4.306,,1.173,36.14,30.81,-3.19,-28.26,0.366,-3.19,0.365,-0.001,11.7,-0.1,-9.1,1.08,-28.26,1.080,0.000,361,0.52,1.45
1,BUW,bottom,coarse,1,B12,24,5.031,,0.917,36.33,39.62,-1.32,-26.45,0.366,-1.32,0.366,0.000,9.2,0.0,-2.3,1.08,-26.45,1.082,0.002,363,7.77,21.38
,,,,,,,,PEACH,2.752,46.59,16.93,0.10,-25.96,0.366,0.10,0.366,0.000,27.5,0.1,2.9,1.08,-25.96,1.083,0.003,466,12.46,26.75
,,,,,,,,PEACH,3.214,53.20,16.55,-1.54,-25.23,0.366,-1.54,0.366,0.000,32.1,-0.1,-3.1,1.08,-25.23,1.083,0.003,532,18.50,34.77
1,SCD,top,fine,1,C1,25,4.093,,1.211,47.25,39.03,-2.17,-29.81,0.366,-2.17,0.365,-0.001,12.1,-0.1,-5.4,1.08,-29.81,1.078,-0.002,473,-7.33,-15.51
1,SCD,top,coarse,1,C2,26,4.289,,0.899,48.32,53.73,-5.37,-30.39,0.366,-5.37,0.364,-0.002,9.0,-0.2,-17.0,1.08,-30.39,1.078,-0.002,483,-10.59,-21.91
1,SCD,middle,fine,1,C3,27,4.186,,1.484,41.39,27.90,1.17,-29.00,0.366,1.17,0.367,0.001,14.8,0.1,6.8,1.08,-29.00,1.079,-0.001,414,-2.75,-6.64
1,SCD,middle,coarse,1,C4,28,4.463,,0.925,44.82,48.48,-0.30,-28.41,0.366,-0.30,0.366,0.000,9.2,0.0,1.4,1.08,-28.41,1.080,0.000,448,-0.07,-0.15
1,SCD,bottom,fine,1,C5,29,4.142,,1.454,42.60,29.29,-0.64,-28.92,0.366,-0.64,0.366,0.000,14.5,0.0,0.2,1.08,-28.92,1.079,-0.001,426,-2.48,-5.81
1,SCD,bottom,coarse,1,C6,30,4.045,,0.981,43.28,44.13,0.53,-26.59,0.366,0.53,0.366,0.000,9.8,0.0,4.5,1.08,-26.59,1.082,0.002,433,8.61,19.89
1,SCW,top,fine,1,C7,31,4.767,,1.422,45.18,31.78,-2.09,-29.32,0.366,-2.09,0.365,-0.001,14.2,-0.1,-5.1,1.08,-29.32,1.079,-0.001,452,-4.58,-10.14
1,SCW,top,coarse,1,C8,32,4.903,,1.335,45.67,34.21,-3.23,-29.58,0.366,-3.23,0.365,-0.001,13.3,-0.1,-9.3,1.08,-29.58,1.079,-0.001,457,-5.97,-13.06
1,SCW,middle,fine,1,C9,33,4.352,,1.573,44.29,28.15,-0.57,-28.91,0.366,-0.57,0.366,0.000,15.7,0.0,0.4,1.08,-28.91,1.079,-0.001,443,-2.51,-5.67
1,SCW,middle,coarse,1,C10,34,4.88,,1.385,45.36,32.75,-1.57,-29.18,0.366,-1.57,0.366,0.000,13.9,0.0,-3.2,1.08,-29.18,1.079,-0.001,454,-3.93,-8.66
1,SCW,bottom,fine,1,C11,35,4.493,,1.395,41.31,29.62,2.64,-28.70,0.366,2.64,0.367,0.001,13.9,0.2,12.2,1.08,-28.70,1.080,0.000,413,-1.36,-3.30
1,SCW,bottom,coarse,1,C12,36,4.284,,1.082,43.62,40.31,3.79,-26.98,0.366,3.79,0.368,0.002,10.8,0.2,16.4,1.08,-26.98,1.082,0.002,436,6.78,15.54
,,,,,,,,PEACH,3.205,51.88,16.19,2.06,-26.08,0.366,2.06,0.367,0.001,32.0,0.3,10.0,1.08,-26.08,1.083,0.003,519,13.23,25.49
1,SUD,top,fine,1,D1,37,5.167,,1.395,43.72,31.34,-0.62,-30.56,0.366,-0.62,0.366,0.000,13.9,0.0,0.3,1.08,-30.56,1.078,-0.002,437,-10.39,-23.76
1,SUD,top,coarse,1,D2,38,4.292,,1.126,46.93,41.66,-3.60,-30.58,0.366,-3.60,0.365,-0.001,11.3,-0.1,-10.6,1.08,-30.58,1.078,-0.002,469,-11.27,-24.01
1,SUD,middle,fine,1,D3,39,4.325,,1.456,42.58,29.25,-1.26,-29.57,0.366,-1.26,0.366,0.000,14.6,0.0,-2.0,1.08,-29.57,1.079,-0.001,426,-5.50,-12.93
1,SUD,middle,coarse,1,D4,40,5.002,,1.147,44.89,39.12,-2.54,-30.18,0.366,-2.54,0.365,-0.001,11.5,-0.1,-6.7,1.08,-30.18,1.078,-0.002,449,-8.81,-19.64
1,SUD,bottom,fine,1,D5,41,4.428,,1.388,37.28,26.86,-1.17,-29.49,0.366,-1.17,0.366,0.000,13.9,0.0,-1.7,1.08,-29.49,1.079,-0.001,373,-4.50,-12.07
1,SUW,top,fine,1,D6,43,4.542,,1.148,37.43,32.60,-0.67,-30.27,0.366,-0.67,0.366,0.000,11.5,0.0,0.1,1.08,-30.27,1.078,-0.002,374,-7.73,-20.65
1,SUW,top,coarse,1,D7,44,4.824,,1.161,45.10,38.83,-0.82,-30.07,0.366,-0.82,0.366,0.000,11.6,0.0,-0.5,1.08,-30.07,1.078,-0.002,451,-8.31,-18.42
1,SUW,middle,fine,1,D8,45,4.486,,1.417,43.97,31.04,0.18,-29.40,0.366,0.18,0.366,0.000,14.2,0.0,3.2,1.08,-29.40,1.079,-0.001,440,-4.86,-11.06
1,SUW,middle,coarse,1,D9,46,4.758,,1.232,43.09,34.96,3.73,-28.18,0.366,3.73,0.368,0.002,12.3,0.2,16.1,1.08,-28.18,1.080,0.000,431,1.01,2.35
1,SUW,bottom,fine,1,D10,47,4.172,,1.374,42.14,30.68,0.77,-28.72,0.366,0.77,0.367,0.001,13.7,0.1,5.3,1.08,-28.72,1.080,0.000,421,-1.50,-3.55
1,SUW,bottom,coarse,1,D11,48,4.289,,0.869,42.57,48.99,4.45,-26.97,0.366,4.45,0.368,0.002,8.7,0.2,18.8,1.08,-26.97,1.082,0.002,426,6.70,15.73
2,BCD,middle,fine,1,D12,51,4.285,,1.486,37.80,25.43,96.88,-26.88,0.366,96.88,0.402,0.036,14.9,5.3,355.9,1.08,-26.88,1.082,0.002,378,6.30,16.67
,,,,,,,,PEACH,3.163,53.80,17.01,1.79,-26.02,0.366,1.79,0.367,0.001,31.6,0.3,9.1,1.08,-26.02,1.083,0.003,538,14.07,26.15
2,BCD,middle,coarse,1,E1,52,4.411,,1.372,42.97,31.32,14.78,-26.78,0.366,14.78,0.372,0.006,13.7,0.8,56.5,1.08,-26.78,1.082,0.002,430,7.64,17.78
2,BCD,bottom,fine,1,E2,53,4.385,,1.489,41.42,27.82,72.57,-27.01,0.366,72.57,0.393,0.027,14.9,4.0,267.3,1.08,-27.01,1.082,0.002,414,6.30,15.22
2,BCD,bottom,coarse,1,E3,54,4.327,,0.887,43.78,49.34,4.07,-27.20,0.366,4.07,0.368,0.002,8.9,0.2,17.4,1.08,-27.20,1.081,0.001,438,5.78,13.20
2,BCW,top,fine,1,E4,55,4.552,,1.785,43.59,24.42,230.39,-25.51,0.366,230.39,0.450,0.084,17.9,15.0,842.6,1.08,-25.51,1.083,0.003,436,13.86,31.79
2,BCW,top,coarse,1,E5,56,4.467,,1.626,44.34,27.26,295.89,-25.15,0.366,295.89,0.474,0.108,16.3,17.6,1081.1,1.08,-25.15,1.084,0.004,443,15.82,35.69
2,BCW,middle,fine,1,E6,57,4.376,,1.513,42.85,28.33,79.94,-28.16,0.366,79.94,0.395,0.029,15.1,4.4,294.2,1.08,-28.16,1.080,0.000,429,1.13,2.64
2,BCW,middle,coarse,1,E7,58,4.847,,1.128,40.49,35.89,277.12,-25.80,0.366,277.12,0.467,0.101,11.3,11.4,1012.8,1.08,-25.80,1.083,0.003,405,11.57,28.57
2,BCW,bottom,fine,1,E8,59,4.084,,1.061,42.90,40.43,9.01,-27.67,0.366,9.01,0.370,0.004,10.6,0.4,35.4,1.08,-27.67,1.081,0.001,429,3.43,8.00
2,BCW,bottom,coarse,1,E9,60,4.75,,0.881,42.11,47.81,6.93,-26.96,0.366,6.93,0.369,0.003,8.8,0.2,27.8,1.08,-26.96,1.082,0.002,421,6.65,15.79
2,BUD,top,fine,1,E10,61,4.389,,1.167,43.87,37.60,686.96,-27.42,0.366,686.96,0.616,0.250,11.7,29.2,2503.1,1.08,-27.42,1.081,0.001,439,4.69,10.69
2,BUD,top,coarse,1,E11,62,4.115,,1.138,44.44,39.06,261.59,-24.87,0.366,261.59,0.462,0.096,11.4,10.9,956.2,1.08,-24.87,1.084,0.004,444,17.24,38.80
2,BUD,middle,fine,1,E12,63,4.431,du er lidt usikker på om den blev lagt korrekt,1.486,42.34,28.50,479.88,-23.26,0.366,479.88,0.541,0.175,14.9,26.0,1750.6,1.08,-23.26,1.086,0.006,423,23.93,56.52
,,,,,,,,PEACH,3.159,53.39,16.90,1.83,-26.05,0.366,1.83,0.367,0.001,31.6,0.3,9.2,1.08,-26.05,1.083,0.003,534,13.78,25.82
2,BUD,middle,coarse,1,F1,64,4.562,du er lidt usikker på om den blev lagt korrekt,0.874,39.39,45.07,438.41,-22.91,0.366,438.41,0.526,0.160,8.7,14.0,1599.8,1.08,-22.91,1.086,0.006,394,23.77,60.35
2,BUD,bottom,fine,1,F2,65,4.93,du er lidt usikker på om den blev lagt korrekt,1.351,38.52,28.52,3.40,-28.03,0.366,3.40,0.367,0.001,13.5,0.2,15.0,1.08,-28.03,1.080,0.000,385,1.53,3.97
2,BUD,bottom,coarse,1,F3,66,4.789,,0.782,41.30,52.80,5.20,-27.02,0.366,5.20,0.368,0.002,7.8,0.2,21.5,1.08,-27.02,1.082,0.002,413,6.23,15.08
2,BUW,top,fine,1,F4,67,4.409,,1.803,43.98,24.39,713.92,-26.82,0.366,713.92,0.626,0.260,18.0,46.9,2600.9,1.08,-26.82,1.082,0.002,440,7.64,17.38
2,BUW,top,coarse,1,F5,68,4.959,,2.571,41.69,16.21,41.37,-26.00,0.366,41.37,0.381,0.015,25.7,3.9,153.5,1.08,-26.00,1.083,0.003,417,10.98,26.35
2,BUW,middle,fine,1,F6,69,4.338,,1.528,37.94,24.83,250.79,-24.95,0.366,250.79,0.458,0.092,15.3,14.0,916.9,1.08,-24.95,1.084,0.004,379,14.36,37.85
2,BUW,middle,coarse,1,F7,70,4.637,,1.019,41.57,40.80,163.71,-26.05,0.366,163.71,0.426,0.060,10.2,6.1,599.6,1.08,-26.05,1.083,0.003,416,10.71,25.77
2,BUW,bottom,fine,1,F8,71,4.388,,1.355,41.26,30.45,0.67,-27.31,0.366,0.67,0.366,0.000,13.6,0.1,5.0,1.08,-27.31,1.081,0.001,413,4.93,11.96
2,BUW,bottom,coarse,1,F9,72,4.5,,0.872,41.92,48.10,1.51,-27.24,0.366,1.51,0.367,0.001,8.7,0.1,8.1,1.08,-27.24,1.081,0.001,419,5.31,12.66
2,SCD,top,fine,1,F10,73,4.402,,1.537,46.95,30.55,440.36,-26.05,0.366,440.36,0.527,0.161,15.4,24.7,1606.9,1.08,-26.05,1.083,0.003,469,12.13,25.83
2,SCD,top,coarse,1,F11,74,5.033,,1.209,44.84,37.09,271.31,-27.56,0.366,271.31,0.465,0.099,12.1,12.0,991.6,1.08,-27.56,1.081,0.001,448,4.10,9.15
2,SCD,middle,fine,1,F12,75,5.02,,1.731,44.00,25.42,278.80,-26.93,0.366,278.80,0.468,0.102,17.3,17.6,1018.9,1.08,-26.93,1.082,0.002,440,7.07,16.07
,,,,,,,,PEACH,1.319,23.05,17.47,1.83,-25.93,0.366,1.83,0.367,0.001,13.2,0.1,9.2,1.08,-25.93,1.083,0.003,231,6.25,27.10
2,SCD,middle,coarse,1,G1,76,4.608,,1.441,43.87,30.44,212.27,-26.03,0.366,212.27,0.444,0.078,14.4,11.2,776.5,1.08,-26.03,1.083,0.003,439,11.39,25.96
2,SCD,bottom,fine,1,G2,77,4.07,,1.293,42.69,33.02,1.29,-27.74,0.366,1.29,0.367,0.001,12.9,0.1,7.2,1.08,-27.74,1.081,0.001,427,3.07,7.19
2,SCD,bottom,coarse,1,G3,78,4.68,,1.460,42.09,28.82,2.17,-26.71,0.366,2.17,0.367,0.001,14.6,0.2,10.5,1.08,-26.71,1.082,0.002,421,7.78,18.49
2,SCW,top,fine,1,G4,79,4.653,,1.707,44.48,26.05,221.25,-27.41,0.366,221.25,0.447,0.081,17.1,13.8,809.3,1.08,-27.41,1.081,0.001,445,4.82,10.85
2,SCW,top,coarse,1,G5,80,4.792,,1.341,45.48,33.91,65.17,-29.13,0.366,65.17,0.390,0.024,13.4,3.2,240.3,1.08,-29.13,1.079,-0.001,455,-3.67,-8.08
2,SCW,middle,fine,1,G6,81,5.015,,1.575,39.08,24.81,622.81,-22.76,0.366,622.81,0.593,0.227,15.8,35.8,2270.1,1.08,-22.76,1.086,0.006,391,24.23,62.00
2,SCW,middle,coarse,1,G7,82,4.81,,1.748,43.71,25.00,290.75,-24.50,0.366,290.75,0.472,0.106,17.5,18.6,1062.4,1.08,-24.50,1.084,0.004,437,18.72,42.82
2,SCW,bottom,fine,1,G8,83,4.489,,1.481,42.17,28.47,2.47,-26.92,0.366,2.47,0.367,0.001,14.8,0.2,11.6,1.08,-26.92,1.082,0.002,422,6.86,16.26
2,SCW,bottom,coarse,1,G9,84,4.274,,1.853,41.76,22.54,3.99,-26.27,0.366,3.99,0.368,0.002,18.5,0.3,17.1,1.08,-26.27,1.082,0.002,418,9.76,23.38
2,SUD,top,fine,1,G10,85,4.603,,1.333,45.27,33.96,334.22,-27.13,0.366,334.22,0.488,0.122,13.3,16.3,1220.7,1.08,-27.13,1.081,0.001,453,6.30,13.91
2,SUD,top,coarse,1,G11,86,4.864,,1.221,45.09,36.92,288.01,-26.66,0.366,288.01,0.471,0.105,12.2,12.9,1052.4,1.08,-26.66,1.082,0.002,451,8.61,19.10
2,SUD,middle,fine,1,G12,87,4.521,,1.486,43.38,29.20,236.83,-26.31,0.366,236.83,0.453,0.087,14.9,12.9,866.0,1.08,-26.31,1.082,0.002,434,9.97,22.99
,,,,,,,,PEACH,3.211,51.35,15.99,2.09,-26.14,0.366,2.09,0.367,0.001,32.1,0.3,10.2,1.08,-26.14,1.082,0.002,513,12.76,24.84
2,SUD,middle,coarse,1,H1,88,5.061,,1.195,42.87,35.87,146.38,-26.10,0.366,146.38,0.420,0.054,12.0,6.4,536.4,1.08,-26.10,1.083,0.003,429,10.85,25.30
2,SUD,bottom,fine,1,H2,89,4.285,,1.503,43.44,28.90,-0.77,-28.76,0.366,-0.77,0.366,0.000,15.0,0.0,-0.3,1.08,-28.76,1.080,0.000,434,-1.75,-4.02
2,SUD,bottom,coarse,1,H3,90,4.361,,0.886,42.94,48.47,9.14,-27.16,0.366,9.14,0.370,0.004,8.9,0.3,35.9,1.08,-27.16,1.081,0.001,429,5.85,13.62
2,SUW,top,fine,1,H4,91,4.373,,1.351,45.09,33.38,618.24,-24.69,0.366,618.24,0.591,0.225,13.5,30.4,2253.5,1.08,-24.69,1.084,0.004,451,18.40,40.80
2,SUW,top,coarse,1,H5,92,4.288,,1.285,46.07,35.87,375.95,-25.67,0.366,375.95,0.503,0.137,12.8,17.6,1372.6,1.08,-25.67,1.083,0.003,461,13.81,29.97
2,SUW,middle,fine,1,H6,93,4.24,,1.525,45.10,29.57,113.91,-27.67,0.366,113.91,0.408,0.042,15.2,6.4,418.0,1.08,-27.67,1.081,0.001,451,3.58,7.95
2,SUW,middle,coarse,1,H7,94,4.556,,1.449,44.95,31.01,34.20,-28.05,0.366,34.20,0.379,0.013,14.5,1.8,127.3,1.08,-28.05,1.080,0.000,449,1.70,3.79
2,SUW,bottom,fine,1,H8,95,5.011,,1.203,41.09,34.16,1.43,-27.72,0.366,1.43,0.367,0.001,12.0,0.1,7.8,1.08,-27.72,1.081,0.001,411,3.04,7.40
2,SUW,bottom,coarse,1,H9,96,4.434,,1.443,43.17,29.93,1.55,-27.06,0.366,1.55,0.367,0.001,14.4,0.1,8.2,1.08,-27.06,1.081,0.001,432,6.34,14.70
3,BCD,top,fine,1,H10,97,4.216,,1.351,41.87,31.00,1696.90,-22.71,0.366,1696.90,0.982,0.616,13.5,83.2,6156.5,1.08,-22.71,1.086,0.006,419,26.16,62.49
3,BCD,top,coarse,1,H11,98,4.561,,2.219,40.65,18.32,174.50,-24.98,0.366,174.50,0.430,0.064,22.2,14.2,638.9,1.08,-24.98,1.084,0.004,406,15.25,37.52
3,BCD,middle,fine,1,H12,99,4.309,,1.912,42.28,22.12,47.18,-27.71,0.366,47.18,0.383,0.017,19.1,3.3,174.7,1.08,-27.71,1.081,0.001,423,3.21,7.59
,,,,,,,,PEACH,3.204,51.40,16.04,2.26,-26.15,0.366,2.26,0.367,0.001,32.0,0.3,10.8,1.08,-26.15,1.082,0.002,514,12.68,24.67
3,BCD,middle,coarse,2,A1,100,4.457,,1.261,42.24,33.51,45.41,-26.99,0.366,45.41,0.383,0.017,12.6,2.1,168.2,1.08,-26.99,1.082,0.002,422,6.53,15.46
3,BCD,bottom,fine,2,A2,101,4.368,,1.249,41.45,33.18,3.24,-27.73,0.366,3.24,0.367,0.001,12.5,0.2,14.3,1.08,-27.73,1.081,0.001,415,3.02,7.28
3,BCD,bottom,coarse,2,A3,102,4.47,,1.106,41.38,37.42,3.02,-27.34,0.366,3.02,0.367,0.001,11.1,0.1,13.6,1.08,-27.34,1.081,0.001,414,4.79,11.58
3,BCW,top,fine,2,A4,103,4.259,,2.139,47.39,22.15,882.10,-19.72,0.366,882.10,0.687,0.321,21.4,68.7,3211.1,1.08,-19.72,1.090,0.010,474,45.19,95.37
3,BCW,top,coarse,2,A5,104,4.318,,2.289,45.05,19.68,680.24,-22.33,0.366,680.24,0.614,0.248,22.9,56.7,2478.6,1.08,-22.33,1.087,0.007,450,30.04,66.69
3,BCW,middle,fine,2,A6,105,4.975,,1.259,35.03,27.81,574.25,-23.33,0.366,574.25,0.575,0.209,12.6,26.4,2093.6,1.08,-23.33,1.086,0.006,350,19.53,55.75
3,BCW,middle,coarse,2,A7,106,4.439,,1.101,42.54,38.64,146.49,-25.75,0.366,146.49,0.420,0.054,11.0,5.9,536.8,1.08,-25.75,1.083,0.003,425,12.39,29.13
3,BCW,bottom,fine,2,A8,107,4.065,,1.112,41.39,37.21,2.04,-27.94,0.366,2.04,0.367,0.001,11.1,0.1,10.0,1.08,-27.94,1.080,0.000,414,2.06,4.98
3,BCW,bottom,coarse,2,A9,108,4.322,,0.964,43.43,45.03,3.97,-26.76,0.366,3.97,0.368,0.002,9.6,0.2,17.0,1.08,-26.76,1.082,0.002,434,7.79,17.95
3,BUD,top,fine,2,A10,109,4.335,,1.268,43.45,34.26,2005.95,-19.98,0.366,2005.95,1.093,0.727,12.7,92.2,7269.1,1.08,-19.98,1.089,0.009,435,40.22,92.56
3,BUD,top,coarse,2,A11,110,4.541,,1.757,42.53,24.21,409.20,-23.39,0.366,409.20,0.515,0.149,17.6,26.2,1493.5,1.08,-23.39,1.086,0.006,425,23.42,55.07
3,BUD,middle,fine,2,A12,111,4.479,,1.416,40.50,28.61,159.70,-26.63,0.366,159.70,0.424,0.058,14.2,8.3,585.0,1.08,-26.63,1.082,0.002,405,7.86,19.42
,,,,,,,,PEACH,3.246,50.47,15.55,2.00,-25.85,0.366,2.00,0.367,0.001,32.5,0.3,9.8,1.08,-25.85,1.083,0.003,505,14.15,28.03
3,BUD,middle,coarse,2,B1,112,4.39,,1.306,42.25,32.35,60.37,-26.51,0.366,60.37,0.388,0.022,13.1,2.9,222.8,1.08,-26.51,1.082,0.002,422,8.77,20.76
3,BUD,bottom,fine,2,B2,113,4.167,,1.126,42.44,37.70,1.52,-27.18,0.366,1.52,0.367,0.001,11.3,0.1,8.1,1.08,-27.18,1.081,0.001,424,5.67,13.35
3,BUD,bottom,coarse,2,B3,114,4.186,,0.917,43.51,47.46,3.12,-26.49,0.366,3.12,0.367,0.001,9.2,0.1,13.9,1.08,-26.49,1.082,0.002,435,9.14,21.00
3,BUW,top,fine,2,B4,115,4.243,,1.279,38.34,29.97,471.14,-27.15,0.366,471.14,0.538,0.172,12.8,22.0,1718.8,1.08,-27.15,1.081,0.001,383,5.25,13.70
3,BUW,top,coarse,2,B5,116,4.593,,1.716,37.80,22.03,158.58,-28.07,0.366,158.58,0.424,0.058,17.2,10.0,580.9,1.08,-28.07,1.080,0.000,378,1.34,3.55
3,BUW,middle,fine,2,B6,117,4.418,,1.199,31.38,26.16,391.55,-25.55,0.366,391.55,0.509,0.143,12.0,17.1,1429.3,1.08,-25.55,1.083,0.003,314,9.82,31.30
3,BUW,middle,coarse,2,B7,118,4.512,,1.220,36.45,29.88,122.58,-25.86,0.366,122.58,0.411,0.045,12.2,5.5,449.6,1.08,-25.86,1.083,0.003,364,10.17,27.89
3,BUW,bottom,fine,2,B8,119,4.452,,0.957,36.43,38.07,1.24,-27.25,0.366,1.24,0.367,0.001,9.6,0.1,7.1,1.08,-27.25,1.081,0.001,364,4.59,12.61
3,BUW,bottom,coarse,2,B9,120,4.558,,1.034,36.36,35.16,7.43,-25.94,0.366,7.43,0.369,0.003,10.3,0.3,29.7,1.08,-25.94,1.083,0.003,364,9.82,27.02
3,SCD,top,fine,2,B10,121,4.605,,1.375,40.11,29.18,243.98,-27.04,0.366,243.98,0.455,0.089,13.7,12.3,892.1,1.08,-27.04,1.081,0.001,401,5.98,14.91
3,SCD,top,coarse,2,B11,122,4.9,,1.074,39.54,36.82,153.67,-27.62,0.366,153.67,0.422,0.056,10.7,6.0,563.0,1.08,-27.62,1.081,0.001,395,3.36,8.49
3,SCD,middle,fine,2,B12,123,4.685,,1.135,31.42,27.68,492.97,-22.56,0.366,492.97,0.546,0.180,11.4,20.4,1798.2,1.08,-22.56,1.086,0.006,314,20.18,64.22
,,,,,,,,PEACH,2.770,45.75,16.52,4.96,-25.13,0.366,4.96,0.368,0.002,27.7,0.6,20.6,1.08,-25.13,1.084,0.004,457,16.45,35.95
3,SCD,middle,coarse,2,C1,124,5.064,,1.064,35.90,33.74,168.76,-25.24,0.366,168.76,0.428,0.062,10.6,6.6,618.0,1.08,-25.24,1.083,0.003,359,12.47,34.74
3,SCD,bottom,fine,2,C2,125,4.333,,1.309,32.87,25.11,-2.48,-28.23,0.366,-2.48,0.365,-0.001,13.1,-0.1,-6.5,1.08,-28.23,1.080,0.000,329,0.61,1.85
3,SCD,bottom,coarse,2,C3,126,4.229,,0.795,36.91,46.45,13.42,-25.57,0.366,13.42,0.371,0.005,7.9,0.4,51.5,1.08,-25.57,1.083,0.003,369,11.48,31.11
3,SCW,top,fine,2,C4,127,4.416,,1.290,38.54,29.88,377.00,-25.67,0.366,377.00,0.504,0.138,12.9,17.8,1376.3,1.08,-25.67,1.083,0.003,385,11.55,29.96
3,SCW,top,coarse,2,C5,128,4.242,"ca. herfra og ned til 142 blev du distraheret og det er muligt, men ikke sikkert at du har målt den samme prøve to gange, så fks 128 er replikat af 127.",1.126,40.29,35.79,109.15,-28.55,0.366,109.15,0.406,0.040,11.3,4.5,400.7,1.08,-28.55,1.080,0.000,403,-0.68,-1.68
3,SCW,middle,fine,2,C6,129,4.166,,1.148,34.46,30.03,389.07,-23.49,0.366,389.07,0.508,0.142,11.5,16.3,1420.3,1.08,-23.49,1.085,0.005,345,18.58,53.92
3,SCW,middle,coarse,2,C7,130,5.096,,1.130,35.01,30.97,136.27,-24.51,0.366,136.27,0.416,0.050,11.3,5.6,499.6,1.08,-24.51,1.084,0.004,350,14.97,42.77
3,SCW,bottom,fine,2,C8,131,4.151,,0.864,35.42,41.01,3.75,-26.98,0.366,3.75,0.368,0.002,8.6,0.1,16.2,1.08,-26.98,1.082,0.002,354,5.52,15.59
3,SCW,bottom,coarse,2,C9,132,4.847,,0.729,34.25,46.97,9.79,-25.62,0.366,9.79,0.370,0.004,7.3,0.3,38.2,1.08,-25.62,1.083,0.003,343,10.46,30.53
3,SUD,top,fine,2,C10,133,4.519,,1.291,39.85,30.87,660.95,-22.73,0.366,660.95,0.607,0.241,12.9,31.1,2408.6,1.08,-22.73,1.086,0.006,398,24.82,62.28
3,SUD,top,coarse,2,C11,134,4.227,,1.162,40.65,34.98,247.52,-26.32,0.366,247.52,0.456,0.090,11.6,10.5,905.0,1.08,-26.32,1.082,0.002,407,9.26,22.78
3,SUD,middle,fine,2,C12,135,4.391,,1.297,38.08,29.37,629.30,-21.20,0.366,629.30,0.595,0.229,13.0,29.7,2293.6,1.08,-21.20,1.088,0.008,381,30.12,79.09
,,,,,,,,PEACH,2.754,46.33,16.82,2.10,-25.31,0.366,2.10,0.367,0.001,27.5,0.3,10.2,1.08,-25.31,1.083,0.003,463,15.71,33.91
3,SUD,middle,coarse,2,D1,136,4.673,,1.305,36.40,27.90,58.42,-25.10,0.366,58.42,0.388,0.022,13.0,2.8,215.7,1.08,-25.10,1.084,0.004,364,13.18,36.21
3,SUD,bottom,fine,2,D2,137,4.864,Her opdagede du at den prøve du tror du har lagt som den næste var den forrige. Det kan også være du bare glemte at tage en ny prøve klar til den næste.,1.352,36.05,26.66,63.76,-25.68,0.366,63.76,0.390,0.024,13.5,3.2,235.1,1.08,-25.68,1.083,0.003,360,10.77,29.87
3,SUD,bottom,coarse,2,D3,138,4.508,herfra er det med sikkerhed korrekt,1.093,36.62,33.52,9.03,-26.40,0.366,9.03,0.370,0.004,10.9,0.4,35.5,1.08,-26.40,1.082,0.002,366,8.03,21.93
3,SUW,top,fine,2,D4,139,4.711,,1.251,38.89,31.08,690.19,-23.66,0.366,690.19,0.617,0.251,12.5,31.5,2514.8,1.08,-23.66,1.085,0.005,389,20.27,52.12
3,SUW,top,coarse,2,D5,140,4.424,,1.226,39.87,32.52,232.23,-26.01,0.366,232.23,0.451,0.085,12.3,10.4,849.3,1.08,-26.01,1.083,0.003,399,10.47,26.27
3,SUW,middle,fine,2,D6,141,4.192,,1.347,38.90,28.87,153.60,-27.87,0.366,153.60,0.422,0.056,13.5,7.6,562.7,1.08,-27.87,1.081,0.001,389,2.27,5.82
3,SUW,middle,coarse,2,D7,142,4.761,,1.173,36.94,31.48,104.32,-25.98,0.366,104.32,0.404,0.038,11.7,4.5,383.1,1.08,-25.98,1.083,0.003,369,9.83,26.62
3,SUW,bottom,fine,2,D8,143,4.341,dobbel tin,1.400,35.97,25.69,3.42,-29.28,0.366,3.42,0.368,0.002,14.0,0.2,15.0,1.08,-29.28,1.079,-0.001,360,-3.49,-9.70
3,SUW,bottom,coarse,2,D9,144,4.507,,1.179,36.11,30.62,9.91,-26.15,0.366,9.91,0.370,0.004,11.8,0.5,38.7,1.08,-26.15,1.082,0.002,361,8.91,24.67
4,BCD,top,fine,2,D10,145,4.189,,1.157,39.01,33.72,486.88,-25.97,0.366,486.88,0.544,0.178,11.6,20.5,1776.0,1.08,-25.97,1.083,0.003,390,10.41,26.67
4,BCD,top,coarse,2,D11,146,4.688,,1.271,36.77,28.94,119.27,-25.46,0.366,119.27,0.410,0.044,12.7,5.6,437.6,1.08,-25.46,1.083,0.003,368,11.87,32.29
4,BCD,middle,fine,2,D12,147,4.461,,1.515,37.23,24.58,290.19,-23.79,0.366,290.19,0.472,0.106,15.1,16.1,1060.4,1.08,-23.79,1.085,0.005,372,18.84,50.62
,,,,,,,,PEACH,2.804,44.88,16.01,2.21,-26.20,0.366,2.21,0.367,0.001,28.0,0.3,10.6,1.08,-26.20,1.082,0.002,449,10.84,24.14
4,BCD,middle,coarse,2,E1,148,4.238,,1.139,36.85,32.34,7.20,-26.50,0.366,7.20,0.369,0.003,11.4,0.3,28.8,1.08,-26.50,1.082,0.002,369,7.69,20.88
4,BCD,bottom,fine,2,E2,149,4.081,,0.842,37.69,44.74,9.38,-27.48,0.366,9.38,0.370,0.004,8.4,0.3,36.8,1.08,-27.48,1.081,0.001,377,3.78,10.03
4,BCD,bottom,coarse,2,E3,150,4.776,,1.267,37.09,29.27,7.23,-27.25,0.366,7.23,0.369,0.003,12.7,0.4,28.9,1.08,-27.25,1.081,0.001,371,4.68,12.62
4,BCW,top,fine,2,E4,151,4.144,,1.746,40.46,23.18,490.31,-25.14,0.366,490.31,0.545,0.179,17.5,31.2,1788.5,1.08,-25.14,1.084,0.004,405,14.47,35.76
4,BCW,top,coarse,2,E5,152,4.846,,1.883,37.34,19.83,211.90,-23.43,0.366,211.90,0.444,0.078,18.8,14.6,775.2,1.08,-23.43,1.085,0.005,373,20.38,54.57
4,BCW,middle,fine,2,E6,153,4.274,,1.243,36.22,29.14,118.63,-26.87,0.366,118.63,0.410,0.044,12.4,5.4,435.2,1.08,-26.87,1.082,0.002,362,6.08,16.78
4,BCW,middle,coarse,2,E7,154,5.095,,1.428,35.85,25.11,36.16,-26.44,0.366,36.16,0.379,0.013,14.3,1.9,134.5,1.08,-26.44,1.082,0.002,359,7.71,21.51
4,BCW,bottom,fine,2,E8,155,4.869,,1.208,32.80,27.14,0.20,-28.02,0.366,0.20,0.366,0.000,12.1,0.0,3.2,1.08,-28.02,1.080,0.000,328,1.35,4.10
4,BCW,bottom,coarse,2,E9,156,4.043,,1.079,36.87,34.18,0.08,-26.93,0.366,0.08,0.366,0.000,10.8,0.0,2.8,1.08,-26.93,1.082,0.002,369,5.96,16.15
4,BUD,top,fine,2,E10,157,4.173,,1.035,37.89,36.60,2167.84,-24.03,0.366,2167.84,1.151,0.785,10.4,81.3,7850.9,1.08,-24.03,1.085,0.005,379,18.17,47.96
4,BUD,top,coarse,2,E11,158,4.064,,1.358,37.87,27.89,442.53,-23.47,0.366,442.53,0.527,0.161,13.6,21.9,1614.8,1.08,-23.47,1.085,0.005,379,20.51,54.15
4,BUD,middle,fine,2,E12,159,4.767,,1.123,36.31,32.34,489.75,-25.59,0.366,489.75,0.545,0.179,11.2,20.1,1786.5,1.08,-25.59,1.083,0.003,363,11.19,30.81
4,BUD,middle,coarse,2,F1,160,4.49,,0.955,37.75,39.54,1060.39,-17.59,0.366,1060.39,0.752,0.386,9.5,36.8,3857.1,1.08,-17.59,1.092,0.012,377,44.83,118.75
4,BUD,bottom,fine,2,F2,161,4.354,,0.830,37.00,44.55,13.04,-27.03,0.366,13.04,0.371,0.005,8.3,0.4,50.1,1.08,-27.03,1.082,0.002,370,5.56,15.02
4,BUD,bottom,coarse,2,F3,162,4.188,,1.322,37.14,28.10,16.71,-26.24,0.366,16.71,0.372,0.006,13.2,0.8,63.5,1.08,-26.24,1.082,0.002,371,8.82,23.74
4,BUW,top,fine,2,F4,163,4.273,,1.348,39.70,29.44,135.31,-28.03,0.366,135.31,0.416,0.050,13.5,6.7,496.1,1.08,-28.03,1.080,0.000,397,1.60,4.03
4,BUW,top,coarse,2,F5,164,4.056,,1.546,38.89,25.15,49.45,-25.65,0.366,49.45,0.384,0.018,15.5,2.8,182.9,1.08,-25.65,1.083,0.003,389,11.74,30.18
4,BUW,middle,fine,2,F6,165,4.136,,1.190,36.47,30.64,157.69,-25.87,0.366,157.69,0.424,0.058,11.9,6.9,577.6,1.08,-25.87,1.083,0.003,365,10.14,27.80
4,BUW,middle,coarse,2,F7,166,4.688,,1.043,36.21,34.71,373.65,-22.12,0.366,373.65,0.502,0.136,10.4,14.2,1364.2,1.08,-22.12,1.087,0.007,362,24.99,69.01
4,BUW,bottom,fine,2,F8,167,4.228,,0.819,36.92,45.09,0.45,-26.20,0.366,0.45,0.366,0.000,8.2,0.0,4.2,1.08,-26.20,1.082,0.002,369,8.91,24.13
4,BUW,bottom,coarse,2,F9,168,4.21,,0.667,36.79,55.19,3.83,-26.41,0.366,3.83,0.368,0.002,6.7,0.1,16.5,1.08,-26.41,1.082,0.002,368,8.05,21.87
4,SCD,top,fine,2,F10,169,4.331,,1.264,40.43,31.99,110.24,-28.42,0.366,110.24,0.406,0.040,12.6,5.1,404.6,1.08,-28.42,1.080,0.000,404,-0.10,-0.25
4,SCD,top,coarse,2,F11,170,4.07,,1.264,41.20,32.58,60.68,-28.33,0.366,60.68,0.388,0.022,12.6,2.8,223.9,1.08,-28.33,1.080,0.000,412,0.28,0.68
4,SCD,middle,fine,2,F12,171,4.791,,1.360,38.79,28.53,450.91,-24.07,0.366,450.91,0.531,0.165,13.6,22.4,1645.2,1.08,-24.07,1.085,0.005,388,18.43,47.52
4,SCD,middle,coarse,2,G1,172,4.641,,1.200,37.39,31.16,339.16,-23.04,0.366,339.16,0.490,0.124,12.0,14.9,1238.6,1.08,-23.04,1.086,0.006,374,22.03,58.91
4,SCD,bottom,fine,2,G2,173,4.191,,1.439,38.51,26.77,-6.77,-28.27,0.366,-6.77,0.364,-0.002,14.4,-0.3,-22.2,1.08,-28.27,1.080,0.000,385,0.54,1.39
4,SCD,bottom,coarse,2,G3,174,4.27,,0.783,37.59,48.03,6.95,-26.88,0.366,6.95,0.369,0.003,7.8,0.2,27.9,1.08,-26.88,1.082,0.002,376,6.28,16.69
4,SCW,top,fine,2,G4,175,4.308,,1.095,41.29,37.70,310.66,-26.21,0.366,310.66,0.479,0.113,11.0,12.4,1134.9,1.08,-26.21,1.082,0.002,413,9.94,24.08
4,SCW,top,coarse,2,G5,176,4.868,,1.051,40.35,38.40,128.40,-28.36,0.366,128.40,0.413,0.047,10.5,4.9,470.9,1.08,-28.36,1.080,0.000,403,0.16,0.40
4,SCW,middle,fine,2,G6,177,4.96,,1.277,37.98,29.73,814.27,-20.00,0.366,814.27,0.663,0.297,12.8,37.9,2965.1,1.08,-20.00,1.089,0.009,380,35.06,92.33
4,SCW,middle,coarse,2,G7,178,4.766,,1.003,39.00,38.90,460.35,-23.98,0.366,460.35,0.534,0.168,10.0,16.8,1679.6,1.08,-23.98,1.085,0.005,390,18.96,48.60
4,SCW,bottom,fine,2,G8,179,4.215,,0.841,37.04,44.02,-0.29,-25.90,0.366,-0.29,0.366,0.000,8.4,0.0,1.5,1.08,-25.90,1.083,0.003,370,10.16,27.43
4,SCW,bottom,coarse,2,G9,180,4.393,,0.804,35.62,44.32,1.26,-25.73,0.366,1.26,0.367,0.001,8.0,0.1,7.1,1.08,-25.73,1.083,0.003,356,10.42,29.26
4,SUD,top,fine,2,G10,181,4.106,,1.288,38.65,30.00,349.92,-24.19,0.366,349.92,0.494,0.128,12.9,16.5,1277.8,1.08,-24.19,1.085,0.005,386,17.88,46.26
4,SUD,top,coarse,2,G11,182,5.112,,1.106,38.81,35.08,305.89,-25.75,0.366,305.89,0.478,0.112,11.1,12.4,1117.5,1.08,-25.75,1.083,0.003,388,11.27,29.05
4,SUD,middle,fine,2,G12,183,4.681,,1.063,36.81,34.62,261.75,-25.28,0.366,261.75,0.462,0.096,10.6,10.2,956.8,1.08,-25.28,1.083,0.003,368,12.63,34.31
4,SUD,middle,coarse,2,H1,184,4.594,,1.230,37.90,30.82,5.35,-26.35,0.366,5.35,0.368,0.002,12.3,0.3,22.1,1.08,-26.35,1.082,0.002,379,8.52,22.49
4,SUD,bottom,fine,2,H2,185,4.166,,1.154,35.72,30.96,-6.56,-27.90,0.366,-6.56,0.364,-0.002,11.5,-0.2,-21.4,1.08,-27.90,1.081,0.001,357,1.94,5.43
4,SUD,bottom,coarse,2,H3,186,4.386,,0.705,36.37,51.61,8.15,-27.10,0.366,8.15,0.369,0.003,7.0,0.2,32.3,1.08,-27.10,1.081,0.001,364,5.18,14.24
4,SUW,top,fine,2,H4,187,4.515,,1.394,39.27,28.17,617.89,-23.26,0.366,617.89,0.591,0.225,13.9,31.4,2252.2,1.08,-23.26,1.086,0.006,393,22.17,56.46
4,SUW,top,coarse,2,H5,188,4.104,,1.014,41.45,40.89,182.65,-28.08,0.366,182.65,0.433,0.067,10.1,6.8,668.6,1.08,-28.08,1.080,0.000,415,1.43,3.44
4,SUW,middle,fine,2,H6,189,4.791,,1.294,38.07,29.41,378.66,-24.91,0.366,378.66,0.504,0.138,12.9,17.9,1382.4,1.08,-24.91,1.084,0.004,381,14.61,38.36
4,SUW,middle,coarse,2,H7,190,4.339,,1.099,40.26,36.63,206.37,-26.49,0.366,206.37,0.442,0.076,11.0,8.3,755.0,1.08,-26.49,1.082,0.002,403,8.43,20.93
4,SUW,bottom,fine,2,H8,191,4.326,,1.018,34.82,34.21,-3.35,-27.06,0.366,-3.35,0.365,-0.001,10.2,-0.1,-9.7,1.08,-27.06,1.081,0.001,348,5.11,14.68
4,SUW,bottom,coarse,2,H9,192,4.609,,1.201,36.54,30.43,-1.69,-25.83,0.366,-1.69,0.366,0.000,12.0,0.0,-3.6,1.08,-25.83,1.083,0.003,365,10.31,28.21
5,BCD,top,fine,2,H10,193,4.321,,2.681,41.21,15.37,109.40,-28.19,0.366,109.40,0.406,0.040,26.8,10.8,401.6,1.08,-28.19,1.080,0.000,412,0.91,2.22
5,BCD,top,coarse,2,H11,194,4.328,,2.551,41.35,16.21,14.15,-31.04,0.366,14.15,0.371,0.005,25.5,1.4,54.2,1.08,-31.04,1.077,-0.003,414,-12.02,-29.07
5,BCD,middle,fine,2,H12,195,4.317,,1.532,36.43,23.78,-3.08,-29.04,0.366,-3.08,0.365,-0.001,15.3,-0.1,-8.7,1.08,-29.04,1.079,-0.001,364,-2.58,-7.09
,,,,,,,,PEACH,2.982,47.32,15.87,-3.89,-27.01,0.366,-3.89,0.365,-0.001,29.8,-0.3,-11.6,1.08,-27.01,1.082,0.002,473,7.20,15.23
,,,,,,,,PEACH,2.760,45.84,16.60,4.51,-26.50,0.366,4.51,0.368,0.002,27.6,0.5,19.0,1.08,-26.50,1.082,0.002,458,9.56,20.85
5,BCD,bottom,fine,3,A1,197,4.22,korrekt vægt?,2.100,48.39,23.04,35.17,-28.02,0.366,35.17,0.379,0.013,21.0,2.7,130.8,1.08,-28.02,1.080,0.000,484,1.98,4.09
5,BCW,top,coarse,3,A2,200,4.335,,1.872,45.88,24.51,12.49,-27.25,0.366,12.49,0.371,0.005,18.7,0.9,48.1,1.08,-27.25,1.081,0.001,459,5.77,12.58
5,BCW,middle,fine,3,A3,201,4.257,,1.439,46.64,32.42,154.09,-26.97,0.366,154.09,0.422,0.056,14.4,8.1,564.5,1.08,-26.97,1.082,0.002,466,7.29,15.63
5,BCW,middle,coarse,3,A4,202,4.228,,1.050,45.06,42.91,-1.20,-27.39,0.366,-1.20,0.366,0.000,10.5,0.0,-1.9,1.08,-27.39,1.081,0.001,451,4.99,11.08
5,BCW,bottom,fine,3,A5,203,4.513,,1.480,42.60,28.79,-3.36,-27.32,0.366,-3.36,0.365,-0.001,14.8,-0.1,-9.7,1.08,-27.32,1.081,0.001,426,5.04,11.84
5,BCW,bottom,coarse,3,A6,204,4.33,,1.083,43.38,40.06,-2.76,-26.95,0.366,-2.76,0.365,-0.001,10.8,-0.1,-7.5,1.08,-26.95,1.082,0.002,434,6.90,15.90
5,BUD,top,fine,3,A7,205,4.293,,1.529,43.90,28.71,300.22,-24.51,0.366,300.22,0.476,0.110,15.3,16.8,1096.9,1.08,-24.51,1.084,0.004,439,18.73,42.68
5,BUD,top,coarse,3,A8,206,4.92,,1.149,43.36,37.75,1573.33,-6.20,0.366,1573.33,0.937,0.571,11.5,65.6,5710.9,1.08,-6.20,1.104,0.024,434,105.82,244.02
5,BUD,middle,fine,3,A9,207,4.303,,1.176,41.59,35.35,728.63,-19.14,0.366,728.63,0.631,0.265,11.8,31.2,2654.3,1.08,-19.14,1.090,0.010,416,42.34,101.81
5,BUD,middle,coarse,3,A10,208,4.444,,1.192,42.07,35.30,345.74,-22.69,0.366,345.74,0.492,0.126,11.9,15.0,1262.6,1.08,-22.69,1.086,0.006,421,26.40,62.75
5,BUD,bottom,fine,3,A11,209,4.058,,0.992,40.61,40.95,-2.74,-27.75,0.366,-2.74,0.365,-0.001,9.9,-0.1,-7.5,1.08,-27.75,1.081,0.001,406,2.89,7.13
5,BUW,top,fine,3,A12,211,4.385,,1.346,42.97,31.94,547.36,-21.84,0.366,547.36,0.566,0.200,13.5,26.9,1995.9,1.08,-21.84,1.087,0.007,430,30.97,72.07
,,,,,,,,PEACH,2.936,46.84,15.95,1.41,-25.77,0.366,1.41,0.367,0.001,29.4,0.2,7.7,1.08,-25.77,1.083,0.003,468,13.52,28.86
5,BUW,top,coarse,3,B1,212,4.235,,1.387,43.23,31.17,605.23,-19.02,0.366,605.23,0.587,0.221,13.9,30.6,2206.2,1.08,-19.02,1.090,0.010,432,44.57,103.12
5,BUW,middle,fine,3,B2,213,4.372,,1.242,38.45,30.97,680.39,-20.03,0.366,680.39,0.614,0.248,12.4,30.8,2479.2,1.08,-20.03,1.089,0.009,385,35.35,91.94
5,BUW,middle,coarse,3,B3,214,4.35,,0.961,40.74,42.39,199.37,-25.57,0.366,199.37,0.439,0.073,9.6,7.0,729.5,1.08,-25.57,1.083,0.003,407,12.64,31.03
5,BUW,bottom,fine,3,B4,215,4.157,,0.897,41.98,46.82,-1.18,-27.03,0.366,-1.18,0.366,0.000,9.0,0.0,-1.8,1.08,-27.03,1.082,0.002,420,6.31,15.03
5,BUW,bottom,coarse,3,B5,216,4.225,,0.756,41.45,54.84,-0.88,-26.92,0.366,-0.88,0.366,0.000,7.6,0.0,-0.7,1.08,-26.92,1.082,0.002,414,6.71,16.19
5,SCD,top,fine,3,B6,217,4.877,,1.262,44.58,35.31,516.94,-22.38,0.366,516.94,0.555,0.189,12.6,23.8,1885.3,1.08,-22.38,1.087,0.007,446,29.51,66.20
5,SCD,top,coarse,3,B7,218,4.686,,1.046,45.40,43.42,260.23,-26.67,0.366,260.23,0.461,0.095,10.5,9.9,951.2,1.08,-26.67,1.082,0.002,454,8.60,18.95
5,SCD,middle,fine,3,B8,219,4.203,,1.316,45.44,34.52,323.23,-23.51,0.366,323.23,0.484,0.118,13.2,15.5,1180.6,1.08,-23.51,1.085,0.005,454,24.42,53.75
5,SCD,middle,coarse,3,B9,220,4.396,,1.010,45.89,45.43,103.30,-26.76,0.366,103.30,0.404,0.038,10.1,3.8,379.3,1.08,-26.76,1.082,0.002,459,8.24,17.95
5,SCD,bottom,fine,3,B10,221,4.315,,1.548,44.08,28.47,-3.86,-28.25,0.366,-3.86,0.365,-0.001,15.5,-0.2,-11.5,1.08,-28.25,1.080,0.000,441,0.72,1.63
5,SCD,bottom,coarse,3,B11,222,4.282,,0.725,41.87,57.74,-0.78,-26.51,0.366,-0.78,0.366,0.000,7.3,0.0,-0.3,1.08,-26.51,1.082,0.002,419,8.66,20.69
5,SCW,top,fine,3,B12,223,4.905,,1.313,43.43,33.09,400.57,-25.63,0.366,400.57,0.512,0.146,13.1,19.2,1462.1,1.08,-25.63,1.083,0.003,434,13.20,30.38
,,,,,,,,PEACH,2.987,44.85,15.02,1.67,-25.83,0.366,1.67,0.367,0.001,29.9,0.3,8.6,1.08,-25.83,1.083,0.003,449,12.67,28.25
5,SCW,top,coarse,3,C1,224,4.204,,1.066,46.68,43.80,123.13,-28.67,0.366,123.13,0.411,0.045,10.7,4.8,451.7,1.08,-28.67,1.080,0.000,467,-1.40,-3.01
5,SCW,middle,fine,3,C2,225,4.187,,1.431,42.34,29.58,537.74,-23.14,0.366,537.74,0.562,0.196,14.3,28.1,1961.0,1.08,-23.14,1.086,0.006,423,24.48,57.82
5,SCW,middle,coarse,3,C3,226,4.539,,1.115,42.95,38.53,596.39,-22.42,0.366,596.39,0.583,0.217,11.1,24.2,2174.1,1.08,-22.42,1.087,0.007,429,28.21,65.69
5,SCW,bottom,fine,3,C4,227,4.316,,1.373,42.86,31.21,0.36,-28.82,0.366,0.36,0.366,0.000,13.7,0.1,3.8,1.08,-28.82,1.080,0.000,429,-1.99,-4.63
5,SCW,bottom,coarse,3,C5,228,4.175,,1.152,41.69,36.18,1.26,-25.99,0.366,1.26,0.367,0.001,11.5,0.1,7.1,1.08,-25.99,1.083,0.003,417,11.03,26.45
5,SUD,top,fine,3,C6,229,4.803,,1.361,43.92,32.28,501.61,-24.43,0.366,501.61,0.549,0.183,13.6,24.9,1829.6,1.08,-24.43,1.084,0.004,439,19.18,43.66
5,SUD,top,coarse,3,C7,230,4.138,,0.992,47.17,47.56,323.32,-27.25,0.366,323.32,0.484,0.118,9.9,11.7,1181.0,1.08,-27.25,1.081,0.001,472,5.95,12.62
5,SUD,middle,fine,3,C8,231,4.535,,1.213,43.71,36.04,614.96,-22.75,0.366,614.96,0.590,0.224,12.1,27.2,2241.5,1.08,-22.75,1.086,0.006,437,27.13,62.06
5,SUD,middle,coarse,3,C9,232,4.434,,0.954,44.67,46.81,233.14,-26.52,0.366,233.14,0.451,0.085,9.5,8.1,852.6,1.08,-26.52,1.082,0.002,447,9.23,20.67
5,SUD,bottom,fine,3,C10,233,4.129,,1.494,40.78,27.29,-0.56,-27.94,0.366,-0.56,0.366,0.000,14.9,0.0,0.5,1.08,-27.94,1.081,0.001,408,2.05,5.03
5,SUD,bottom,coarse,3,C11,234,4.414,,1.119,41.74,37.30,2.57,-26.08,0.366,2.57,0.367,0.001,11.2,0.1,11.9,1.08,-26.08,1.083,0.003,417,10.64,25.48
5,SUW,top,fine,3,C12,235,4.855,,1.220,43.52,35.67,397.25,-26.56,0.366,397.25,0.511,0.145,12.2,17.7,1450.0,1.08,-26.56,1.082,0.002,435,8.76,20.13
,,,,,,,,PEACH,2.954,46.24,15.65,1.83,-25.82,0.366,1.83,0.367,0.001,29.5,0.3,9.2,1.08,-25.82,1.083,0.003,462,13.12,28.37
5,SUW,top,coarse,3,D1,236,4.034,,1.119,45.67,40.81,216.14,-31.21,0.366,216.14,0.445,0.079,11.2,8.8,790.6,1.08,-31.21,1.077,-0.003,457,-14.15,-30.98
5,SUW,middle,fine,3,D2,237,4.344,,1.317,40.11,30.45,881.21,-20.83,0.366,881.21,0.687,0.321,13.2,42.3,3207.9,1.08,-20.83,1.088,0.008,401,33.38,83.20
5,SUW,middle,coarse,3,D3,238,4.195,,0.920,42.95,46.67,912.85,-23.61,0.366,912.85,0.698,0.332,9.2,30.6,3322.6,1.08,-23.61,1.085,0.005,430,22.60,52.62
5,SUW,bottom,fine,3,D4,239,4.274,,1.326,43.74,32.98,3.23,-31.98,0.366,3.23,0.367,0.001,13.3,0.2,14.3,1.08,-31.98,1.076,-0.004,437,-17.25,-39.45
5,SUW,bottom,coarse,3,D5,240,4.928,,0.704,39.97,56.77,18.25,-27.23,0.366,18.25,0.373,0.007,7.0,0.5,69.1,1.08,-27.23,1.081,0.001,400,5.13,12.85
6,BCD,top,fine,3,D6,241,3.999,ikke flere rødder,1.047,42.98,41.07,5.29,-28.43,0.366,5.29,0.368,0.002,10.5,0.2,21.8,1.08,-28.43,1.080,0.000,430,-0.17,-0.39
6,BCD,top,coarse,3,D7,242,3.794,ikke flere rødder,2.181,45.46,20.85,2.05,-29.33,0.366,2.05,0.367,0.001,21.8,0.2,10.0,1.08,-29.33,1.079,-0.001,455,-4.68,-10.30
6,BCD,middle,fine,3,D8,243,4.316,,1.278,39.33,30.78,445.87,-23.23,0.366,445.87,0.529,0.163,12.8,20.8,1626.9,1.08,-23.23,1.086,0.006,393,22.34,56.80
6,BCD,bottom,fine,3,D9,245,4.075,,1.217,38.34,31.50,0.27,-28.16,0.366,0.27,0.366,0.000,12.2,0.0,3.5,1.08,-28.16,1.080,0.000,383,1.02,2.65
6,BCD,bottom,coarse,3,D10,246,4.144,,0.559,41.44,74.11,0.18,-27.11,0.366,0.18,0.366,0.000,5.6,0.0,3.2,1.08,-27.11,1.081,0.001,414,5.85,14.11
6,BCW,top,fine,3,D11,247,4.764,ikke flere rødder,0.600,42.42,70.70,1145.12,-28.05,0.366,1145.12,0.782,0.416,6.0,25.0,4163.8,1.08,-28.05,1.080,0.000,424,1.63,3.84
6,BCW,top,coarse,3,D12,248,4.341,,1.167,41.49,35.56,305.17,-22.72,0.366,305.17,0.477,0.111,11.7,13.0,1114.9,1.08,-22.72,1.086,0.006,415,25.87,62.35
,,,,,,,,PEACH,2.823,51.21,18.14,1.77,-26.33,0.366,1.77,0.367,0.001,28.2,0.3,9.0,1.08,-26.33,1.082,0.002,512,11.63,22.71
6,BCW,middle,fine,3,E1,249,4.268,korrekt vægt?,1.021,43.76,42.87,318.89,-27.13,0.366,318.89,0.482,0.116,10.2,11.9,1164.8,1.08,-27.13,1.081,0.001,438,6.10,13.94
6,BCW,middle,coarse,3,E2,250,4.928,,0.787,40.90,51.95,45.96,-26.48,0.366,45.96,0.383,0.017,7.9,1.3,170.2,1.08,-26.48,1.082,0.002,409,8.62,21.08
6,BCW,bottom,fine,3,E3,251,4.471,,0.680,25.01,36.76,3.75,-28.25,0.366,3.75,0.368,0.002,6.8,0.1,16.2,1.08,-28.25,1.080,0.000,250,0.40,1.60
6,BUD,top,fine,3,E4,253,4.147,,0.882,41.54,47.12,2536.37,-17.77,0.366,2536.37,1.283,0.917,8.8,80.9,9172.9,1.08,-17.77,1.092,0.012,415,48.53,116.84
6,BUD,top,coarse,3,E5,254,4.162,,1.079,41.06,38.07,401.16,-24.32,0.366,401.16,0.512,0.146,10.8,15.8,1464.3,1.08,-24.32,1.084,0.004,411,18.39,44.80
6,BUD,middle,fine,3,E6,255,4.013,,0.934,39.02,41.79,494.00,-24.60,0.366,494.00,0.546,0.180,9.3,16.8,1802.0,1.08,-24.60,1.084,0.004,390,16.27,41.70
6,BUD,middle,coarse,3,E7,256,4.341,,1.026,39.41,38.43,49.01,-26.26,0.366,49.01,0.384,0.018,10.3,1.9,181.3,1.08,-26.26,1.082,0.002,394,9.25,23.47
6,BUD,bottom,fine,3,E8,257,4.269,,1.029,39.04,37.95,1.61,-27.07,0.366,1.61,0.367,0.001,10.3,0.1,8.4,1.08,-27.07,1.081,0.001,390,5.70,14.60
6,BUD,bottom,coarse,3,E9,258,4.742,,0.901,41.15,45.67,0.73,-26.54,0.366,0.73,0.367,0.001,9.0,0.0,5.2,1.08,-26.54,1.082,0.002,412,8.42,20.45
6,BUW,top,fine,3,E10,259,1.554,ikke flere rødder,0.891,38.36,43.04,1574.46,-15.53,0.366,1574.46,0.937,0.571,8.9,50.9,5715.0,1.08,-15.53,1.094,0.014,384,54.27,141.48
6,BUW,top,coarse,3,E11,260,4.806,,1.962,41.92,21.36,148.43,-25.23,0.366,148.43,0.420,0.054,19.6,10.7,543.9,1.08,-25.23,1.083,0.003,419,14.58,34.77
6,BUW,middle,fine,3,E12,261,4.179,,1.611,40.87,25.36,568.96,-23.17,0.366,568.96,0.573,0.207,16.1,33.4,2074.4,1.08,-23.17,1.086,0.006,409,23.50,57.48
,,,,,,,,PEACH,2.235,39.13,17.50,3.04,-26.21,0.366,3.04,0.367,0.001,22.4,0.3,13.6,1.08,-26.21,1.082,0.002,391,9.39,23.99
6,BUW,middle,coarse,3,F1,262,4.225,,1.797,44.78,24.93,597.03,-20.58,0.366,597.03,0.584,0.218,18.0,39.1,2176.4,1.08,-20.58,1.089,0.009,448,38.46,85.89
6,BUW,bottom,fine,3,F2,263,4.196,,1.017,41.18,40.49,6.73,-28.36,0.366,6.73,0.369,0.003,10.2,0.3,27.1,1.08,-28.36,1.080,0.000,412,0.15,0.37
6,BUW,bottom,coarse,3,F3,264,3.8,ikke flere rødder,1.191,46.64,39.16,-4.97,-27.47,0.366,-4.97,0.364,-0.002,11.9,-0.2,-15.6,1.08,-27.47,1.081,0.001,466,4.76,10.20
6,SCD,top,fine,3,F4,265,4.945,,1.416,44.62,31.50,196.30,-27.56,0.366,196.30,0.438,0.072,14.2,10.2,718.3,1.08,-27.56,1.081,0.001,446,4.08,9.14
6,SCD,top,coarse,3,F5,266,4.1,,1.000,46.56,46.58,33.06,-29.59,0.366,33.06,0.378,0.012,10.0,1.2,123.2,1.08,-29.59,1.079,-0.001,466,-6.11,-13.13
6,SCD,middle,fine,3,F6,267,4.259,,1.402,42.49,30.31,518.54,-22.93,0.366,518.54,0.555,0.189,14.0,26.5,1891.2,1.08,-22.93,1.086,0.006,425,25.54,60.10
6,SCD,middle,coarse,3,F7,268,4.28,,0.990,45.33,45.77,387.70,-26.40,0.366,387.70,0.508,0.142,9.9,14.0,1415.3,1.08,-26.40,1.082,0.002,453,9.95,21.95
6,SCD,bottom,fine,3,F8,269,4.346,,1.292,41.37,32.02,0.95,-27.88,0.366,0.95,0.367,0.001,12.9,0.1,6.0,1.08,-27.88,1.081,0.001,414,2.33,5.62
6,SCD,bottom,coarse,3,F9,270,4.74,,0.895,40.53,45.28,1.61,-26.66,0.366,1.61,0.367,0.001,9.0,0.1,8.4,1.08,-26.66,1.082,0.002,405,7.73,19.07
6,SCW,top,fine,3,F10,271,4.152,,1.222,45.92,37.57,306.06,-27.52,0.366,306.06,0.478,0.112,12.2,13.7,1118.1,1.08,-27.52,1.081,0.001,459,4.44,9.68
6,SCW,top,coarse,3,F11,272,4.531,,0.971,46.11,47.47,171.74,-29.12,0.366,171.74,0.429,0.063,9.7,6.1,628.8,1.08,-29.12,1.079,-0.001,461,-3.66,-7.93
6,SCW,middle,fine,3,F12,273,4.136,,1.326,44.99,33.92,582.52,-24.12,0.366,582.52,0.578,0.212,13.3,28.2,2123.7,1.08,-24.12,1.085,0.005,450,21.14,46.99
,,,,,,,,PEACH,2.844,50.95,17.91,2.16,-26.22,0.366,2.16,0.367,0.001,28.4,0.3,10.4,1.08,-26.22,1.082,0.002,510,12.18,23.91
6,SCW,middle,coarse,3,G1,274,4.25,,1.292,44.21,34.22,135.75,-26.90,0.366,135.75,0.416,0.050,12.9,6.4,497.6,1.08,-26.90,1.082,0.002,442,7.29,16.48
6,SCW,bottom,fine,3,G2,275,4.338,,1.105,40.56,36.72,4.80,-28.64,0.366,4.80,0.368,0.002,11.0,0.2,20.0,1.08,-28.64,1.080,0.000,406,-1.10,-2.72
6,SCW,bottom,coarse,3,G3,276,4.655,,0.994,40.69,40.94,2.41,-27.01,0.366,2.41,0.367,0.001,9.9,0.1,11.3,1.08,-27.01,1.082,0.002,407,6.19,15.21
6,SUD,top,fine,3,G4,277,4.575,,1.156,43.82,37.90,304.11,-27.04,0.366,304.11,0.477,0.111,11.6,12.8,1111.0,1.08,-27.04,1.081,0.001,438,6.53,14.90
6,SUD,top,coarse,3,G5,278,4.103,,1.056,46.05,43.62,324.73,-27.40,0.366,324.73,0.485,0.119,10.6,12.5,1186.1,1.08,-27.40,1.081,0.001,461,5.02,10.90
6,SUD,middle,fine,3,G6,279,4.424,,1.274,41.29,32.40,234.33,-27.02,0.366,234.33,0.452,0.086,12.7,10.9,856.9,1.08,-27.02,1.082,0.002,413,6.25,15.14
6,SUD,middle,coarse,3,G7,280,4.074,,0.957,45.20,47.22,319.25,-27.74,0.366,319.25,0.483,0.117,9.6,11.2,1166.2,1.08,-27.74,1.081,0.001,452,3.27,7.22
6,SUD,bottom,fine,3,G8,281,4.532,,1.071,40.22,37.54,-0.62,-28.60,0.366,-0.62,0.366,0.000,10.7,0.0,0.3,1.08,-28.60,1.080,0.000,402,-0.91,-2.27
6,SUD,bottom,coarse,3,G9,282,4.671,,0.747,39.93,53.45,1.82,-26.31,0.366,1.82,0.367,0.001,7.5,0.1,9.2,1.08,-26.31,1.082,0.002,399,9.17,22.98
6,SUW,top,fine,3,G10,283,4.915,,1.340,44.12,32.91,123.43,-26.83,0.366,123.43,0.411,0.045,13.4,6.1,452.7,1.08,-26.83,1.082,0.002,441,7.58,17.19
6,SUW,top,coarse,3,G11,284,4.286,,1.077,45.59,42.34,37.07,-28.51,0.366,37.07,0.380,0.014,10.8,1.5,137.8,1.08,-28.51,1.080,0.000,456,-0.57,-1.25
6,SUW,middle,fine,3,G12,285,4.502,,1.492,44.33,29.71,562.91,-22.17,0.366,562.91,0.571,0.205,14.9,30.6,2052.4,1.08,-22.17,1.087,0.007,443,30.34,68.45
6,SUW,middle,coarse,3,H1,286,4.061,,1.165,45.67,39.20,218.93,-26.03,0.366,218.93,0.446,0.080,11.6,9.3,800.8,1.08,-26.03,1.083,0.003,457,11.89,26.05
6,SUW,bottom,fine,3,H2,287,4.519,,1.295,41.95,32.40,-1.18,-28.07,0.366,-1.18,0.366,0.000,12.9,0.0,-1.8,1.08,-28.07,1.080,0.000,419,1.51,3.59
6,SUW,bottom,coarse,3,H3,288,4.593,,0.860,41.01,47.70,-2.37,-27.16,0.366,-2.37,0.365,-0.001,8.6,-0.1,-6.1,1.08,-27.16,1.081,0.001,410,5.55,13.54
,,,,,,,,,,,,,,,,,,,,,,,,,,,
